nombre,lat,lon,riesgo
AEROPUERTO LA GREDA,10.1558,-70.0761,1
ALCALDIA CATEDRAL,10.0738,-69.31,1
ALDEA BOLIVARIANA - LA PAZ,9.55168,-70.4606,1
ALDEA UNIVERSITARIA BOLIVARIANA MISION SUCRE,10.163,-68.5652,1
ALDEA UNIVERSITARIA CORONELA MANUELITA SAENZ,10.4667,-66.6168,1
ALDEA UNIVERSITARIA METROPOLITANA DE ACARIGUA-ARAURE,9.5637,-69.2107,1
ALDEA UNIVERSITARIA MISION SUCRE COCOROTE,10.319,-68.7847,1
ALDEA UNIVERSITARIA MISION SUCRE INDEPENDENCIA,10.324,-68.7338,1
ALDEA UNIVERSITARIA NUEVA LUCHA FUNDACION MISION SUCRE,10.7301,-71.7246,1
AMBULATORIO ALFALLANOS,9.22096,-66.0006,1
AMBULATORIO ASISTENCIAL PASTOR OROPEZA (CLARET),10.0663,-69.2993,1
AMBULATORIO DOCTOR ANGEL LARRALDE,10.3339,-67.0911,1
AMBULATORIO PUEBLO NUEVO,10.0559,-69.3682,1
AMBULATORIO RURAL I SANTA ISABEL,10.0593,-69.3754,1
AMBULATORIO URBANIZACION EL CORIANO,10.0251,-69.4203,1
AMBULATORIO URBANO TIPO 1 DOCTOR ANGEL GUEDES,10.4653,-66.8639,1
ANEXO DEL INSTITUTO UNIVERSITARIO DE TECNOLOGIA INDUSTRIAL RODOLFO LOERO ARISMENDI (IUTIRLA),10.6019,-66.9335,1
ANEXO UNIDAD EDUCATIVA ESTADO NUEVA ESPARTA,10.4725,-64.1536,1
ASILO DE ANCIANOS,9.56302,-69.212,1
ASILO DE ANCIANOS SAN VICENTE DE PAUL,10.4539,-64.1833,1
ASOCIACION DESARROLLO INTEGRAL COMUNITARIO,10.4374,-66.8794,1
ASOCIACION MONSEÑOR SALAS,9.21626,-65.9902,1
ATENEO DE BOCONO,9.24624,-70.2737,1
ATENEO DE CABUDARE,10.0328,-69.2643,1
ATENEO LOS TEQUES ANTIGUA QUINTA SAN JOSE,10.3468,-67.0411,1
AULAS ANEXAS EDELMIRA LOBO,8.55887,-71.2531,1
BACHILLER EGIDIO MONTESINOS,10.6153,-71.6565,1
BIBLIOTECA ANDRES ELOY BLANCO,8.62942,-70.2121,1
BIBLIOTECA JOSE FELIX RIBAS,10.4843,-66.7963,1
BIBLIOTECA MAHATMA GANDHI,10.0913,-69.3119,1
BIBLIOTECA MISIA INFANTE,10.4769,-66.807,1
BIBLIOTECA PUBLICA CAMPO RICO,10.4822,-66.8168,1
BIBLIOTECA PUBLICA DOCTOR RAUL LEONI,10.4645,-66.8307,1
BIBLIOTECA PUBLICA JULIAN PADRON,9.73271,-63.1761,1
BIBLIOTECA PUBLICA PAUL HARRIS,10.4803,-66.8209,1
BIBLIOTECA PUBLICA PILOTO LA URBINA,10.4977,-66.7792,1
BIBLIOTECA PUBLICA PRESBITERO JUAN BAUTISTA SOLERI,7.81992,-72.2242,1
BIBLIOTECA PUBLICA SIMON BOLIVAR,9.07519,-62.0655,1
C.E.I  EL ARAGUANEY,9.5724,-69.2,1
CAMARA DE INDUSTRIALES DEL ESTADO BOLIVARIANO DE MIRANDA,10.4826,-66.8463,1
CANCHA ASOCIACION DE VECINOS URBANIZACION EL LLANITO,10.4658,-66.8069,1
CANCHA DEL BARRIO METROPOLITANO,10.4965,-66.7937,1
CANCHA TECHADA EL ESCARABAJO II,10.0302,-69.359,1
CANCHA TECHADA JOSE GREGORIO HERNANDEZ II,10.0366,-69.3837,1
CANCHA TECHADA JOSE LEONARDO RUIZ PINEDA,10.0408,-69.3854,1
CANCHA TECHADA LA BOMBILLA SECTOR 3,10.4901,-66.7949,1
CANCHA TECHADA LA LAGUNITA,10.0786,-69.3024,1
CASA BOLIVARIANA DE LA MUJER LA CONSTITUYENTE,9.75056,-63.1174,1
CASA COMUNAL,9.06064,-62.053,1
CASA COMUNAL (AMBIENTE ROBINSON),10.0706,-69.3777,1
CASA COMUNAL ALCABALA,10.494,-66.8014,1
CASA COMUNAL ANTONIO JOSE DE SUCRE,10.4961,-66.7943,1
CASA COMUNAL CARIBE II SECTOR II,10.0276,-69.4054,1
CASA COMUNAL EL CAIMITO,10.6067,-66.8468,1
CASA COMUNAL LA ANTENA,10.0848,-69.3448,1
CASA COMUNAL LA HACIENDA,10.0467,-69.2597,1
CASA COMUNAL LA NUEVA PAZ,10.0439,-69.4059,1
CASA COMUNAL PINAL II PARTE ALTA,10.4643,-66.6156,1
CASA COMUNAL URBANIZACION NUEVA SEGOVIA,10.0614,-69.2946,1
CASA COMUNITARIA JULIAN BLANCO,10.4907,-66.7905,1
CASA CUNA PETARE,10.4766,-66.8071,1
CASA DE ABRIGO DOCTOR FORTUNATO ORELLANA,10.0645,-69.3409,1
CASA DE ABRIGO JOSE MERCEDES SANTELIZ,9.76806,-63.1402,1
CASA DE LA CULTURA ARMANDO REVERON,10.4647,-66.7642,1
CASA DE LA CULTURA CANTARRANA,10.4313,-64.1338,1
CASA DE LA CULTURA DEL PASO ALI LANDAETA,10.3535,-67.0618,1
CASA DE LA CULTURA FRANCISCO LAZO MARTÍ,8.93337,-67.4283,1
CASA DE LA CULTURA JOSE FELIX RIBAS,10.4885,-66.7985,1
CASA DE LA CULTURA JUAN FERMIN MILLAN,10.9946,-63.8339,1
CASA DE LA CULTURA LORENZO RUBIN ZAMORA,9.20491,-66.0001,1
CASA DE LA CULTURA PUEBLO DE LA MAR RAMON VASQUEZ BRITO,10.9721,-63.8354,1
CASA DE LA CULTURA SAN PEDRO,10.4705,-66.5422,1
CASA DE LA CULTURA UBALDO LIRA,10.4768,-66.8058,1
CASA DE LOS NIÑOS DELTANOS,9.0725,-62.0676,1
CASA DE LOS NIÑOS LOS PIRINEOS,7.7712,-72.2213,1
CASA DE LOS NIÑOS WANADI CENTRO RECREATIVO,5.65967,-67.6153,1
CASA DE NIÑOS MARIA EVA DE LISCANO,9.73433,-63.1857,1
CASA DE SALUD,9.04779,-69.7472,1
CASA DE TODOS Y JUSTICIA DE PAZ,10.4338,-66.8758,1
CASA DEL ABUELO,10.0477,-69.3519,1
CASA DEL NIÑO Y ADOLESCENTE  TRABAJADOR EL MILAGRO,9.30586,-70.6004,1
CASA HOGAR  DOCTOR LUIS LIZARRAGA,10.3347,-68.7383,1
CASA PARROQUIAL DE GUATIRE,10.4714,-66.5408,1
CASA PARROQUIAL ZORCA SAN ISIDRO,7.80422,-72.262,1
CASA SINDICAL,10.0788,-69.3312,1
CASA SINDICAL LUIS MORENO,10.4727,-66.5434,1
CASA TALLER LUISA CACERES DE ARISMENDI,10.4566,-66.6142,1
CEI LAS ESPERANZAS,9.24241,-70.277,1
CENTRO  INICIAL  BOLIVARIANO CAMINO NUEVO,10.075,-69.1424,1
CENTRO (MOVIL) SECTOR SANTA EDUVIGES,10.5942,-66.996,1
CENTRO AMBULATORIO DOCTOR DILIO SEQUERA PERAZA IVSS,10.5055,-66.8943,1
CENTRO CIVICO MANUEL RAMOS MARCOS,10.4547,-66.8274,1
CENTRO COMUNAL GUARENAS,10.467,-66.6202,1
CENTRO COMUNITARIO C E N C O N,10.4779,-66.8009,1
CENTRO COMUNITARIO DE PROTECCION Y DESARROLLO ESTUDIANTIL,10.0868,-69.3381,1
CENTRO COMUNITARIO LA FLORIDA,9.13074,-62.0697,1
CENTRO CULTURAL DALIA FERNANDEZ,10.5638,-71.6587,1
CENTRO CULTURAL MAGO,10.4557,-66.621,1
CENTRO CULTURAL MIGUEL PARRA,10.4708,-66.6137,1
CENTRO DE ATENCION INTEGRAL,9.04503,-69.7257,1
CENTRO DE ATENCION INTEGRAL AL CIUDADANO,10.4862,-66.7491,1
CENTRO DE BELLAS ARTES AMANDA MUÑOZ,9.0542,-69.7314,1
CENTRO DE DESARROLLO DESTREZAS COGNITIVAS TIERNO AMANECER,10.0824,-69.2911,1
CENTRO DE EDUC. ESPECIAL AMAZONAS,5.66707,-67.6279,1
CENTRO DE EDUCACION  INICIAL BOLIVARIANO  IGNACIO GREGORIO MENDEZ,10.3273,-68.7443,1
CENTRO DE EDUCACION  INICIAL YURUBI,10.3449,-68.7538,1
CENTRO DE EDUCACION INCIAL FRANCISCO JAVIER USTARIZ,10.1485,-68.5695,1
CENTRO DE EDUCACIÓN INCIAL MOISES Y LUISA ZISMAN,10.085,-69.3172,1
CENTRO DE EDUCACION INFANTIL MIGUEL SUNIAGA,10.6289,-71.6712,1
CENTRO DE EDUCACION INICIAL   NACIONAL ANGELITOS NEGRO,10.6542,-71.6002,1
CENTRO DE EDUCACION INICIAL  25 DE MAYO,8.64054,-70.2325,1
CENTRO DE EDUCACION INICIAL  BOLIVARIANO LA PEÑITA,10.1672,-68.8932,1
CENTRO DE EDUCACION INICIAL  BOLIVARIANO MANUEL CEDEÑO.,10.0828,-69.1284,1
CENTRO DE EDUCACION INICIAL  CONVENCIONAL DOCTOR RUBEN VILLALBA,10.3289,-68.7471,1
CENTRO DE EDUCACION INICIAL  NIÑO VENEZOLANO,8.60312,-70.1941,1
CENTRO DE EDUCACION INICIAL  VARYNA,8.61305,-70.1955,1
CENTRO DE EDUCACIÓN INICIAL ALBORADA,9.28392,-70.6289,1
CENTRO DE EDUCACIÓN INICIAL ALTO DE LOS GODOS 2,9.72936,-63.1951,1
CENTRO DE EDUCACIÓN INICIAL ALTO DE LOS GODOS I,9.73207,-63.1973,1
CENTRO DE EDUCACION INICIAL AMOR Y ALEGRIA,10.5559,-71.6481,1
CENTRO DE EDUCACION INICIAL ANDRES BELLO,10.1447,-68.5651,1
CENTRO DE EDUCACION INICIAL ANTONIO JOSE DE SUCRE,9.5325,-69.2184,1
CENTRO DE EDUCACIÓN INICIAL BACHILLER JOSÉ JOAQUÍN DE LEÓN,10.9505,-63.8563,1
CENTRO DE EDUCACION INICIAL BATALLA DE PICHINCHA,10.4762,-64.164,1
CENTRO DE EDUCACION INICIAL BOLIVARIANO  LA MORITA,10.3225,-68.7831,1
CENTRO DE EDUCACIÓN INICIAL BOLIVARIANO CECILIA NÚÑEZ SUCRE,9.75746,-63.1528,1
CENTRO DE EDUCACION INICIAL BOLIVARIANO EL ESTADIUM,10.163,-68.8952,1
CENTRO DE EDUCACION INICIAL BOLIVARIANO JACINTO LARA I,10.098,-69.3272,1
CENTRO DE EDUCACION INICIAL BOLIVARIANO JESUS MILLAN,10.0839,-69.1159,1
CENTRO DE EDUCACION INICIAL BOLIVARIANO JESUS MILLAN NUCLEO EL PEGON,10.0808,-69.1297,1
CENTRO DE EDUCACION INICIAL BOLIVARIANO LAS GRANJITAS,9.91143,-68.3106,1
CENTRO DE EDUCACION INICIAL BOLIVARIANO LAS TAPIAS I,10.3389,-68.7205,1
CENTRO DE EDUCACION INICIAL BOLIVARIANO LAS TAPIAS II,10.3404,-68.7358,1
CENTRO DE EDUCACION INICIAL BOLIVARIANO MARIA DOLORES MOSQUERA,10.076,-69.1416,1
CENTRO DE EDUCACION INICIAL BOLIVARIANO MIGUEL ANGEL GRANADOS,10.1536,-68.5695,1
CENTRO DE EDUCACION INICIAL BOLIVARIANO PEGUAIMA,10.1489,-68.9006,1
CENTRO DE EDUCACION INICIAL BOLIVARIANO REINA BARRETO,9.32787,-70.5973,1
CENTRO DE EDUCACION INICIAL BOLIVARIANO ROMULO GALLEGOS,9.56104,-69.1817,1
CENTRO DE EDUCACION INICIAL BOLIVARIANO SABANITA,10.0692,-69.102,1
CENTRO DE EDUCACION INICIAL BOLIVARIANO SAN GERONIMO,10.3809,-68.71,1
CENTRO DE EDUCACION INICIAL BOLIVARIANO SIMONCITO EL PAUJI,10.3288,-68.7743,1
CENTRO DE EDUCACION INICIAL BOLIVARIANO SIMONCITO JEAN PIAGET,10.0295,-69.3619,1
CENTRO DE EDUCACION INICIAL BOLIVARIANO SIMONCITO POZO DE LA VACA,10.1674,-68.5693,1
CENTRO DE EDUCACION INICIAL BOLIVARIANO STTE CARLOS A. COLMENAREZ YANEZ,10.3498,-68.7245,1
CENTRO DE EDUCACION INICIAL BRISA MAR,10.4312,-64.1391,1
CENTRO DE EDUCACION INICIAL BRISAS DEL ZULIA,10.5712,-71.6371,1
CENTRO DE EDUCACION INICIAL CANDIDO SÁNCHEZ,10.9615,-63.8349,1
CENTRO DE EDUCACION INICIAL CECILIA BAZAN DE SEGURA,10.1629,-68.8951,1
CENTRO DE EDUCACION INICIAL CENTENARIO ANDRES ELOY BLANCO,10.4494,-64.1461,1
CENTRO DE EDUCACION INICIAL CREACION EL MUCHACHITO,10.0806,-69.3102,1
CENTRO DE EDUCACION INICIAL CREACION FE Y ALEGRIA,10.4452,-64.1829,1
CENTRO DE EDUCACION INICIAL CUERPO DE BOMBEROS,10.3293,-68.7531,1
CENTRO DE EDUCACION INICIAL DON GERMAN PRADO GOMEZ,10.1005,-69.3136,1
CENTRO DE EDUCACIÓN INICIAL DOÑA FAUSTINA SAEZ DE ALFARO,9.74671,-63.1443,1
CENTRO DE EDUCACION INICIAL DR ANDRES ELOY BLANCO,10.0659,-69.372,1
CENTRO DE EDUCACION INICIAL DRA CLEMENTE BUSTAMANTE,10.0944,-69.2759,1
CENTRO DE EDUCACION INICIAL EL LIBERTADOR,10.0765,-69.3216,1
CENTRO DE EDUCACIÒN INICIAL EL PAUJIL,9.65003,-68.571,1
CENTRO DE EDUCACION INICIAL EL RETAZO,9.66097,-68.5909,1
CENTRO DE EDUCACION INICIAL ELVIRA PARILLI DE SENIOR,10.4665,-66.7866,1
CENTRO DE EDUCACION INICIAL ESTADAL DOCTOR AGUSTIN ZUBILLAGA,10.0309,-69.3637,1
CENTRO DE EDUCACION INICIAL ESTADAL EZEQUIEL ZAMORA,10.4801,-66.8052,1
CENTRO DE EDUCACION INICIAL FRANCOISE LABECA,10.1543,-68.8942,1
CENTRO DE EDUCACION INICIAL GABRIELA MISTRAL,10.3388,-67.0335,1
CENTRO DE EDUCACION INICIAL GENERAL RAFAEL URDANETA,10.6247,-71.6791,1
CENTRO DE EDUCACION INICIAL HAIDEE RAMIREZ,10.0494,-69.3454,1
CENTRO DE EDUCACION INICIAL HEROES DE AYACUCHO,9.7208,-63.201,1
CENTRO DE EDUCACION INICIAL HIGUERON.,10.3372,-68.7243,1
CENTRO DE EDUCACION INICIAL INDEPENDENCIA,10.328,-68.7504,1
CENTRO DE EDUCACION INICIAL INTEGRAL SIMONCITO CARLOS JOSE MUJICA,10.1507,-68.8982,1
CENTRO DE EDUCACION INICIAL IRAMA MARTINEZ DE ORTA,10.4532,-66.616,1
CENTRO DE EDUCACION INICIAL IRMA SAEZ MERIDA DE GRISANTI,9.73954,-63.2009,1
CENTRO DE EDUCACION INICIAL JARDIN INICIAL PRISCILO VELIZ,10.1757,-70.0749,1
CENTRO DE EDUCACION INICIAL JOSE DE LOS SANTOS PEREIRA,9.92198,-67.3767,1
CENTRO DE EDUCACION INICIAL JOSE FELIX RIBAS,10.0801,-69.3604,1
CENTRO DE EDUCACION INICIAL JOSE GREGORIO BASTIDAS,10.1043,-69.2744,1
CENTRO DE EDUCACION INICIAL LA LAGUNITA,10.9728,-63.9769,1
CENTRO DE EDUCACION INICIAL LA LLANADA,10.4237,-64.1859,1
CENTRO DE EDUCACION INICIAL LLANADA III,10.4239,-64.1847,1
CENTRO DE EDUCACION INICIAL LOMAS VERDES,10.0744,-69.2761,1
CENTRO DE EDUCACION INICIAL LOS CREPUSCULOS,10.0811,-69.3624,1
CENTRO DE EDUCACION INICIAL LOS ROSALES,10.0844,-69.1204,1
CENTRO DE EDUCACION INICIAL MAESTRA BELEN SAN JUAN,10.9489,-63.8704,1
CENTRO DE EDUCACIÓN INICIAL MANUELA ALVAREZ DE SOSA,10.4723,-66.9,1
CENTRO DE EDUCACION INICIAL MANUELA ALVAREZ DE SOSA II,10.4727,-66.8989,1
CENTRO DE EDUCACION INICIAL MANUELA ALVAREZ SOSA I,10.4726,-66.8993,1
CENTRO DE EDUCACION INICIAL MANUELITA SAENZ,10.0704,-69.3248,1
CENTRO DE EDUCACION INICIAL MARIA DE LA CONCEPCION PALACIOS Y BLANCO,9.92274,-68.3369,1
CENTRO DE EDUCACION INICIAL MARIA EDILIA VALERO,10.4834,-66.8897,1
CENTRO DE EDUCACION INICIAL MARIA GUEVARA,10.9432,-63.9672,1
CENTRO DE EDUCACION INICIAL MARIA PEREIRA DE DAZA,10.0825,-69.3024,1
CENTRO DE EDUCACION INICIAL MARIA TERESA DEL TORO,10.0862,-69.35,1
CENTRO DE EDUCACION INICIAL MARTHA LAMAS DE RENGEL,9.72726,-63.2529,1
CENTRO DE EDUCACION INICIAL MI FLORECITA,7.84212,-67.5143,1
CENTRO DE EDUCACION INICIAL MI PAPAGAYO VOLADOR,10.0599,-69.3279,1
CENTRO DE EDUCACION INICIAL MICAELA ESCALONA,10.0893,-69.3402,1
CENTRO DE EDUCACION INICIAL MIRANDA PRECURSOR,10.0785,-69.3325,1
CENTRO DE EDUCACIÓN INICIAL MONTAÑA ALTA,10.3588,-67.0047,1
CENTRO DE EDUCACION INICIAL MUNICIPAL EL CARMEN,10.4208,-66.8706,1
CENTRO DE EDUCACION INICIAL NACIONAL EL LLANITO,10.4687,-66.807,1
CENTRO DE EDUCACION INICIAL NACIONAL JACINTO LARA,10.4933,-66.8053,1
CENTRO DE EDUCACIÓN INICIAL NACIONAL RAYITO DE SOL,9.6658,-68.6037,1
CENTRO DE EDUCACION INICIAL NEGRA HIPOLITA,10.0279,-69.43,1
CENTRO DE EDUCACION INICIAL PRE-ESCOLAR CINTHIA ROSEMBERG,10.4855,-66.8098,1
CENTRO DE EDUCACION INICIAL PREESCOLAR REPUBLICA DEL BRASIL,9.91217,-67.3532,1
CENTRO DE EDUCACION INICIAL PROFESOR BERNARDO ACOSTA,11.007,-63.7994,1
CENTRO DE EDUCACION INICIAL RAFAEL ANTONIO REYES ZUMETA,10.3268,-68.7463,1
CENTRO DE EDUCACION INICIAL REPUBLICA DE NICARAGUA,10.3402,-68.7364,1
CENTRO DE EDUCACION INICIAL ROMULO GALLEGOS,10.0271,-69.4069,1
CENTRO DE EDUCACION INICIAL SAN JUAN DE LA CRUZ,10.0799,-69.3068,1
CENTRO DE EDUCACIÓN INICIAL SAN JUDAS TADEO,9.72709,-63.2421,1
CENTRO DE EDUCACION INICIAL SAN RAMON,9.68247,-68.5873,1
CENTRO DE EDUCACION INICIAL SANTIAGO MARINO,10.9441,-63.9498,1
CENTRO DE EDUCACION INICIAL SIMON RODRIGUEZ,10.1593,-70.0834,1
CENTRO DE EDUCACION INICIAL SIMONCITO ANDRES BELLO,10.9586,-63.8682,1
CENTRO DE EDUCACIÓN INICIAL SIMONCITO AZUL Y VIENTO,10.9629,-63.8532,1
CENTRO DE EDUCACION INICIAL SIMONCITO BOLIVARIANO MARISCAL DE AYACUCHO,7.77102,-72.2077,1
CENTRO DE EDUCACION INICIAL SIMONCITO JUAN BAUTISTA GARCIA ROA,7.76191,-72.2416,1
CENTRO DE EDUCACIÓN INICIAL SIMONCITO SAN ANTONIO,10.9601,-63.9113,1
CENTRO DE EDUCACIÓN INICIAL SIMONCITO VIRGEN DEL VALLE,10.9572,-63.8614,1
CENTRO DE EDUCACION INICIAL SIMONCITO VIRGILIO PINZON,7.79604,-72.2174,1
CENTRO DE EDUCACION INICIAL TARABAY,7.80253,-72.2668,1
CENTRO DE EDUCACION INICIAL TEODORO MENDEZ,10.0734,-69.323,1
CENTRO DE EDUCACION INICIAL TERESA DE LA PARRA,10.4641,-66.6048,1
CENTRO DE EDUCACION INICIAL VALLE DE LAS FLORES,10.3439,-68.7513,1
CENTRO DE EDUCACION INICIAL VENEZUELA,9.5599,-69.1952,1
CENTRO DE EDUCACION INICIAL VIRGEN DEL VALLE,10.6464,-63.2871,1
CENTRO DE EDUCACION INICIAL YNES MERCEDES SALAZAR DE RONDON,10.9733,-63.978,1
CENTRO DE EDUCACIÓN INICIAL ZULIA,10.5524,-71.6657,1
CENTRO DE EDUCACION INICIALJOSE FELIX RIBAS,10.0283,-69.3792,1
CENTRO DE EDUCACION INTEGRAL RAFAEL QUEVEDO URBINA,9.32826,-70.586,1
CENTRO DE EDUCACION INTEGRAL RÓMULO GALLEGOS,9.33632,-70.6023,1
CENTRO DE EDUCACON INTEGRAL  NIRGUA,10.1565,-68.5733,1
CENTRO DE ESPECIALIDADES LUISA ROMERO,10.6007,-67.0272,1
CENTRO DE ESPECIALIZACION LUISA CACERES DE ARISMENDI,10.033,-69.2623,1
CENTRO DE FORMACION FAMILAR CRISTO REY,7.88849,-67.4863,1
CENTRO DE FORMACION INDUSTRIAL (INCE),10.082,-69.344,1
CENTRO DE FORMACIÓN INDUSTRIAL DEL ESTE INCES,10.4779,-66.7952,1
CENTRO DE FORMACION INTEGRAL PARA EL TRABAJO,9.72536,-63.2057,1
CENTRO DE FORMACION SOCIAL  PABLO VI,10.3506,-68.7501,1
CENTRO DE FORMACION SOCIALISTA CABIMAS,10.404,-71.4601,1
CENTRO DE FORMACION SOCIALISTA INCES TURISMO GUARAGUAO,10.9526,-63.8465,1
CENTRO DE FORMACION SOCIALISTA LOS RUICES,10.4895,-66.8271,1
CENTRO DE FORMACION TECNICA SOCIALISTA DOCTOR LUIS BELTRAN PRIETO FIGUEROA,7.76056,-72.236,1
CENTRO DE INCIACION MARIA ROSARIO CAMPOS,10.6159,-71.6646,1
CENTRO DE NIÑO Y FAMILIA AGUSTIN SALAZAR,9.75345,-63.1281,1
CENTRO DE ORIENTACION Y EDUCACION COMUNITARIA,10.486,-66.8026,1
CENTRO DE PARTICIPACION COMUNITARIA CENTRO PARTICIPACION COMUNITARIA,10.0305,-69.3618,1
CENTRO DE PARTICIPACION LOS MANGOS,10.0179,-69.216,1
CENTRO DE PREVENCION INTEGRAL PANCHITO MANDEFUA(CASA DEL NIÑO TRABAJADOR),10.4656,-64.1758,1
CENTRO DE RECREACION EDUCATIVA ROSALIA,9.52954,-69.2019,1
CENTRO DE SERVICIO SOCIAL MADRE CANDELARIA,9.8649,-66.3518,1
CENTRO DE SERVICIO SOCIAL RESIDENCIAL Y AMBULATORIO DOCTOR MARCOS SERRES PADILLA,9.7607,-63.1559,1
CENTRO DE VOTACION BRISAS DE VENEZUELA,9.7007,-63.2089,1
CENTRO DE VOTACION EL SOBERANO,9.7234,-63.2086,1
CENTRO DE VOTACION JUVENTUD,9.75016,-63.1225,1
CENTRO DE VOTACION LOS CAPACHOS,9.76085,-63.1157,1
CENTRO DE VOTACION SAGRADO CORAZON DE JESUS II,9.7038,-63.2058,1
CENTRO DE VOTACION VILLA NUEVA,10.5513,-71.6459,1
CENTRO DEL NIÑO Y LA FAMILIA BOLIVARIANO BELLOS HORIZONTES,9.7224,-63.1594,1
CENTRO DEL NIÑO Y LA FAMILIA BOLIVARIANO NUEVO HORIZONTE,9.71371,-63.2146,1
CENTRO DEL NIÑO Y LA FAMILIA BOLIVARIANO PRADO DEL SUR,9.72346,-63.1825,1
CENTRO DEPORTIVO EUGENIO MENDOZA,10.5002,-66.8533,1
CENTRO DIAGNOSTICO INTEGRAL LOS OLIVOS,10.06,-69.3807,1
CENTRO EDUCACION INICIAL ANDRES ELOY BLANCO (ANEXO),10.4585,-64.1862,1
CENTRO EDUCACION INICIAL BOLIVARIANO TOVAR Y TOVAR,10.3164,-68.7844,1
CENTRO EDUCACION INICIAL DOÑA MENCA DE LEONI,10.0948,-69.2779,1
CENTRO EDUCACIÓN INICIAL GUAYACAN DE LAS FLORES LOCAL N° 03,10.6338,-63.2637,1
CENTRO EDUCACION INICIAL NACIONAL BOLIVARIANA FILOMENA DE CORONEL,10.3521,-67.0381,1
CENTRO EDUCACION INICIAL NACIONAL PEDRO ZARAZO,10.4679,-66.8013,1
CENTRO EDUCACION INICIAL SIMONCITO DURIGUA,9.5581,-69.1819,1
CENTRO EDUCACION INTEGRAL ANDRES ELOY BLANCO,10.4757,-64.173,1
CENTRO EDUCATIVO ASOCIACION PROFESORES UNIVERSIDAD CENTRAL DE VENEZUELA  (CEAPUCV),10.4751,-66.8811,1
CENTRO EDUCATIVO BOLIVARIANO INICIAL LOS LAURELES,9.88844,-67.3633,1
CENTRO EDUCATIVO INICIAL ANTONIO JOSE DE SUCRE,10.0788,-69.3325,1
CENTRO EDUCATIVO INTEGARL BOLIVARIANO SANTIAGO MACHADO,10.5046,-66.8818,1
CENTRO EDUCATIVO RECREACION JACINTO LARA,10.0313,-69.4035,1
CENTRO EDUCATIVO RECREACIONAL LUISA CACERES DE ARISMENDI,10.4899,-66.8018,1
CENTRO ESCOLAR AULA NUEVA,10.4616,-66.834,1
CENTRO INFANTIL AMERICA,10.4675,-66.8378,1
CENTRO INFANTIL PRESBITERO LISANDRO PUCHE,10.615,-71.6458,1
CENTRO MARITIMO DE VENEZUELA,10.4733,-66.7637,1
CENTRO MEDICO CARLOS DIEZ DEL INSTITUTO VENEZOLANO DE SEGURO SOCIAL CHACAO,10.4959,-66.8552,1
CENTRO MOVIL CASA DE LA CULTURA DE TANAGUERENA,10.6098,-66.8269,1
CENTRO MUNICIPAL DE ATENCION INTEGRAL (CEMAI) EL RECREO,10.5054,-66.8699,1
CENTRO NACIONAL DE PROCESADOS MILITARES,10.3546,-67.05,1
CENTRO NACIONAL EDUCATIVO CRUZ FIGUERA,9.71051,-63.2087,1
CENTRO PENITENCIARIO REGIÓN INSULAR,10.9614,-63.9069,1
CENTRO PRE ESCOLAR ANDRES BELLO,9.57775,-69.2398,1
CENTRO PRE ESCOLAR AÑO INTERNACIONAL DEL NIÑO,9.53723,-69.2197,1
CENTRO PRE ESCOLAR BARAURE III,9.58217,-69.2037,1
CENTRO PRE ESCOLAR BOLIVARIANO SIMON RODRIGUEZ,10.015,-69.4734,1
CENTRO PRE-ESCOLAR ABIERTO ANDRES BELLO,9.22587,-66.0162,1
CENTRO PRE-ESCOLAR EL VALLE,10.4644,-66.9068,1
CENTRO PRE-ESCOLAR SIMON BOLIVAR,10.0426,-69.3984,1
CENTRO PREESCOLAR AÑO INTERNACIONAL DEL NIÑO,9.91616,-67.3658,1
CENTRO PREESCOLAR DON SIMON RODRIGUEZ,10.058,-69.3598,1
CENTRO PREESCOLAR EDUCATIVO  PADRE LUIS ANTONIO ORMIERES,9.7328,-63.205,1
CENTRO PREESCOLAR EDUCATIVO AÑO INTERNACIONAL DEL NIÑO NUCLEO OLGA DE BRUGUERA,9.90193,-67.3756,1
CENTRO PREESCOLAR MADRE TERESA DE CALCUTA,10.067,-69.3487,1
CENTRO PRESCOLAR MARACAIBO,10.6529,-71.6812,1
CENTRO UNIFICADO ANZOATEGUI,9.9141,-68.3099,1
CENTRO VENEZOLANO AMERICANO,10.4859,-66.8657,1
CENTROS DE ESTUDIOS CECILIO ACOSTA,10.4808,-66.8207,1
CICLO  DIVERSIFICADO DANIEL FLORENCIO  OLEARY,8.63013,-70.2103,1
CICLO BASICO ANIBAL ROJAS PEREZ,9.06319,-62.0548,1
CICLO BASICO CARACCIOLO PARRA OLMEDO,8.56003,-71.1968,1
CICLO BASICO CARLOS GAUNA,10.3593,-67.0061,1
CICLO BASICO COMBINADO DOCTOR FELIX SATURNINO ARISA,9.036,-69.7687,1
CICLO BASICO COMUN JULIO ROSALES,10.346,-67.0411,1
CICLO BASICO CONCENTRADO RAFAEL MONASTERIOS,10.0608,-69.3272,1
CICLO BASICO EZEQUIEL BUJANDA,10.0534,-69.3397,1
CICLO BASICO FEDERICO CARMONA,10.0718,-69.2973,1
CICLO BASICO FELIX GONZALEZ LAMEDA,10.0659,-69.3044,1
CICLO BASICO INDUSTRIAL AUGUSTO MALAVE VILLALBA,10.0318,-69.3625,1
CICLO BASICO INDUSTRIAL LARA,10.0778,-69.3257,1
CICLO BASICO JOAQUIN CRESPO,8.91261,-67.4388,1
CICLO BASICO JOSE ANONIO CHAVEZ,10.5171,-71.6407,1
CICLO BASICO LUIS BARRIOS CRUZ,9.9206,-67.3782,1
CICLO BASICO PADRE DE LAS CASAS,10.0607,-69.3628,1
CICLO COMBINADO 5 DE DICIEMBRE,9.53702,-69.2059,1
CICLO COMBINADO COTO PAUL,10.0821,-69.3053,1
CICLO COMBINADO EDUARDO CHOLET,9.55382,-69.1871,1
CICLO COMBINADO HILARION LOPEZ,9.57291,-69.2109,1
CICLO COMBINADO JOSE ANTONIO PAEZ,9.55621,-69.2,1
CICLO COMBINADO JOSE VICENTE DE UNDA,9.03834,-69.7417,1
CICLO COMBINADO JUAN PABLO PEREZ GRATEROL,9.5617,-69.2167,1
CICLO DIVERCIFICADO CARLOS EMILIO MUÑOZ ORAA,9.04091,-69.7604,1
CICLO DIVERSIFICADO  MANUEL PALACIO  FAJARDO,8.63921,-70.2392,1
CICLO DIVERSIFICADO ELEAZAR LOPEZ CONTRERAS,7.78707,-72.2342,1
CICLO DIVERSIFICADO JOSE LAURENCIO SILVA,9.9143,-68.3156,1
CIUDAD DE LOS MUCHACHOS FE Y ALEGRIA,10.4599,-66.6026,1
CLUB URBANIZACION EL TREBOL,10.4234,-66.8366,1
COLEGIO  SANTA ROSA DE LIMA,10.4688,-66.8595,1
COLEGIO ADVENTISTA ANDRES BELLO,9.04129,-69.7515,1
COLEGIO ALA BLANCA,10.4906,-66.8338,1
COLEGIO AMBROSIO PLAZA,10.3408,-67.0413,1
COLEGIO AMERICO VESPUCIO,10.498,-66.8318,1
COLEGIO ARMANDO REVERON,10.4789,-66.8046,1
COLEGIO BOLIVARIANO DOCTOR ARTURO USLAR PIETRI,9.72673,-63.1941,1
COLEGIO CIENCIAS DEL MAR,10.6089,-67.0134,1
COLEGIO CIUDAD CASARAPA,10.456,-66.6013,1
COLEGIO CRISTO REY,10.4798,-66.887,1
COLEGIO CRUZ CARRILLO,10.4979,-66.8116,1
COLEGIO DE FARMACEUTICOS DISTRITO METROPOLITANO DE CARACAS  Y EL ESTADO MIRANDA,10.4709,-66.8592,1
COLEGIO DE INGENIEROS DEL ESTADO LARA,10.0595,-69.3515,1
COLEGIO DE MEDICOS DEL DISTRITO METROPOLITANO DE CARACAS,10.4655,-66.8693,1
COLEGIO DULCE NOMBRE DE JESUS,10.477,-66.8092,1
COLEGIO EL BUEN CONSEJO,10.3717,-66.9489,1
COLEGIO ELENA DE BUENO,10.502,-66.8298,1
COLEGIO ENMANUEL. BARQUISIMETO,10.0597,-69.3334,1
COLEGIO FE Y ALEGRIA,10.4744,-66.8018,1
COLEGIO FRANCIA,10.4915,-66.8317,1
COLEGIO FRAY BUENA VENTURA BENAUCAZ,7.84808,-67.516,1
COLEGIO GRAN MARISCAL DE AYACUCHO,9.5654,-69.2122,1
COLEGIO ILUSTRE AMERICANO,10.3423,-67.0385,1
COLEGIO INTERNACIONAL DE CARACAS,10.4517,-66.86,1
COLEGIO JESUS MAESTRO,10.4869,-66.7979,1
COLEGIO JOSE DE JESUS AROCHA,10.4769,-66.8064,1
COLEGIO JUAN XXIII,10.4787,-66.8987,1
COLEGIO LA CONCORDIA,10.4826,-66.8805,1
COLEGIO LA EPIFANIA,10.6631,-71.6339,1
COLEGIO LOS CORALES 2006,10.6165,-66.8551,1
COLEGIO MADRE DEL DIVINO PASTOR,10.4959,-66.8066,1
COLEGIO MADRE EMILIA,10.4951,-66.831,1
COLEGIO MADRE MARIA,10.0541,-69.3392,1
COLEGIO MANUEL MUNOZ TEBAR,10.4879,-66.8132,1
COLEGIO MANUEL PIAR,10.4773,-66.8136,1
COLEGIO MARIA AUXILIADORA,10.4947,-66.825,1
COLEGIO MARIA INMACULADA,10.4961,-66.8305,1
COLEGIO MARIA S DE OQUENDO,10.5807,-71.6342,1
COLEGIO MARIA SANTISIMA,10.038,-69.2431,1
COLEGIO MASTER-DEY,10.369,-66.9571,1
COLEGIO MATER SALVATORI,10.4854,-66.8655,1
COLEGIO MONSEÑOR PEDRO FELIPE MONTES DE OCA,10.1695,-70.0918,1
COLEGIO N SRA DEL ROSARIO,8.55906,-71.2007,1
COLEGIO NACIONAL DE PERIODISTAS,10.0588,-69.3526,1
COLEGIO NUESTRA SE/ORA DEL CARMEN,10.4665,-64.1713,1
COLEGIO NUESTRA SEÑORA DE BELEN,8.59878,-71.1382,1
COLEGIO NUESTRA SEÑORA DE FATIMA,10.3364,-67.036,1
COLEGIO NUESTRA SEÑORA DE GUADALUPE,10.493,-66.8771,1
COLEGIO NUESTRA SEÑORA DE LA CONSOLACION DE TARIBA,7.81739,-72.227,1
COLEGIO NUESTRA SEÑORA DE LA COROMOTO,8.93355,-67.4277,1
COLEGIO NUESTRA SEÑORA DE LA GUIA,10.4795,-66.8208,1
COLEGIO NUESTRA SEÑORA DEL CARMEN,10.3389,-67.0412,1
COLEGIO NUESTRA SEÑORA DEL ROSARIO,10.1634,-70.0755,1
COLEGIO NUESTRA SEÑORA DEL VALLE,9.21344,-66.0132,1
COLEGIO PABLO VI,10.0708,-69.2804,1
COLEGIO PACAIRIGUA,10.4655,-66.5197,1
COLEGIO PACARIGUA II,10.4873,-66.5311,1
COLEGIO PARROQUIAL  JESUS MARIA MARRERO,10.4706,-66.6211,1
COLEGIO PATRIA,10.4994,-66.8304,1
COLEGIO PRESBISTERIANO EL DIVINO SALVADOR,10.0774,-69.319,1
COLEGIO PRESIDENTE KENNEDY,10.4939,-66.7902,1
COLEGIO PRIVADO JARDIN FRANCISCANO,8.60396,-71.1229,1
COLEGIO PRIVADO LAS FUENTES,10.0842,-69.2769,1
COLEGIO PRIVADO NUESTRA SEÑORA DE LOURDES,9.05597,-69.7328,1
COLEGIO PRIVADO ROMULO GALLEGOS,8.59723,-71.6893,1
COLEGIO PROMESAS PATRIAS,10.485,-66.8714,1
COLEGIO RODRIGUEZ PAZ,10.5077,-66.8359,1
COLEGIO ROMULO BETANCOURT,10.4635,-66.521,1
COLEGIO SAGRADA FAMILIA,9.05996,-62.0502,1
COLEGIO SAGRADO CORAZON DE JESUS,10.3413,-67.044,1
COLEGIO SAN AGUSTIN,10.487,-66.8176,1
COLEGIO SAN ANTONIO DE LAS HERMANAS DE STA ANA.,10.6331,-71.6576,1
COLEGIO SAN JOSE,10.4623,-66.508,1
COLEGIO SAN JOSE DE LA SIERRA,8.60442,-71.1394,1
COLEGIO SAN LAZARO,10.4788,-66.8932,1
COLEGIO SAN MARTIN DE PORRES,10.4582,-66.5414,1
COLEGIO SAN NICOLAS DE BARI,10.4643,-66.5859,1
COLEGIO SAN PEDRO,10.4841,-66.8914,1
COLEGIO SAN PIO X,8.54642,-71.2411,1
COLEGIO SAN PIO X (B),8.54628,-71.2413,1
COLEGIO SANTA ANGELA,10.6614,-71.6336,1
COLEGIO SANTA CATERINA DE SIENA,10.478,-66.8914,1
COLEGIO SANTA LUCIA,10.0807,-69.1289,1
COLEGIO SANTA MONICA,10.4797,-66.8922,1
COLEGIO SANTA RITA,10.6279,-71.6425,1
COLEGIO SANTO ANGEL DE LA GUARDA,9.55488,-69.2135,1
COLEGIO SANTO DOMINGO DE GUZMAN,10.4873,-66.8607,1
COLEGIO SANTO TOMAS DE VILLANUEVA,10.4836,-66.867,1
COLEGIO SCHONTHAL,10.5037,-66.8442,1
COLEGIO UNIVERSITARIO  MONSEÑOR DE TALAVERA,10.5011,-66.8546,1
COLEGIO UNIVERSITARIO DE LOS TEQUES CECILIO ACOSTA,10.3467,-67.0278,1
COLEGIO UNIVERSITARIO FERMIN TORO,9.04976,-69.726,1
COLEGIO UNIVERSITARIO FERMÍN TORO,9.57569,-69.2173,1
COLEGIO UNIVERSITARIO PROFESOR LORENZO PEREZ RODRIGUEZ,10.4925,-66.8081,1
COLEGIO VILLA HEROICA,10.4653,-66.529,1
COLEGIO YALE,10.4719,-66.8234,1
COMEDOR DE LA FORTALEZA CASA BOLIVARIANA,10.4775,-66.8015,1
COMEDOR ESCOLAR ANTONIO RAMIREZ,10.0591,-69.2706,1
COMEDOR POPULAR MONSEÑOR MEJIAS,9.313,-70.6116,1
COMISIONADURIA GENERAL DE SALUD,10.3433,-68.7369,1
COMPLEJO COMUNITARIO CHIRGUA 4,10.085,-69.2854,1
COMPLEJO CULTURAL OTO RODRIGUEZ,9.21902,-66.0096,1
COMPLEJO EDUCATIVO  ANGEL DE LA GUARDA FE Y ALEGRÍA,9.75541,-63.13,1
COMPLEJO EDUCATIVO ALIRIO GOITIA ARAUJO,7.88374,-67.4691,1
COMPLEJO EDUCATIVO COLEGIO AMERICANO,10.4514,-66.8587,1
COMPLEJO EDUCATIVO ESTADAL ROSA ADELA DE HERNÁNDEZ,9.74927,-63.2024,1
COMPLEJO EDUCATIVO NACIONAL  LA CARBONERA,9.738,-63.2183,1
COMPLEJO EDUCATIVO NACIONAL ANDRES BELLO,9.77012,-63.1375,1
COMPLEJO EDUCATIVO NACIONAL FRANCISCO VERDE,9.70735,-63.2151,1
COMPLEJO EDUCATIVO NACIONAL JOSE ANGEL MEZA VERDE,9.71778,-63.1998,1
COMPLEJO EDUCATIVO NACIONAL LEONARDO INFANTE,9.73924,-63.1569,1
COMPLEJO EDUCATIVO NACIONAL MANOLA LUNA SILVA,9.72613,-63.2029,1
COMPLEJO EDUCATIVO NACIONAL PADRE JUAN VIVES SURIA,9.6873,-63.253,1
COMPLEJO EDUCATIVO PRIVADO INSTITUTO ESCUELA,10.4542,-66.8821,1
CONCENTRACION ESCOLAR CC-03 PALO SECO,9.05756,-67.2329,1
CONCENTRACION ESTADAL SIN NUMERO ARENALES,10.465,-66.5293,1
CONCENTRACION ESTATAL NUMERO 8 LAS MOROCHAS,10.417,-66.2483,1
CONCENTRACION GUACARAPA,10.4556,-66.6295,1
CONCENTRACION RURAL BOLIVARIANA COLINA DEL ANGEL,10.3345,-67.0904,1
CONCENTRADA ESCOLAR LEONCIO MARTINEZ,8.58906,-61.6279,1
CONCENTRADA ESTADAL SIN NUMERO LA MARTURETERA,10.4096,-66.2346,1
COOPERATIVA 12 DE OCTUBRE,10.4849,-66.8026,1
COOPERATIVA ZONA 3,10.4821,-66.7978,1
DEPOSITO MINISTERIO DE SANIDAD,9.086,-62.0921,1
DR. JOSE IGNACIO BALDO SOULES,10.6329,-71.6756,1
E. NACIONAL DON BOSCO,10.6847,-71.6024,1
EBB LUIS HOMEZ,10.6466,-71.6866,1
EDIFICIO NACIONAL,7.76531,-72.236,1
EDUCACION INICIAL NACIONAL EL LIBERTADOR,9.74301,-63.1999,1
ESC BAS JUAN DE ARCO,8.56203,-71.173,1
ESC BAS MONSEOR JAUREGUI,8.56337,-71.232,1
ESC BASICA SAN JOSE,7.87718,-67.4714,1
ESC NAC JUAN GUILLERMO IRIBARREN,10.1022,-69.3342,1
ESCUELA  BASICA  ANATOLIO VIVAS SALAMANCA,9.92256,-68.3012,1
ESCUELA  BASICA  ANGEL MARIA LIZAUZABA,9.88054,-68.4513,1
ESCUELA  BASICA  CREACION SAN CARLOS,9.66309,-68.5782,1
ESCUELA  BASICA  CRISTINA DE BOCANEY,9.93375,-68.2985,1
ESCUELA  BASICA  ELEAZAR ALMARAT,9.66587,-68.5718,1
ESCUELA  BASICA  ELOY GUILLERMO  GONZALEZ,9.6607,-68.5927,1
ESCUELA  BASICA  FRANCISCO JOSE SANDOVAL,9.83571,-68.346,1
ESCUELA  BASICA  JOSE FRANCISCO AROCHA,9.90742,-68.2804,1
ESCUELA  BASICA  JULIO ESCALONA,9.67269,-68.5844,1
ESCUELA  BASICA  LIGIA CADENA  DE ALVARADO,9.89145,-68.3288,1
ESCUELA  BASICA  MARIA  DE  ALBORNOZ,9.65851,-68.6081,1
ESCUELA  BASICA  NACIONAL BOLIVARIANA DR GUSTAVO RISQUEZ,10.6652,-71.5957,1
ESCUELA  BASICA  NACIONAL CONCENTRADA LA QUEVEDA,7.77571,-71.1753,1
ESCUELA  BASICA  NACIONAL JACINTO REGINO PACHANO MUÑOZ,10.6019,-71.6671,1
ESCUELA  BASICA  ORTENCIA DE GARMENDIA,9.9081,-68.3134,1
ESCUELA  BASICA  PREBISTERO LUIS MARIA  SUCRE,9.91951,-68.3151,1
ESCUELA  BASICA 15 DE ENERO,10.6137,-71.6424,1
ESCUELA  BASICA ALEJANDRO FEBRES,9.64728,-68.5942,1
ESCUELA  BASICA BALMIRA VILLEGAS,9.91607,-68.3037,1
ESCUELA  BASICA BOLIVARIANA  PADRE DELGADO,10.5759,-71.6432,1
ESCUELA  BASICA BOLIVARIANA CARLOS VILORIO,9.66648,-68.5872,1
ESCUELA  BASICA CAMPO ELIAS,8.5463,-71.2462,1
ESCUELA  BASICA ELOY JOSE ORTEGA PEREZ,9.89211,-68.3261,1
ESCUELA  BASICA ESTADAL DOCTOR JESUS ENRIQUE LOSSADA,10.5685,-71.6479,1
ESCUELA  BASICA FILOMENA DAVILA,8.58431,-71.1536,1
ESCUELA  BASICA GONZALO PICON FEBRES,8.57743,-71.1633,1
ESCUELA  BASICA GRAN MARISCAL DE AYACUCHO,8.54791,-71.2432,1
ESCUELA  BASICA JESUS MARTIN LEON,9.92012,-68.3115,1
ESCUELA  BASICA MAESTRO LUIS BELTRAN PRIETO FIGUEROA,10.6888,-71.6305,1
ESCUELA  BASICA NUMERO  90,9.90794,-68.2449,1
ESCUELA  BASICA PRIMARIA BOLIVARIANA BOMPLAND,10.4036,-71.4605,1
ESCUELA  BASICA RAFAEL ANTONIO GODOY,8.58733,-71.1523,1
ESCUELA  BASICA UNITARIA NUMERO 61-249,9.93695,-68.2856,1
ESCUELA  BASICA ZUMBA,8.55977,-71.2096,1
ESCUELA  BOLIVARIANA EL BANCO DE MAPURITE,9.59373,-68.7042,1
ESCUELA  BOLIVARIANA INDEPENDENCIA II,8.6136,-70.2303,1
ESCUELA  BOLIVARIANA JOSE ANTONIO  ANZOATEGUI,9.91549,-68.3094,1
ESCUELA  BOLIVARIANO EL MACOYAL,9.59318,-70.4728,1
ESCUELA  ESTADAL  CONCENTRADA  NUMERO  134,9.87859,-68.3991,1
ESCUELA  ESTADAL  CONCENTRADA  NUMERO  154,9.91901,-68.433,1
ESCUELA  ESTADAL CONCENTRADA  NUMERO 168 TAMANACO,9.91924,-68.3329,1
ESCUELA  GRADUADA  MARIA CLEMENCIA DE GUERRA,9.68372,-68.6155,1
ESCUELA  INTEGRAL BOLIVARIANA  LAS CAOBAS,10.1481,-68.6108,1
ESCUELA  MUNICIPAL MONSEÑOR LUCAS GUILLERMO CASTILLO,10.4351,-66.8711,1
ESCUELA  ROCA VIVA,10.4583,-66.8034,1
ESCUELA  SOCIAL DE AVANZADA  BELLO MONTE,10.4192,-71.4531,1
ESCUELA  SOCIAL DE AVANZADA 19 DE ABRIL,10.5882,-71.6306,1
ESCUELA  SOCIAL DE AVANZADA JOSEFA DE MORALES,10.5767,-71.617,1
ESCUELA  TECNICA  INDUSTRAL  EZEQUIEL ZAMORA,8.62955,-70.2279,1
ESCUELA  UNITARIA  COMPLETA NUMERO  44-120,9.91036,-68.1797,1
ESCUELA 5 DE JULIO,8.3543,-70.5822,1
ESCUELA AC-24 CAMBURITO,9.90074,-67.4405,1
ESCUELA AEROPUERTO,8.23532,-70.8165,1
ESCUELA ANA MARIA CAMPOS,10.4137,-71.4364,1
ESCUELA ANDRES BELLO,9.16246,-61.9503,1
ESCUELA ANDRES ELOY BLANCO,9.03374,-69.7457,1
ESCUELA ANTONIO JOSE DE SUCRE,9.17002,-62.1516,1
ESCUELA ARTES PLASTICAS CRISTOBAL ROJAS,8.6313,-70.2086,1
ESCUELA ARTESANAL ESTADAL MARIA TERESA DEL TORO,10.6235,-71.6359,1
ESCUELA ARTESANAL NACIONAL EL PILAR,10.6247,-71.6428,1
ESCUELA BASCA MARIO BRICEÑO IRAGORRI,10.2242,-68.8727,1
ESCUELA BASICA  BOLIVARIANA INDEPENDENCIA,10.3284,-68.7502,1
ESCUELA BASICA  CACIQUE PARAMACONI,9.72802,-63.2356,1
ESCUELA BASICA  EDUARDO NOGUERA,9.94227,-68.2761,1
ESCUELA BASICA  GABRIEL PICON GONZALEZ,8.59404,-71.1453,1
ESCUELA BASICA  JUANAPARO,7.96085,-67.6249,1
ESCUELA BASICA  LA BLANQUERA,9.65343,-68.5708,1
ESCUELA BASICA  MARIA LEONOR DE SALAS,10.1947,-68.8771,1
ESCUELA BASICA  NACIONAL  EL MOLINO,8.62422,-70.2365,1
ESCUELA BASICA  PROFESOR JUAN DE DIOS MUÑOZ,7.81115,-72.4437,1
ESCUELA BASICA 10 DE DICIEMBRE,8.56658,-71.2026,1
ESCUELA BASICA 12 DE FEBRERO,8.61604,-71.66,1
ESCUELA BASICA 13 DE JUNIO,9.56467,-69.2179,1
ESCUELA BASICA 15 DE ENERO,8.59949,-70.2372,1
ESCUELA BASICA 18 DE MAYO,9.69707,-63.6149,1
ESCUELA BASICA 24 DE JULIO,9.53689,-69.2177,1
ESCUELA BASICA 5 DE DICIEMBRE,9.52119,-69.2031,1
ESCUELA BASICA ABELARDO MENDEZ,9.87033,-66.3523,1
ESCUELA BASICA ALBERTO ARVELO  TORREALBA,8.23139,-70.8253,1
ESCUELA BASICA ALBERTO LEVY MORA,9.54015,-69.2041,1
ESCUELA BASICA ALBERTO RAVELL,9.689,-63.6079,1
ESCUELA BASICA ALI PRIMERA,9.58448,-69.2443,1
ESCUELA BASICA ALTAGRACIA,9.86158,-66.3674,1
ESCUELA BASICA AMADIO MARQUEZ,9.06038,-69.7096,1
ESCUELA BASICA AMADO GONZALEZ,8.59418,-71.1605,1
ESCUELA BASICA AMALIA DE LARA,9.90413,-67.37,1
ESCUELA BASICA AMERICA YUDITH IBARRA,10.0697,-69.1016,1
ESCUELA BASICA ANA DE ROMERO,8.35627,-70.5927,1
ESCUELA BASICA ANA DE ZAMBRANO ROA,9.04075,-69.7429,1
ESCUELA BASICA ANA ELISA LOPEZ,10.3327,-68.7493,1
ESCUELA BASICA ANA SUSANA DE OUSSET,9.56188,-69.1965,1
ESCUELA BASICA ANDRES BELLO,8.6161,-71.6649,1
ESCUELA BASICA ANDRES ELOY BLANCO,5.66904,-67.6201,1
ESCUELA BÁSICA ANEXA PEDRO ARNAL,10.4466,-64.1803,1
ESCUELA BASICA ANGELICA DE FERMIN,9.07764,-62.0659,1
ESCUELA BASICA ANTONIO JOSE DE SUCRE,9.73462,-63.2124,1
ESCUELA BASICA ANTONIO PINTO SALINAS,10.0828,-69.0429,1
ESCUELA BASICA APOLONIA PALAVICINI,10.3809,-68.71,1
ESCUELA BASICA ARGENIS GRATEROL,10.1547,-70.0755,1
ESCUELA BASICA ARMANDO CASTILLO PLAZA,10.4762,-66.8161,1
ESCUELA BASICA ARNOLDO JOSE PERAZA,9.0274,-69.7663,1
ESCUELA BASICA ARQUIDIOCESANA DON CECILIO ACOSTA,10.5593,-71.6731,1
ESCUELA BASICA ARQUIDIOCESANO DIVINO NIÑO,10.5638,-71.6278,1
ESCUELA BASICA ATAPAIMA,9.66017,-69.1039,1
ESCUELA BASICA BARRIO NUEVO,10.4678,-66.7935,1
ESCUELA BÁSICA BARRIO NUEVO,9.31285,-70.6202,1
ESCUELA BASICA BATALLA DE CARABOBO,9.52633,-69.2042,1
ESCUELA BASICA BICENTENARIO JOSE ANTONIO PAEZ,10.5699,-71.6466,1
ESCUELA BASICA BOLIVARIANA   LUIS AGUSTIN DALO,8.1761,-70.8446,1
ESCUELA BASICA BOLIVARIANA  CONCHABAMBA,8.18871,-70.7579,1
ESCUELA BASICA BOLIVARIANA  FRANCISCO ARAUJO GARCIA,10.7983,-71.7229,1
ESCUELA BASICA BOLIVARIANA ANDRES ELOY BLANCO,9.65476,-68.5743,1
ESCUELA BASICA BOLIVARIANA ANGEL MARIA GARRIDO,9.67718,-68.5905,1
ESCUELA BÁSICA BOLIVARIANA BARRANCAS,9.79918,-63.3466,1
ESCUELA BASICA BOLIVARIANA CAMPO ALEGRE,7.88042,-67.4552,1
ESCUELA BÁSICA BOLIVARIANA CARACCIOLO PARRA LEÓN,10.4724,-66.9005,1
ESCUELA BASICA BOLIVARIANA CARLOS JOSE BELLO,9.20318,-66.0013,1
ESCUELA BASICA BOLIVARIANA CARLOS TOVAR,9.658,-68.5789,1
ESCUELA BASICA BOLIVARIANA CARORA I,10.1601,-70.0849,1
ESCUELA BASICA BOLIVARIANA CORAZÓN DE JESÚS,10.4726,-64.176,1
ESCUELA BASICA BOLIVARIANA CUNAVICHITO 5,7.64363,-67.6116,1
ESCUELA BASICA BOLIVARIANA DEL ZAMURO,9.88559,-63.1632,1
ESCUELA BASICA BOLIVARIANA DESARROLLO CAMBURITO,9.57814,-69.27,1
ESCUELA BASICA BOLIVARIANA DOCTOR JOSE GREGORIO HERNANDEZ,9.60833,-68.5083,1
ESCUELA BASICA BOLIVARIANA EDUARDO MENDEZ,9.91539,-67.3729,1
ESCUELA BASICA BOLIVARIANA EL RODEO,10.5224,-71.6548,1
ESCUELA BASICA BOLIVARIANA FRANCISCO BOADAS DIAZ,11.0073,-63.9539,1
ESCUELA BASICA BOLIVARIANA FRANCISCO DE MIRANDA,9.92476,-67.3265,1
ESCUELA BASICA BOLIVARIANA GC-01 OROCOLLAL,9.92618,-66.3901,1
ESCUELA BASICA BOLIVARIANA GC-54 BOTALON,9.85938,-66.3975,1
ESCUELA BASICA BOLIVARIANA GUAYABAL,9.79928,-63.2936,1
ESCUELA BASICA BOLIVARIANA HECTOR VIDAL BENAUCO,7.84482,-67.5297,1
ESCUELA BASICA BOLIVARIANA IGINIO MORALES,9.66198,-68.584,1
ESCUELA BASICA BOLIVARIANA ILAPECA,9.70102,-63.61,1
ESCUELA BÁSICA BOLIVARIANA ISMAEL SALAZAR,9.71048,-63.3084,1
ESCUELA BASICA BOLIVARIANA LA CONCORDIA,8.6082,-70.1942,1
ESCUELA BASICA BOLIVARIANA LA MAPORA,9.67598,-68.5773,1
ESCUELA BASICA BOLIVARIANA LA SARRAPIA,9.81595,-63.161,1
ESCUELA BASICA BOLIVARIANA LAS PALMAS,8.60668,-70.2368,1
ESCUELA BASICA BOLIVARIANA LEONCIO QUINTANA,10.6106,-71.6799,1
ESCUELA BASICA BOLIVARIANA LOS MONOS,9.85648,-68.3537,1
ESCUELA BASICA BOLIVARIANA MANUELITA SAENZ,9.525,-69.2111,1
ESCUELA BASICA BOLIVARIANA NACIONAL LA ESPERANZA,10.5249,-67.1187,1
ESCUELA BASICA BOLIVARIANA NUESTRA SEÑORA DEL PILAR,9.56886,-69.2183,1
ESCUELA BASICA BOLIVARIANA ORITUCO,9.85159,-66.3809,1
ESCUELA BASICA BOLIVARIANA OSWALDO DEL NOGAL,7.88542,-67.4636,1
ESCUELA BASICA BOLIVARIANA PADRE DIEGO,10.1352,-69.5403,1
ESCUELA BASICA BOLIVARIANA PEDRO MAXIMO CAMPOS,9.75749,-63.164,1
ESCUELA BASICA BOLIVARIANA RICARDO MONTILLA,10.4645,-66.603,1
ESCUELA BASICA BOLIVARIANA SAN GERONIMO,10.3114,-68.7828,1
ESCUELA BASICA BOLIVARIANA TERESA HURTADO,7.77483,-68.2268,1
ESCUELA BASICA BOLIVARIANA VIRGEN DEL VALLE,9.79806,-63.3209,1
ESCUELA BASICA BOLIVARIANA VIRGEN MARIA,8.60452,-70.2058,1
ESCUELA BASICA BRASIL 4TO.,10.4249,-64.1782,1
ESCUELA BASICA CACIQUE ARAMARE,5.66331,-67.6175,1
ESCUELA BASICA CAMILO CONTRERAS,8.62823,-71.1441,1
ESCUELA BASICA CAMPO ELIAS (B),8.54791,-71.2415,1
ESCUELA BASICA CARDONAL SUR,10.6082,-71.6621,1
ESCUELA BÁSICA CARIPE,9.7269,-63.2545,1
ESCUELA BASICA CARLOS ALBERTO PELAYO,9.56879,-69.2221,1
ESCUELA BASICA CARMELO JOSE MUJICA,7.81193,-67.581,1
ESCUELA BASICA CARMEN DE RAMIREZ,10.3367,-68.7214,1
ESCUELA BASICA CARMEN EBELIA DOUGLAS,9.71212,-63.2532,1
ESCUELA BASICA CARMEN FERNANDEZ DE LEONI,10.0756,-69.1161,1
ESCUELA BASICA CARMEN HERNANDEZ DE MILANO,9.88559,-63.1632,1
ESCUELA BASICA CARORA,10.1827,-70.0847,1
ESCUELA BASICA CASTOR GUEVARA,9.72169,-63.2533,1
ESCUELA BASICA CC-25 SOCORRO DE PORTUGUESA,8.5787,-67.8415,1
ESCUELA BASICA CECILIA MUJICA,10.3354,-68.7371,1
ESCUELA BASICA CECILIO ACOSTA,10.3407,-68.7295,1
ESCUELA BASICA CELINA ACOSTA DE VIANA,8.91739,-67.4264,1
ESCUELA BASICA CENTURION,9.69053,-63.6167,1
ESCUELA BASICA CERRITOS BLANCOS II,10.0334,-69.3933,1
ESCUELA BASICA CIUDAD BARINAS,8.64186,-70.2244,1
ESCUELA BASICA CIUDAD BOLIVIA,8.3541,-70.5676,1
ESCUELA BASICA CIUDAD DE ACARIGUA,9.5526,-69.2032,1
ESCUELA BASICA CIUDAD DE ARAURE,9.56961,-69.2085,1
ESCUELA BASICA CIUDAD DE GUANARE,9.03858,-69.7567,1
ESCUELA BASICA CLARA MATOS ARZOLA,9.22496,-66.0165,1
ESCUELA BASICA COLINAS DEL PARAMACONI,9.7324,-63.2321,1
ESCUELA BASICA CONCENTRADA  BOCA DE ANARO NUMERO 001,7.80718,-70.2893,1
ESCUELA BASICA CONCENTRADA  EL TESORO NUMERO 185,8.3541,-70.5676,1
ESCUELA BASICA CONCENTRADA  NUMERO 206 NER -50,9.95507,-68.2468,1
ESCUELA BASICA CONCENTRADA 23-23,7.8111,-72.435,1
ESCUELA BASICA CONCENTRADA BOLIVARIANA LAS PEÑITAS,8.34531,-70.5246,1
ESCUELA BASICA CONCENTRADA DANTAS,8.6016,-71.7336,1
ESCUELA BASICA CONCENTRADA MIXTA LOS COCOS,10.6393,-63.258,1
ESCUELA BASICA CONCENTRADA NUMERO 190,9.64009,-69.3176,1
ESCUELA BASICA CONSUELO DE RODRIGUEZ,10.0818,-69.1236,1
ESCUELA BASICA CORDOBA,7.75917,-72.2376,1
ESCUELA BASICA CORONEL JOSE VICENTE PEÑA,10.0857,-69.1435,1
ESCUELA BASICA CREACION CALICANTO,10.1895,-70.0673,1
ESCUELA BASICA CREACION LAS PARCELAS,9.69853,-63.6042,1
ESCUELA BÁSICA CHIPICHIPI,10.6633,-63.2417,1
ESCUELA BASICA DANIEL CANONICO,10.0334,-69.3695,1
ESCUELA BASICA DANIEL OLEARY,7.88627,-67.4791,1
ESCUELA BASICA DC- 21 EL BOSTERO,9.39818,-66.0518,1
ESCUELA BASICA DC-08 LOS ALGODONES,9.02435,-66.1522,1
ESCUELA BASICA DC-20 EL PÁRAMO,9.34672,-66.0352,1
ESCUELA BASICA DC-9 LA PEREÑA,9.14907,-65.9609,1
ESCUELA BASICA DOCTOR CARLOS RODRIGUEZ ORTIZ,9.03063,-69.7347,1
ESCUELA BASICA DOCTOR FRANCISCO LAZO MARTI,8.94433,-67.3942,1
ESCUELA BASICA DOCTOR LEON TRUJILLO,10.32,-68.7835,1
ESCUELA BASICA DOCTOR MARCIAL HERNANDEZ (ANEXO 1),10.685,-71.6324,1
ESCUELA BASICA DOCTOR RAMON REINOSO NUEZ,8.62044,-71.1365,1
ESCUELA BASICA DOCTOR. LUIS BELTRAN PRIETO FIGUEROA,9.77746,-63.1879,1
ESCUELA BASICA DON  LINO JIMENEZ,8.64382,-70.2292,1
ESCUELA BASICA DON ANTONIO TORREALBA,9.05694,-69.7392,1
ESCUELA BASICA DON MARIANO PICON  SALAS,8.62908,-70.2305,1
ESCUELA BASICA DON ROMULO BETANCOURT,5.66099,-67.5883,1
ESCUELA BÁSICA DON RÓMULO GALLEGOS,10.4724,-64.161,1
ESCUELA BASICA DON SIMON RODRIGUEZ,9.05167,-69.7555,1
ESCUELA BASICA DOÑA MARCOLINA DE LAMUS,8.61121,-71.1441,1
ESCUELA BASICA DR. JOSE FRANCISCO TORREALBA,9.855,-66.3848,1
ESCUELA BASICA EL CALICHE,10.1297,-68.7878,1
ESCUELA BASICA EL CARMEN,10.0962,-69.3165,1
ESCUELA BÁSICA EL CHISPERO,10.3307,-64.0803,1
ESCUELA BÁSICA EL MUCO,10.6313,-63.2656,1
ESCUELA BASICA EL MUERTICO,7.84725,-67.5602,1
ESCUELA BASICA EL OBELISCO,10.07,-69.3459,1
ESCUELA BASICA EL PICACHO,10.1611,-68.6087,1
ESCUELA BASICA EL SALADO,8.57361,-71.2285,1
ESCUELA BASICA ELBA BEATRIZ RAMIREZ DE ORTEGA,7.75523,-72.2224,1
ESCUELA BASICA ELEAZAR LOPEZ CONTRERAS,8.61745,-71.1453,1
ESCUELA BASICA ELOY JACINTO DIAZ OCHOA,9.91973,-68.3333,1
ESCUELA BASICA ELOY PAREDES (B),8.57717,-71.1802,1
ESCUELA BASICA ELSA BIONDI DE RIVERO,9.79815,-63.2545,1
ESCUELA BASICA EMILIO GERONIMO GOMEZ,9.65204,-68.8138,1
ESCUELA BASICA ESTADAL  23 DE ENERO,10.7005,-71.6131,1
ESCUELA BASICA ESTADAL 24 DE JULIO (EZA),10.5528,-71.664,1
ESCUELA BASICA ESTADAL 530,9.03156,-69.7235,1
ESCUELA BASICA ESTADAL ABSALON BRACHO,10.5674,-71.6557,1
ESCUELA BASICA ESTADAL AMANDA DE JESUS BRAVO,10.6206,-71.6614,1
ESCUELA BASICA ESTADAL ANDRES ELOY BLANCO (EZA),10.6272,-71.6529,1
ESCUELA BASICA ESTADAL ANTONIO PINTO SALINAS,7.81591,-72.4392,1
ESCUELA BASICA ESTADAL ARQUIDIOCESANA PABLO SEXTO,10.5457,-71.6556,1
ESCUELA BASICA ESTADAL BOLIVARIANA LAS TUNITAS,10.5857,-67.0672,1
ESCUELA BASICA ESTADAL CARLOS LUIS RINCON LUBO,10.6682,-71.6456,1
ESCUELA BASICA ESTADAL CONCENTRADA CACHICAMO,7.46988,-71.0758,1
ESCUELA BASICA ESTADAL CONCENTRADA SURIPA ARRIBA,7.76372,-71.2838,1
ESCUELA BASICA ESTADAL DR FRANCISCO EUGENIO BUSTAMANTE,10.6717,-71.595,1
ESCUELA BASICA ESTADAL DR. PEDRO LUENGO,10.7902,-71.6859,1
ESCUELA BASICA ESTADAL EL NACIONALISTA,10.615,-71.6647,1
ESCUELA BASICA ESTADAL ELECTO DE JESUS PIÑA,10.3935,-71.4439,1
ESCUELA BASICA ESTADAL EMILCE  DE CONTRERAS,8.33285,-70.5692,1
ESCUELA BASICA ESTADAL EVELINA FERREIRA DE INCIARTE,10.6356,-71.6566,1
ESCUELA BASICA ESTADAL FVM,10.641,-71.6695,1
ESCUELA BASICA ESTADAL GUILLERMO GAMARRA MARRERO,9.03404,-69.7592,1
ESCUELA BASICA ESTADAL HORTENCIA PERAZA,9.05891,-69.7237,1
ESCUELA BASICA ESTADAL J A ROMAN VALECILLOS,10.6526,-71.6265,1
ESCUELA BASICA ESTADAL JACINTO FOMBONA PACHANO,10.6031,-67.0205,1
ESCUELA BASICA ESTADAL JOSE VARGAS,10.0298,-69.4199,1
ESCUELA BASICA ESTADAL JUAN ANTONIO ROMAN VALECILLOS (ANEXO 1),10.6526,-71.6265,1
ESCUELA BASICA ESTADAL LICECIADO REINALDO MARTINEZ,10.6232,-71.6721,1
ESCUELA BASICA ESTADAL LINO BRAVO,10.4658,-66.6378,1
ESCUELA BASICA ESTADAL LUCILA PALACIOS,10.6798,-71.6155,1
ESCUELA BASICA ESTADAL MARCO TULIO ANDRADES,10.6643,-71.6563,1
ESCUELA BASICA ESTADAL MARIA CHIQUINQUIRA BAEZ GUERRA,10.392,-71.4309,1
ESCUELA BASICA ESTADAL MARISCAL SUCRE,7.78829,-72.2232,1
ESCUELA BASICA ESTADAL NESTOR LUIS PEREZ,10.6572,-71.5994,1
ESCUELA BASICA ESTADAL ORANGEL RODRIGUEZ,10.6303,-71.6366,1
ESCUELA BASICA ESTADAL ORANGEL RODRIGUEZ (ANEXO 1),10.6308,-71.6369,1
ESCUELA BASICA ESTADAL PADRE NOGUERA,7.81842,-71.1816,1
ESCUELA BASICA ESTADAL PRESBITERO JOAQUIN PIÑA,10.6558,-71.6121,1
ESCUELA BASICA ESTADAL PRESBITERO JOAQUIN PIÑA (AN,10.6556,-71.6122,1
ESCUELA BASICA ESTADAL PROFESOR CONSUELO NAVAS TOVAR,10.6048,-71.65,1
ESCUELA BASICA ESTADAL RAFAEL ROBERTO GAVIDIA,9.05426,-69.7251,1
ESCUELA BASICA ESTADAL SIMÓN BOLÍVAR,10.4634,-66.7886,1
ESCUELA BASICA ESTADAL UNITARIA CAÑANDON ZULIA,8.17251,-71.2827,1
ESCUELA BASICA ESTADAL UNITARIA D-52 COROZALITO,8.9962,-66.108,1
ESCUELA BASICA ESTADAL UNITARIA EL HORNO,7.83527,-71.1748,1
ESCUELA BASICA ESTADAL UNITARIA SAN SEBASTIAN NUCLEO ESCOLAR RURAL 17,7.73985,-71.3669,1
ESCUELA BASICA ESTADAL VALMORE RODRIGUEZ,10.371,-71.4408,1
ESCUELA BASICA ESTADO ANZOATEGUI,10.6701,-63.4012,1
ESCUELA BÁSICA ESTADO MONAGAS,10.4647,-64.1718,1
ESCUELA BASICA ESTADO ZULIA,10.9552,-63.8536,1
ESCUELA BASICA ESTATAL EL REMOLINO,8.9181,-71.9825,1
ESCUELA BASICA ESTATAL LUIS CASTRO,10.6083,-66.8472,1
ESCUELA BASICA ESTATAL VIRGINIA DE CONTRERAS,8.59615,-70.3171,1
ESCUELA BÁSICA ETANISLAO RENDÓN,10.455,-64.1876,1
ESCUELA BASICA EUGENIA DE RODRIGUEZ,8.3541,-70.5676,1
ESCUELA BASICA EXPERIMENTAL CARMEN CABRILES,10.4695,-66.609,1
ESCUELA BASICA EZEQUIEL ZAMORA,10.0935,-69.3345,1
ESCUELA BASICA FE Y ALEGRIA,9.53783,-69.2096,1
ESCUELA BASICA FEDERICO HANDS,9.75767,-63.1538,1
ESCUELA BASICA FELIX ARMANDO NUÑEZ BEAPERTHUY,9.76918,-63.1972,1
ESCUELA BASICA FELIX ERNESTO OSUNA,8.26618,-70.5581,1
ESCUELA BASICA FELIX SOLANO,5.66646,-67.5882,1
ESCUELA BASICA FERMIN RUIZ VALERO,8.58391,-71.1704,1
ESCUELA BASICA FERNANDO PEÑALVER,10.493,-66.8613,1
ESCUELA BÁSICA FRANCISCO ARISTIGUIETA BADARACCO,10.4523,-64.1743,1
ESCUELA BASICA FRANCISCO DE MIRANDA,9.55138,-69.2192,1
ESCUELA BASICA FRANCISCO JAVIER USTARIZ,10.1509,-68.5645,1
ESCUELA BASICA FRANCISCO LAZO MARTÍ,9.2103,-65.9985,1
ESCUELA BASICA FRANKLIN DELANO ROOSEVELT,10.4831,-66.8974,1
ESCUELA BASICA GENERAL JUAN GUILLERMO IRIBARREN,9.58205,-69.2053,1
ESCUELA BASICA GENERAL PAEZ,9.57556,-69.219,1
ESCUELA BASICA GILBERTO OROPEZA,9.171,-69.728,1
ESCUELA BASICA GIRALUNA,9.05181,-69.7318,1
ESCUELA BASICA GLADYS C LOBO DE CARNEVALLI,8.61877,-71.1326,1
ESCUELA BASICA GOAJIRA I,9.55436,-69.1921,1
ESCUELA BASICA GRADUADA SIMON RODRIGUEZ,8.58183,-71.1472,1
ESCUELA BASICA GRAN MARISCAL DE AYACUCHO,10.1034,-69.3256,1
ESCUELA BASICA GRAN MARISCAL DE AYACUCHO (B),8.5481,-71.2432,1
ESCUELA BÁSICA GREGORIO RONDÓN,9.76162,-63.1612,1
ESCUELA BASICA HERMANAS PERAZAS,9.568,-69.2037,1
ESCUELA BASICA ISABEL PADRINO DE CAMPOS,9.75298,-63.1721,1
ESCUELA BASICA JESUS MILLAN,10.0709,-69.1168,1
ESCUELA BASICA JOSE ANDRES ORTIZ,7.84553,-67.5132,1
ESCUELA BASICA JOSE ANTONIO PAEZ,9.88368,-67.3674,1
ESCUELA BASICA JOSE ATANACIO GONZALEZ,9.97519,-69.1379,1
ESCUELA BASICA JOSE DAMIAN RAMIREZ LABRADOR,9.75119,-63.1755,1
ESCUELA BASICA JOSE FRANCISCO JIMENEZ,8.3541,-70.5676,1
ESCUELA BASICA JOSE GREGORIO HERNANDEZ,7.83729,-67.5235,1
ESCUELA BASICA JOSE GREGORIO MONAGAS,9.69037,-63.6185,1
ESCUELA BASICA JOSE MANUEL FUENTES ACEVEDO,9.21502,-65.9882,1
ESCUELA BASICA JOSE MARIA VARGAS,9.04756,-69.7441,1
ESCUELA BASICA JOSE MIGUEL CONTRERAS,10.0315,-69.3659,1
ESCUELA BASICA JOSE NICOMEDES MARRERO,10.4608,-66.7628,1
ESCUELA BASICA JOSE RAMON CAMEJO,9.86201,-66.3804,1
ESCUELA BASICA JOSE TADEO MONAGAS,9.85035,-66.384,1
ESCUELA BASICA JOSE TOMAS LEAL,9.8873,-67.3603,1
ESCUELA BASICA JOSEFA MOLINA DE DUQUE,8.59708,-71.1505,1
ESCUELA BASICA JUAN ANDRES VARELA,8.63719,-70.2261,1
ESCUELA BASICA JUAN ANTONIO PADILLA,9.92245,-67.349,1
ESCUELA BASICA JUAN BAUTISTA GARCIA ROA,7.76188,-72.2412,1
ESCUELA BASICA JUAN BAUTISTA RODRIGUEZ,10.078,-69.33,1
ESCUELA BASICA JUAN BESON,10.6868,-71.6302,1
ESCUELA BASICA JUAN ESCALONA,8.63237,-70.219,1
ESCUELA BASICA JUAN FERNANDEZ DE LEON,9.03931,-69.7482,1
ESCUELA BÁSICA JUAN FREITES,10.4601,-64.1842,1
ESCUELA BASICA JUAN IVIRNA CASTILLO,5.64144,-67.5994,1
ESCUELA BASICA JUAN JOSE GUERRERO,10.0279,-69.4047,1
ESCUELA BASICA JUAN MIGUEL ROO,10.0927,-69.1195,1
ESCUELA BASICA JULIETA CARABALLO,7.8213,-67.6259,1
ESCUELA BASICA LA CAÑA BRAVA,8.67846,-71.7541,1
ESCUELA BÁSICA LA CONCENTRADA LA BETICÓ,9.48709,-70.4806,1
ESCUELA BASICA LA CHAPA,10.1612,-68.5649,1
ESCUELA BASICA LA CUMANA,9.85655,-66.386,1
ESCUELA BASICA LA HIDALGUIA,7.86114,-67.4824,1
ESCUELA BÁSICA LA LOMA,10.1791,-63.9165,1
ESCUELA BASICA LA MOSCA,10.3529,-68.7505,1
ESCUELA BASICA LA ROSALEDA,8.60083,-70.2187,1
ESCUELA BÁSICA LA SOLEDAD,10.5617,-63.2323,1
ESCUELA BÁSICA LA TRINIDAD,10.4662,-64.1882,1
ESCUELA BASICA LA VICTORIA,9.56571,-69.1824,1
ESCUELA BASICA LAS DELICIAS,10.176,-68.7653,1
ESCUELA BASICA LAS MANGAS,7.88211,-67.7232,1
ESCUELA BASICA LEONOR BERNABO,10.326,-68.7861,1
ESCUELA BASICA LERMITH HERNANDEZ,9.91975,-67.3433,1
ESCUELA BASICA LIBERTADOR,10.0185,-69.4607,1
ESCUELA BASICA LINDOLFO MARTINEZ,8.2333,-70.8252,1
ESCUELA BÁSICA LONDRES,10.6446,-63.3054,1
ESCUELA BASICA LOS CUROS,8.56872,-71.201,1
ESCUELA BASICA LOS CUROS (B),8.56876,-71.2012,1
ESCUELA BASICA LOS GUAIQUERIES,9.86845,-66.377,1
ESCUELA BASICA LOS PINOS,10.1525,-68.5552,1
ESCUELA BASICA LOS SALIAS,10.3788,-66.9477,1
ESCUELA BÁSICA LUIS BELTRÁN PRIETO FIGUEROA,10.4732,-64.1868,1
ESCUELA BASICA LUIS FAJARDO GALENO,9.04508,-69.8008,1
ESCUELA BASICA LUIS FELIPE MARCANO HERNANDEZ,7.88259,-67.4853,1
ESCUELA BASICA LUISA BELTRANA DE FIGUEROA,9.77222,-63.2152,1
ESCUELA BASICA LUISA GRATEROL DE PEREZ,9.55539,-69.1843,1
ESCUELA BASICA LUISA TERESA SOSA,9.77735,-63.1875,1
ESCUELA BASICA LUZ DE PEREIRA,9.53402,-69.2115,1
ESCUELA BASICA MAC GREGOR,7.88544,-67.4683,1
ESCUELA BASICA MANUEL ANTONIO NIEVE,7.87831,-67.4872,1
ESCUELA BASICA MANUEL CEDEÑO,10.093,-69.1162,1
ESCUELA BASICA MANUEL PIAR,9.74111,-63.194,1
ESCUELA BASICA MARIA ANGELICA LUSINCHI,10.0305,-69.3749,1
ESCUELA BASICA MARIA CLEMENTINA DE BONILLA,9.91363,-69.1211,1
ESCUELA BASICA MARIA CONCEPCION PALACIOS,9.04122,-69.7856,1
ESCUELA BASICA MARIA DE SOLORZANO,7.83868,-67.4669,1
ESCUELA BASICA MARIA LA RIVA SALAS,8.63192,-70.2378,1
ESCUELA BASICA MARIA TERESA SANZ,10.0953,-69.1256,1
ESCUELA BASICA MARIANO MONTILLA,9.20732,-66.0091,1
ESCUELA BASICA MARIO BRICEÑO IRAGORRI,9.71977,-63.2024,1
ESCUELA BASICA MARIO BRICEÑO IRAGORY,7.87525,-67.4751,1
ESCUELA BASICA MARITZA MENA DE PEREZ,9.66097,-68.5909,1
ESCUELA BASICA MARLENE SEQUEA DE CAMPOS,9.72789,-63.2348,1
ESCUELA BASICA MATILDE LUCIA GONZALEZ,10.0833,-69.1339,1
ESCUELA BASICA MENCA DE LEONI,5.66083,-67.6149,1
ESCUELA BASICA MI JARDIN III,8.60319,-70.2319,1
ESCUELA BASICA MIGUEL ANTONIO VASQUEZ,9.00184,-69.7357,1
ESCUELA BASICA MIGUEL OTERO SILVA,9.55643,-69.1895,1
ESCUELA BASICA MIXTA TONONO  450-50,7.72351,-72.2539,1
ESCUELA BASICA MONSEÑOR ENRIQUE DE FERRARI,5.66297,-67.6267,1
ESCUELA BASICA MONSEÑOR FRANCISCO MIGUEL SEIJAS,9.65483,-68.5749,1
ESCUELA BASICA MONSEÑOR JAUREGUI (B),8.55121,-71.2359,1
ESCUELA BASICA MONSEÑOR OMAR RAMOS CORDERO,9.58245,-69.2371,1
ESCUELA BASICA MUNICIPAL BACHILLER ELEUTERIO ROSARIO CAMPOS,10.9591,-63.8401,1
ESCUELA BASICA MUNICIPAL GENERAL JOSE ANTONIO PAEZ,10.4519,-66.8692,1
ESCUELA BASICA MUNICIPAL PASTOR OROPEZA,10.4926,-66.7976,1
ESCUELA BASICA MUNICIPAL REGINA DE VELAZQUEZ,7.75564,-72.234,1
ESCUELA BASICA MUSIPAN,9.64298,-63.5362,1
ESCUELA BASICA NAC. CONCENTRADA. LOS MEMBRILLOS,10.7893,-71.7899,1
ESCUELA BASICA NACIONAL  ANDRES ELOY BLANCO,10.0711,-69.3776,1
ESCUELA BASICA NACIONAL  CARMEN ADELA PIRELA,10.6363,-71.6541,1
ESCUELA BASICA NACIONAL  LAS MINITAS,10.4568,-66.8636,1
ESCUELA BASICA NACIONAL  PEDRO LEON TORRES,10.1821,-70.0894,1
ESCUELA BASICA NACIONAL . ANTONIO ORDONEZ,10.484,-66.7919,1
ESCUELA BASICA NACIONAL 12 DE OCTUBRE,10.5898,-71.6207,1
ESCUELA BASICA NACIONAL 19 DE ABRIL,10.5841,-71.6348,1
ESCUELA BASICA NACIONAL 19 DE ABRIL (ANEXO 1),10.5841,-71.6349,1
ESCUELA BASICA NACIONAL 24 DE JUNIO,8.63381,-70.2271,1
ESCUELA BASICA NACIONAL 3429 NUCLEO NACIONAL RURAL 093,7.96141,-67.6284,1
ESCUELA BASICA NACIONAL AGUSTIN CODAZZI,7.88967,-67.4699,1
ESCUELA BASICA NACIONAL ANDRES ELOY BLANCO,10.3939,-71.4456,1
ESCUELA BASICA NACIONAL BARRIO STHORMES,10.5787,-71.6483,1
ESCUELA BASICA NACIONAL BATALLA NAVAL LAGO,10.5603,-71.6521,1
ESCUELA BASICA NACIONAL BENILDA AVILA DE MORENO,10.5827,-71.6446,1
ESCUELA BASICA NACIONAL BOLIVARIANA CAYETANO REDONDO,7.81887,-72.4386,1
ESCUELA BASICA NACIONAL BOLIVARIANA EUTIMIO RIVAS,10.4609,-66.8248,1
ESCUELA BASICA NACIONAL BOLIVARIANA JESUS OBRERO,10.5674,-71.6367,1
ESCUELA BASICA NACIONAL BOLIVARIANA ROMULO GALLEGOS,9.64246,-68.5591,1
ESCUELA BASICA NACIONAL BOLIVARIANA VISTA AL MAR,10.5946,-66.9521,1
ESCUELA BASICA NACIONAL CABIMAS,10.4056,-71.4466,1
ESCUELA BASICA NACIONAL CARMELA QUINTERO,10.517,-71.6414,1
ESCUELA BASICA NACIONAL CARMEN AMERICA DE LEONI,10.5508,-71.6715,1
ESCUELA BASICA NACIONAL CARMEN MAIZO DE BELLO,10.468,-66.9054,1
ESCUELA BASICA NACIONAL CENTRO COMUNAL,10.4532,-66.8697,1
ESCUELA BASICA NACIONAL CONCENTRADA  EL PIÑALITO,7.53796,-71.2346,1
ESCUELA BASICA NACIONAL CONCENTRADA BELLA VISTA,7.79697,-71.1531,1
ESCUELA BASICA NACIONAL CONCENTRADA EL CAMBUR,7.89027,-71.1153,1
ESCUELA BASICA NACIONAL CONCENTRADA LAS HUERTAS,10.4089,-71.4299,1
ESCUELA BASICA NACIONAL CONCENTRADA SIN NUMERO,9.15991,-69.7269,1
ESCUELA BASICA NACIONAL CONTRALMIRANTE RENATO BELUCHE,10.7041,-71.6064,1
ESCUELA BASICA NACIONAL COSME DAMIAN PEÑA,10.4841,-66.8227,1
ESCUELA BASICA NACIONAL CREACION LIBERTAD,10.6049,-71.6695,1
ESCUELA BASICA NACIONAL CREACION VII,10.0777,-69.3297,1
ESCUELA BASICA NACIONAL CUATRICENTENARIA,10.6528,-71.6758,1
ESCUELA BASICA NACIONAL DIVINA PASTORA,10.6421,-71.659,1
ESCUELA BASICA NACIONAL DOCTOR JESUS MUÑOZ TEBAR,10.5702,-71.6285,1
ESCUELA BASICA NACIONAL DOCTOR JESUS RAMON AMADO,10.5405,-71.6657,1
ESCUELA BASICA NACIONAL DOCTOR JUAN SABA RIVERO,10.5944,-71.6247,1
ESCUELA BASICA NACIONAL DOCTOR MELITON VARGAS,9.04666,-69.7566,1
ESCUELA BASICA NACIONAL DOCTOR MIGUEL ORAA,9.04227,-69.7603,1
ESCUELA BASICA NACIONAL DOCTOR VICENTE PEÑA,9.9123,-67.3569,1
ESCUELA BASICA NACIONAL DOMINGO BRICEÑO,10.6518,-71.6027,1
ESCUELA BASICA NACIONAL DON SIMON RODRIGUEZ,10.419,-71.4297,1
ESCUELA BASICA NACIONAL DR ANDRES ELOY BLANCO,10.6322,-71.6529,1
ESCUELA BASICA NACIONAL DR JESUS ENRIQUE LOSSADA,10.6411,-71.6725,1
ESCUELA BASICA NACIONAL ELIAS TORO,10.4645,-66.9058,1
ESCUELA BASICA NACIONAL EULADIMIRA GUANIPA,10.5686,-71.6268,1
ESCUELA BASICA NACIONAL EVELIA DE PIMENTEL,10.5975,-66.9556,1
ESCUELA BASICA NACIONAL FEDERACION VENEZOLANA DE MAESTROS,10.3999,-71.4437,1
ESCUELA BASICA NACIONAL FRANCISCO LAZO MARTI,10.4111,-71.4654,1
ESCUELA BASICA NACIONAL GENERAL RAFAEL URDANETA (FE Y ALEGRIA),10.5872,-71.6213,1
ESCUELA BASICA NACIONAL HERMAGORAS CHAVEZ,10.6859,-71.6017,1
ESCUELA BASICA NACIONAL HERMANAS MARIA LORENZA,10.4372,-66.8612,1
ESCUELA BASICA NACIONAL JAMES FERGUNSSON,10.6426,-71.6412,1
ESCUELA BASICA NACIONAL JORGE  ROTHE,10.3742,-71.4347,1
ESCUELA BASICA NACIONAL JOSE ANTONIO CALCAÑO,10.5697,-71.6218,1
ESCUELA BASICA NACIONAL JOSE GONZALO MENDEZ,10.4759,-66.8895,1
ESCUELA BASICA NACIONAL JOSEFINA DE ACOSTA,10.5924,-71.6416,1
ESCUELA BASICA NACIONAL JOSEFINA LIZARZABAL,10.6513,-71.6633,1
ESCUELA BASICA NACIONAL JUAN ANTONIO PEREZ BONALDE,10.3991,-71.4612,1
ESCUELA BASICA NACIONAL JUAN RUIZ FAJARDO,8.57697,-71.1628,1
ESCUELA BASICA NACIONAL JUANA DE AVILA,10.7076,-71.6368,1
ESCUELA BASICA NACIONAL JUANA DE AVILA (ANEXO 1),10.7076,-71.6368,1
ESCUELA BASICA NACIONAL JULIA AÑEZ GABALDON,10.3967,-71.4485,1
ESCUELA BASICA NACIONAL JULIO CALCAÑO,10.4745,-66.804,1
ESCUELA BASICA NACIONAL JULIO CESAR BORGE,10.6703,-71.6808,1
ESCUELA BASICA NACIONAL LA CONCORDIA,7.75673,-72.2352,1
ESCUELA BASICA NACIONAL LA IDEA,7.60522,-70.9268,1
ESCUELA BASICA NACIONAL LAUDELINO MEJIAS,10.4782,-66.5895,1
ESCUELA BASICA NACIONAL LICEO JOSE ANTONIO CALCAÑO,10.4725,-66.7606,1
ESCUELA BASICA NACIONAL LOS CORTIJOS,10.5343,-71.6626,1
ESCUELA BASICA NACIONAL LOS LAURELES,10.4194,-71.4361,1
ESCUELA BASICA NACIONAL LOS RASTROJOS,10.0366,-69.2354,1
ESCUELA BASICA NACIONAL LUIS ANGEL GARCIA,10.6769,-71.6871,1
ESCUELA BASICA NACIONAL LUIS GUILLERMO SANCHEZ,10.5872,-71.6563,1
ESCUELA BASICA NACIONAL LUISA CACERES DE ARISMENDI,10.7076,-71.6277,1
ESCUELA BASICA NACIONAL LUISA CACERES DE ARISMENDI (ANEXO 1),10.7076,-71.6277,1
ESCUELA BASICA NACIONAL MANUEL MENDEZ,10.4013,-71.4732,1
ESCUELA BASICA NACIONAL MAXIMA ARTEAGA PEREZ,10.6284,-71.6703,1
ESCUELA BASICA NACIONAL MONSEÑOR FRANCISCO ANTONIO,10.6918,-71.6089,1
ESCUELA BASICA NACIONAL MONSEÑOR FRANCISCO ANTONIO GRANADILLO,10.6918,-71.6089,1
ESCUELA BASICA NACIONAL MONSEÑOR GODOY,10.6552,-71.6276,1
ESCUELA BASICA NACIONAL MONSEÑOR GODOY (ANEXO 1),10.6552,-71.6276,1
ESCUELA BASICA NACIONAL NEPTALI RINCON URDANETA,10.6471,-71.6392,1
ESCUELA BASICA NACIONAL NORMAN PRIETO RAMOS,10.696,-71.6312,1
ESCUELA BASICA NACIONAL NORMAN PRIETO RAMOS (ANEXO 1),10.696,-71.6312,1
ESCUELA BASICA NACIONAL NUEVO BARRIO,10.0591,-69.3536,1
ESCUELA BASICA NACIONAL PEDRO JULIO MANINAT,10.3925,-71.4502,1
ESCUELA BASICA NACIONAL PEDRO LUCAS URRIBARRI,10.4274,-71.4665,1
ESCUELA BASICA NACIONAL PRIVADA MARIE POUSSEPIN,10.5869,-71.6334,1
ESCUELA BASICA NACIONAL PROFESOR RAFAEL SEGUNDO BOSCANO,10.5333,-71.6583,1
ESCUELA BASICA NACIONAL RAFAEL MARIA BARALT,10.4025,-71.4664,1
ESCUELA BASICA NACIONAL RAFAEL URDANETA,10.3782,-71.4404,1
ESCUELA BASICA NACIONAL RAMON OCANDO PEREZ,10.3915,-71.4314,1
ESCUELA BASICA NACIONAL RAQUEL MONASTERIOS,10.0626,-69.3715,1
ESCUELA BASICA NACIONAL RAUL CUENCA,10.6998,-71.6022,1
ESCUELA BASICA NACIONAL REPUBLICA DEL BRASIL,9.91217,-67.3534,1
ESCUELA BASICA NACIONAL RIVAS DAVILA,8.59998,-71.1371,1
ESCUELA BASICA NACIONAL RURAL LAS MERCEDES,10.6567,-71.6748,1
ESCUELA BASICA NACIONAL SAN JUAN (ANEXO 1),10.6756,-71.6862,1
ESCUELA BASICA NACIONAL SANTA CRUZ DEL ESTE,10.453,-66.8692,1
ESCUELA BASICA NACIONAL SATURNO MEDINA OVALLES,10.5638,-71.6611,1
ESCUELA BASICA NACIONAL SIMON RODRIGUEZ,10.6626,-71.5945,1
ESCUELA BASICA NACIONAL SISO MARTINEZ,10.5583,-71.6483,1
ESCUELA BASICA NACIONAL SISO MARTINEZ (ANEXO 1),10.5586,-71.6484,1
ESCUELA BASICA NACIONAL TOMAS AGUERREVERE,10.479,-66.9067,1
ESCUELA BASICA NACIONAL UNITARIA  CERRO AZUL,7.74378,-71.2955,1
ESCUELA BASICA NACIONAL VICTOR SANDOVAL,10.5467,-71.6484,1
ESCUELA BASICA NACIONAL ZULIA,10.6211,-71.6555,1
ESCUELA BASICA NEGRO AFUERA,7.83529,-67.5007,1
ESCUELA BASICA NEREIDA MORENO DE DUGARTE,9.5898,-69.2283,1
ESCUELA BASICA OCTAVIO ANTONIO DIEZ.,10.4845,-66.8874,1
ESCUELA BASICA OCTAVIO PAEZ,9.66097,-68.5909,1
ESCUELA BASICA OMAR RAMOS CORDERO 3,9.57703,-69.2382,1
ESCUELA BASICA ORLANDO GIL CASA DIEGO,9.0435,-69.7292,1
ESCUELA BASICA OSCAR MENDOZA,9.61807,-69.1543,1
ESCUELA BASICA PABLO EMILIO CASTILLO,9.71739,-63.2434,1
ESCUELA BASICA PALACIO FAJARDO,9.55905,-69.2102,1
ESCUELA BASICA PALO SOLO,9.37273,-69.852,1
ESCUELA BASICA PARARE,9.7917,-63.1008,1
ESCUELA BASICA PARQUE LEONOR BERNABO,10.3216,-68.7816,1
ESCUELA BASICA PASCUAL IIGNASIO VILLASMIL,8.632,-70.21,1
ESCUELA BASICA PEDRO RAFAEL CHACON,10.0907,-69.3175,1
ESCUELA BASICA PICHINCHA,10.6545,-71.6029,1
ESCUELA BÁSICA PLAYA DE SAL,10.6729,-63.2726,1
ESCUELA BASICA PRESBISTERO JOSE IGNACIO OLIVARES,8.59896,-71.6324,1
ESCUELA BASICA PRIMARIA CAPOTE,7.83529,-67.4898,1
ESCUELA BASICA PRIMERO DE MAYO,8.60818,-71.6535,1
ESCUELA BASICA PRIVADA NACIONAL NUEVA VENEZUELA ( FE Y ALEGRIA),10.5468,-71.6539,1
ESCUELA BASICA PROFESORA CELINDA ADAMS,9.03131,-69.764,1
ESCUELA BASICA PROSPERO INFANTE,9.8727,-66.3581,1
ESCUELA BÁSICA QUEBRADA DE CARATA,10.5738,-63.2282,1
ESCUELA BASICA RAFAEL ANDRADE,10.3281,-68.7555,1
ESCUELA BÁSICA RAFAEL CASTRO MACHADO,10.464,-64.165,1
ESCUELA BASICA RAFAEL MONASTERIOS,10.0618,-69.3716,1
ESCUELA BASICA RAMON ANTONIO VILLEGAS,9.69314,-68.6665,1
ESCUELA BASICA RAMON IGNACIO GUERRA.,8.57404,-71.1931,1
ESCUELA BASICA RAMON IGNASIO  MENDEZ,8.63002,-70.2067,1
ESCUELA BASICA RAMON POMPILIO OROPEZA,10.4837,-66.8905,1
ESCUELA BASICA RAMONA FIGUEREDO,7.86827,-67.511,1
ESCUELA BASICA RANCHERÍA,10.3454,-64.0654,1
ESCUELA BASICA REPUBLICA DE NICARAGUA,10.3401,-68.737,1
ESCUELA BASICA REPUBLICA DEL URUGUAY,9.74516,-63.1836,1
ESCUELA BÁSICA RIVILLA,10.6273,-63.2625,1
ESCUELA BASICA ROMULO GALLEGOS,8.34847,-70.5605,1
ESCUELA BASICA ROSA DIAZ DE ARTAHONA,7.84989,-67.7223,1
ESCUELA BASICA ROSARIO MONTERO DE MORON,10.0749,-69.1127,1
ESCUELA BASICA RUBEN HURTADO RODRIGUEZ,9.87001,-66.323,1
ESCUELA BASICA RURAL BOLIVARIANA AC-41 EL CASTRERO,9.87444,-67.4545,1
ESCUELA BASICA RURAL GREGORIA DIAZ,10.1566,-68.92,1
ESCUELA BASICA RURAL LA PROVIDENCIA,7.80208,-72.2626,1
ESCUELA BASICA RURAL MONSEÑOR ENRIQUE RODRIGUEZ ALVAREZ,9.85046,-67.4006,1
ESCUELA BASICA RURAL SANTA ELENA DE VIBORAL,9.79583,-63.17,1
ESCUELA BASICA SAN JAIME,9.69061,-63.2443,1
ESCUELA BASICA SAN LUIS,10.0932,-68.6674,1
ESCUELA BASICA SAN MIGUEL,9.74207,-63.2149,1
ESCUELA BASICA SAN RAFAEL. NER 298,10.3393,-68.7481,1
ESCUELA BASICA SAN SIMON,9.73794,-63.2039,1
ESCUELA BASICA SANTA CRUZ NER 206,10.1485,-68.5695,1
ESCUELA BASICA SANTA ELISA,7.85671,-67.6397,1
ESCUELA BASICA SANTA ROSA,9.73889,-68.7139,1
ESCUELA BASICA SANTA ROSALIA,10.0362,-69.4332,1
ESCUELA BASICA SANTA TERESA,7.859,-67.4784,1
ESCUELA BÁSICA SANTA TERESA DE JESÚS,10.4646,-64.1732,1
ESCUELA BASICA SEBASTIAN ARAUJO,8.3541,-70.5676,1
ESCUELA BASICA SILA MOTA DE ROJAS,10.1643,-68.8946,1
ESCUELA BASICA SIMON BOLIVAR,10.0362,-69.3765,1
ESCUELA BASICA SIMON RODRIGUEZ,9.75981,-63.1543,1
ESCUELA BASICA SIMON TORRES,10.3504,-68.714,1
ESCUELA BASICA SUR AMERICA,8.61186,-71.6459,1
ESCUELA BASICA TACHIRA,5.67225,-67.6318,1
ESCUELA BASICA TAPA DE PIEDRA,10.1044,-69.5443,1
ESCUELA BASICA TENIENTE PEDRO CAMEJO,10.0523,-69.3749,1
ESCUELA BASICA TITICARE,10.0173,-69.3336,1
ESCUELA BASICA TOTUMILLO HERMINIA FARIAS,10.0645,-69.115,1
ESCUELA BASICA TOVAR Y TOVAR,10.3164,-68.7844,1
ESCUELA BASICA TRADICIONAL NUMERO 469 ANTONIO JOSE DE SUCRE,9.06286,-69.7218,1
ESCUELA BASICA TRIBU JIRAHARA,10.1528,-68.8986,1
ESCUELA BASICA TRICENTENARIA DE ARAURE,9.57805,-69.2555,1
ESCUELA BASICA TRINA DE MORENO,9.53178,-69.2024,1
ESCUELA BASICA UNITARIA  SAN FRANCISCO DE CANAGUA,8.5634,-70.656,1
ESCUELA BASICA UNITARIA  SANTA MARIA DE PEDRAZA,8.22701,-69.9659,1
ESCUELA BASICA UNITARIA  VALLE HONDO NER 317,8.61458,-70.3364,1
ESCUELA BASICA UNITARIA NUMERO 173,9.58456,-69.3322,1
ESCUELA BASICA UNITARIA NUMERO 56,9.3239,-69.7021,1
ESCUELA BASICA UNITARIA PAIVITA,7.86695,-71.0926,1
ESCUELA BASICA VERITA,8.92785,-67.44,1
ESCUELA BASICA VICENTE DAVILA,8.60381,-71.1379,1
ESCUELA BASICA VICENTE EMILIO SOJO,10.2315,-68.8623,1
ESCUELA BÁSICA VICENTE SALIAS,9.7452,-63.1738,1
ESCUELA BASICA VICTOR LINO GOMEZ,7.86405,-67.4862,1
ESCUELA BASICA VICTORIA RAMIREZ MOLINOS,9.73056,-63.1968,1
ESCUELA BASICA VIRGEN DEL VALLE,9.6769,-63.5978,1
ESCUELA BASICA VIRGINIA DE RAMOS,9.04771,-69.7574,1
ESCUELA BASICA YOCASTA DE CALISTRI,10.0763,-69.1153,1
ESCUELA BASICA YOLANDA RIVERA DE PIERUZZINI,9.5837,-69.2006,1
ESCUELA BASICA YUCA GUAMA I,7.84156,-67.5221,1
ESCUELA BASICA ZENOBIA VERGARA  DE CHIQUITO,10.4522,-66.6107,1
ESCUELA BASICA ZULME AZUEJE SANTAELLA,9.90996,-67.3661,1
ESCUELA BASICA.ESTADAL GUANIPA MATOS,10.5466,-71.6685,1
ESCUELA BASICA.NACIONAL ABRAHAM BELLOSO,10.5533,-71.653,1
ESCUELA BASICA.NACIONAL EVARISTO FERNANDEZ,10.5723,-71.6346,1
ESCUELA BASICAESTADAL EL ROSARIO,10.6338,-71.7036,1
ESCUELA BASICANACIONAL ALONSO PACHECO,10.66,-71.6148,1
ESCUELA BASICANACIONAL ANSELMA PULGAR,10.6871,-71.5985,1
ESCUELA BOLIVARIANA  LOMA DE MITIMBIS,9.29267,-70.2257,1
ESCUELA BOLIVARIANA  PUCHURUCO,10.6645,-63.265,1
ESCUELA BOLIVARIANA 12 DE OCTUBRE,9.19663,-65.9955,1
ESCUELA BOLIVARIANA 964,7.74981,-72.2003,1
ESCUELA BOLIVARIANA ALI PRIMERA,10.4456,-64.1184,1
ESCUELA BOLIVARIANA AMPARO,10.4188,-71.4661,1
ESCUELA BOLIVARIANA ANTONIO ROMAN SILVA,7.77571,-72.22,1
ESCUELA BOLIVARIANA BELLO MONTE,10.6701,-63.4012,1
ESCUELA BOLIVARIANA BORÓN BAJO,9.24357,-70.2696,1
ESCUELA BOLIVARIANA BRASIL 3,10.4267,-64.1776,1
ESCUELA BOLIVARIANA BUSTAMANTE,7.77317,-72.2349,1
ESCUELA BOLIVARIANA CAJA DE AGUA,9.29344,-70.6426,1
ESCUELA BOLIVARIANA CAMPO ESTRELLA,9.59856,-70.4513,1
ESCUELA BOLIVARIANA CARLOS RANGEL LAMUS,7.77124,-72.2281,1
ESCUELA BOLIVARIANA CC-71 COROZOPANDO NER-485,8.51188,-67.5844,1
ESCUELA BOLIVARIANA CE-41 MERCEDES DE MELO MAMONAL,9.1908,-66.0651,1
ESCUELA BOLIVARIANA CERRO DEL SANTO,9.28729,-70.2723,1
ESCUELA BOLIVARIANA CHOROBOBO,10.0618,-69.2213,1
ESCUELA BOLIVARIANA CIUDAD DE VALERA,9.31081,-70.6028,1
ESCUELA BOLIVARIANA CRISTÓBAL COLÓN,10.6585,-63.2496,1
ESCUELA BOLIVARIANA CRUZ DE LA UNIÓN,10.4584,-64.1667,1
ESCUELA BOLIVARIANA DE MEDIA JORNADA DILCIA MORENO DE BOSSA,10.0469,-69.3969,1
ESCUELA BOLIVARIANA DOCTOR JUAN DE DIOS PONTE,10.0289,-69.2158,1
ESCUELA BOLIVARIANA DON SIMON RODRIGUEZ,10.0214,-69.2331,1
ESCUELA BOLIVARIANA DURIGUA VIEJA,9.5584,-69.1894,1
ESCUELA BOLIVARIANA EDUARDO EMIRO FERRER,10.5672,-71.6248,1
ESCUELA BOLIVARIANA EL ARBOLITO,9.23641,-70.2828,1
ESCUELA BOLIVARIANA EL CHARAY,10.016,-68.876,1
ESCUELA BOLIVARIANA EL CHORRO,10.0137,-68.9277,1
ESCUELA BOLIVARIANA EL HATO,9.19248,-70.2835,1
ESCUELA BOLIVARIANA EL LIRIO,10.633,-63.2572,1
ESCUELA BOLIVARIANA EL POCITO,9.24839,-70.3142,1
ESCUELA BOLIVARIANA EL QUEVEDITO,9.24102,-70.3365,1
ESCUELA BOLIVARIANA EL SILENCIO,8.3541,-70.5676,1
ESCUELA BOLIVARIANA EL YAURE,7.69225,-71.305,1
ESCUELA BOLIVARIANA ELOISA FONSECA,9.3262,-70.5957,1
ESCUELA BOLIVARIANA EUSTAQUIO YEPEZ,10.0175,-69.2161,1
ESCUELA BOLIVARIANA FELIPE ANTONIO ACOSTA CARLES,9.87128,-67.3747,1
ESCUELA BOLIVARIANA FRANCISCO DE MIRANDA,10.4275,-71.4595,1
ESCUELA BOLIVARIANA FRANCISCO DE PAULA BRICEÑO,10.0029,-69.2194,1
ESCUELA BOLIVARIANA GENERAL NICOLAS PATIÑO SOSA,10.0238,-69.2609,1
ESCUELA BOLIVARIANA GRACILIANO COLMENARES,7.82779,-72.216,1
ESCUELA BOLIVARIANA GUAYACAN DE LAS FLORES,10.6289,-63.2638,1
ESCUELA BOLIVARIANA HUMBERTO TEJERA,8.59164,-71.1605,1
ESCUELA BOLIVARIANA IGNACIO GREGORIO MENDEZ,10.3268,-68.7444,1
ESCUELA BOLIVARIANA ISAÍAS RUIZ DE CORONADO,10.2214,-63.9143,1
ESCUELA BOLIVARIANA JOSE APARICIO SALCEDO,10.0402,-69.2198,1
ESCUELA BOLIVARIANA JOSE FELIX RIBAS,7.81551,-71.187,1
ESCUELA BOLIVARIANA JUAN ANTONIO ROMAN VALECILLOS,7.76311,-72.2119,1
ESCUELA BOLIVARIANA JUAN PABLO II,8.60691,-70.2121,1
ESCUELA BOLIVARIANA LA CABAÑA,9.30482,-70.6236,1
ESCUELA BOLIVARIANA LA FRAGUA,10.2041,-63.9199,1
ESCUELA BOLIVARIANA LA HONDA,9.29179,-70.6585,1
ESCUELA BOLIVARIANA LA LAJA,7.80051,-72.2766,1
ESCUELA BOLIVARIANA LA LLANADA,9.31615,-70.586,1
ESCUELA BOLIVARIANA LA PLATA III,9.32661,-70.596,1
ESCUELA BOLIVARIANA LA VIRA VIRA,9.27692,-70.285,1
ESCUELA BOLIVARIANA LAS AZUCENAS,10.669,-63.2646,1
ESCUELA BOLIVARIANA LAS TRAVESIAS,9.313,-70.6236,1
ESCUELA BOLIVARIANA LAS VERITAS,10.0966,-69.3224,1
ESCUELA BOLIVARIANA LECHERITO 5,9.00052,-67.651,1
ESCUELA BOLIVARIANA LOMA EL PABELLÓN,9.27642,-70.2504,1
ESCUELA BOLIVARIANA LOS ANDES,7.77116,-72.2387,1
ESCUELA BOLIVARIANA LOS FRAILES,10.4545,-64.1626,1
ESCUELA BOLIVARIANA LUISA CACERES DE ARISMENDI,8.90075,-67.4233,1
ESCUELA BOLIVARIANA MANPOSTAL,9.57834,-68.6684,1
ESCUELA BOLIVARIANA MANUEL FELIPE RUGELES,7.80733,-72.4465,1
ESCUELA BOLIVARIANA MANUEL JOSÉ RODRIGUEZ,10.5491,-71.6408,1
ESCUELA BOLIVARIANA MAPUEY,9.64806,-68.6371,1
ESCUELA BOLIVARIANA MARIA RODRÍGUEZ DE VERA,10.6235,-63.2544,1
ESCUELA BOLIVARIANA MESA DE LOS MORENO,9.28625,-70.6271,1
ESCUELA BOLIVARIANA MIGUEL RENOM,10.0396,-69.2071,1
ESCUELA BOLIVARIANA MINAS DE MONAY,9.60678,-70.4447,1
ESCUELA BOLIVARIANA MITICUN,9.24291,-70.2835,1
ESCUELA BOLIVARIANA MONSEÑOR BRICEÑO PICON,7.82205,-72.2251,1
ESCUELA BOLIVARIANA MONSEÑOR LUCAS GUILLERMO CASTILLO,9.32915,-70.6003,1
ESCUELA BOLIVARIANA MONSEÑOR MEJIAS,9.25718,-70.2322,1
ESCUELA BOLIVARIANA MONTAÑAS DE PERAZA,9.50408,-70.4864,1
ESCUELA BOLIVARIANA NACIONAL DON ARTURO MICHELENA,10.0781,-69.3042,1
ESCUELA BOLIVARIANA NACIONAL JOSEFINA MEDINA DE DUQUE,7.73991,-72.239,1
ESCUELA BOLIVARIANA NACIONAL TEREPAIMA,10.0608,-69.3119,1
ESCUELA BOLIVARIANA NEPTALÍ VALERA HURTADO,9.33907,-70.6442,1
ESCUELA BOLIVARIANA NUMERO 1988,8.9221,-67.4418,1
ESCUELA BOLIVARIANA PAGUEICITOO,8.38858,-70.2591,1
ESCUELA BOLIVARIANA PALO GORDO,7.81662,-72.2015,1
ESCUELA BOLIVARIANA PARAMO DE LA LAJA,7.80175,-72.2775,1
ESCUELA BOLIVARIANA PASCUAL IGNACIO VILLASMIL,9.31472,-70.5992,1
ESCUELA BOLIVARIANA PEDRO ELÍAS ARISTIGUIETA,10.6592,-63.2515,1
ESCUELA BOLIVARIANA PEDRO MARIA MORANTES,7.76882,-72.2241,1
ESCUELA BOLIVARIANA PETRICA REYES DE QUILARQUE,10.6567,-63.2813,1
ESCUELA BOLIVARIANA PIRITU,8.77077,-67.311,1
ESCUELA BOLIVARIANA PLAYA GRANDE,10.6615,-63.2776,1
ESCUELA BOLIVARIANA POZO COLORADO,10.6674,-63.3333,1
ESCUELA BOLIVARIANA PRESBÍTERO JOSÉ DE JESÚS ESPINOZA,9.25258,-70.2634,1
ESCUELA BOLIVARIANA PUENTE BLANCO,9.48985,-70.4701,1
ESCUELA BOLIVARIANA PUERTO MIRANDA,7.91014,-67.4718,1
ESCUELA BOLIVARIANA RAFAEL ALVAREZ,7.81987,-72.2257,1
ESCUELA BOLIVARIANA REPUBLICA DE CUBA,7.8149,-72.4432,1
ESCUELA BOLIVARIANA RIBERAS DEL TORBES,7.7821,-72.2407,1
ESCUELA BOLIVARIANA RÍO CARIBE,10.4537,-64.1585,1
ESCUELA BOLIVARIANA RÍO SECO EL CHARCAL,10.5613,-63.241,1
ESCUELA BOLIVARIANA RITA ELISA MEDINA DE USECHE,7.74032,-72.2332,1
ESCUELA BOLIVARIANA ROSARIO SUCRE DE RAUSSEO,10.2412,-63.8974,1
ESCUELA BOLIVARIANA SABANA DE LA MURUCUTY,8.21386,-70.8301,1
ESCUELA BOLIVARIANA SAN ANTONIO ABAJO,7.83449,-71.1232,1
ESCUELA BOLIVARIANA SAN ANTONIO DE PAJEN,7.8529,-71.1613,1
ESCUELA BOLIVARIANA SAN RAFAEL,7.83544,-72.1906,1
ESCUELA BOLIVARIANA SAN RAFAEL DE LAS GUASDUAS NUMERO 51,9.14933,-69.609,1
ESCUELA BOLIVARIANA SAN VICENTE,10.0492,-69.3369,1
ESCUELA BOLIVARIANA SANTA ISABEL,10.1145,-69.2447,1
ESCUELA BOLIVARIANA SANTA LUCIA DE MONAY,9.59731,-70.4613,1
ESCUELA BOLIVARIANA SANTA RITA,9.22152,-70.3295,1
ESCUELA BOLIVARIANA SIMON BOLIVAR,7.79095,-72.2064,1
ESCUELA BOLIVARIANA SIMON CANDIALES,7.82105,-72.1847,1
ESCUELA BOLIVARIANA SIMÓN RODRÍGUEZ,10.3418,-64.0792,1
ESCUELA BOLIVARIANA TACOA,10.645,-63.2317,1
ESCUELA BOLIVARIANA TECNICA DE COMERCIO ALBERTO ADRIANI,7.78104,-72.2301,1
ESCUELA BOLIVARIANA TRES ESQUINAS,7.79745,-72.2697,1
ESCUELA BOLIVARIANA TUCAPE,7.81818,-72.2488,1
ESCUELA BOLIVARIANA URBANO YEPEZ,10.0608,-69.2073,1
ESCUELA BOLIVARIANA VILLAFAÑE,7.74896,-72.2271,1
ESCUELA BOLIVARIANA VIRGILIO PINZON,7.79686,-72.2189,1
ESCUELA BOLIVARIANA YACURAL,10.0621,-69.2648,1
ESCUELA BOLIVARIANA ZANJON COLORADO,10.0203,-69.2289,1
ESCUELA CAPACITACION FEMENINA TERESA HEREDIA,7.8857,-67.4612,1
ESCUELA CENTRO DE EDUCACION INICIAL BOLIVARIANO VALLECITO GUAFAL,9.87378,-67.3763,1
ESCUELA COCENTRADA LA GARITA NER 540,9.55464,-70.4488,1
ESCUELA CONCENTRADA 19 DE ABRIL,9.05647,-69.7197,1
ESCUELA CONCENTRADA EL COROZO,9.3434,-70.6319,1
ESCUELA CONCENTRADA EL TOSTAO,10.0142,-69.4402,1
ESCUELA CONCENTRADA EL VALLE,10.1052,-69.2973,1
ESCUELA CONCENTRADA ESTADAL NUMERO 266-166,10.4659,-66.5032,1
ESCUELA CONCENTRADA LA CAÑERIA,10.1732,-68.9169,1
ESCUELA CONCENTRADA LA MIEL CINCO LOMAS,10.051,-68.5987,1
ESCUELA CONCENTRADA LA PALMA,9.71161,-68.5551,1
ESCUELA CONCENTRADA LOS ARANGUES,10.0229,-70.0473,1
ESCUELA CONCENTRADA MIXTA MIRAFLORES,9.59455,-69.1862,1
ESCUELA CONCENTRADA MIXTA NUMERO 14,9.07096,-69.5258,1
ESCUELA CONCENTRADA MIXTA NUMERO 1808 Y 90,9.18146,-69.5976,1
ESCUELA CONCENTRADA MIXTA NUMERO 1810-82,9.09461,-69.5757,1
ESCUELA CONCENTRADA MIXTA NUMERO 53,9.35731,-69.7199,1
ESCUELA CONCENTRADA NACIONAL NUMERO 3751 POTRERO DE ARMO,9.59033,-69.1247,1
ESCUELA CONCENTRADA NUMERO 137,9.49486,-62.4331,1
ESCUELA CONCENTRADA NUMERO 180,9.64451,-69.1437,1
ESCUELA CONCENTRADA NUMERO 29 LAS MULAS,9.14236,-61.9889,1
ESCUELA CONCENTRADA NUMERO 768,9.66017,-69.1039,1
ESCUELA CONCENTRADA RURAL BOLIVARIANA LAS TRINCHERAS,10.1724,-63.9634,1
ESCUELA CONCENTRADA RURAL BOLIVARIANA ORINOCO,10.2067,-63.8941,1
ESCUELA CONCENTRADA SAN JOSE OBRERO,10.0309,-69.4047,1
ESCUELA CONCENTRADA SANTO DOMINGO,10.0449,-69.342,1
ESCUELA CONCENTRADA SICARIGUA,9.95943,-70.1009,1
ESCUELA CONCENTRADA SIN NUMERO CHIRGUITA,9.96922,-68.2223,1
ESCUELA CONCENTRADA SOLANO,9.74541,-68.6128,1
ESCUELA CONCENTRADA VAQUIRA,10.1663,-68.7393,1
ESCUELA CONCENTRADA VILLA ROSA,9.97976,-69.4666,1
ESCUELA CONCENTRADA YARACUY,10.3579,-68.7371,1
ESCUELA DE ADMINISTRACION UNIVERSIDAD CENTROOCCIDENTAL LISANDRO ALVARADO,10.0708,-69.2995,1
ESCUELA DE ARTES PLASTICAS ELOY PALACIOS,9.74718,-63.1768,1
ESCUELA DE ARTES PLASTICAS MARTIN TOVAR Y TOVAR,10.0795,-69.3096,1
ESCUELA DE ARTES PLASTICAS NACIONAL JULIO ARRAGA,10.6687,-71.6061,1
ESCUELA DE ARTES Y OFICIOS HIGINIO MORALES,9.85929,-66.3836,1
ESCUELA DE DANZA LOS CASTORES,10.3739,-66.9654,1
ESCUELA DE ESPECIALIDADES SAN JOSE,9.21382,-66.0171,1
ESCUELA DE GUARDIAS NACIONALES CORONEL MARTIN BASTIDAS TORRES,10.3527,-67.0458,1
ESCUELA DE LABORES DEL ESTADO DOÑA MENCA DE LEONI,7.74297,-72.2299,1
ESCUELA EL INGENIO,10.4739,-66.5588,1
ESCUELA ESTADAL  VICENTE EMILIO SOJO,10.4281,-66.252,1
ESCUELA ESTADAL 250 AÑOS DE AGUA BLANCA,9.66017,-69.1039,1
ESCUELA ESTADAL ABEL GONZALEZ LIMA,10.4719,-66.6341,1
ESCUELA ESTADAL ANTONIO MARIA PIÑATE,10.4764,-66.7024,1
ESCUELA ESTADAL BASICA ANITA LLANES,10.4708,-66.624,1
ESCUELA ESTADAL BASICA BOLIVARIANA CRISTO REY,7.88599,-67.4776,1
ESCUELA ESTADAL BASICA NICOMEDES CASTILLO,9.03614,-69.7309,1
ESCUELA ESTADAL C-20 LOS ANDRESEROS,8.68579,-67.4623,1
ESCUELA ESTADAL C-41 LAS BARBAS,8.73742,-67.4205,1
ESCUELA ESTADAL CC-14 NER-016,8.67,-67.7796,1
ESCUELA ESTADAL CONCENTRADA  104  ANDRES ELOY BLANCO,7.74098,-72.2397,1
ESCUELA ESTADAL CONCENTRADA  BOLIVARIANA  PALMA SOLA,8.35686,-70.6697,1
ESCUELA ESTADAL CONCENTRADA  MATARRALA  Nº 592,7.93928,-70.2461,1
ESCUELA ESTADAL CONCENTRADA  SAN ANTONIO,7.80718,-70.2893,1
ESCUELA ESTADAL CONCENTRADA BASICA NUMERO 33,9.03702,-69.7752,1
ESCUELA ESTADAL CONCENTRADA CHUPONAL I,8.41944,-70.5861,1
ESCUELA ESTADAL CONCENTRADA DC-42 LOMA DE PIEDRA,9.18513,-65.9023,1
ESCUELA ESTADAL CONCENTRADA EL MACIEGAL NER 236,9.18054,-70.2856,1
ESCUELA ESTADAL CONCENTRADA EL POZON,8.64728,-70.2373,1
ESCUELA ESTADAL CONCENTRADA GENERAL EZEQUIEL ZAMORA,7.7631,-72.2415,1
ESCUELA ESTADAL CONCENTRADA HERMANN GARMENDIA,9.98855,-69.2147,1
ESCUELA ESTADAL CONCENTRADA LA MILLA,9.26231,-70.282,1
ESCUELA ESTADAL CONCENTRADA LOLA DE PACHECO,9.04492,-69.7507,1
ESCUELA ESTADAL CONCENTRADA NUMERO 15 NUCLEO ESCOLAR RURAL NUMERO 289,9.11025,-69.7024,1
ESCUELA ESTADAL CONCENTRADA NUMERO 160,9.54277,-69.2311,1
ESCUELA ESTADAL CONCENTRADA NUMERO 161,9.55174,-69.2165,1
ESCUELA ESTADAL CONCENTRADA NUMERO 163,9.65239,-69.1989,1
ESCUELA ESTADAL CONCENTRADA NUMERO 164 EL JOBITO,9.61969,-69.2353,1
ESCUELA ESTADAL CONCENTRADA NUMERO 179 QUEBRADA DE ARMO,9.64161,-69.1093,1
ESCUELA ESTADAL CONCENTRADA NUMERO 208,9.35731,-69.7199,1
ESCUELA ESTADAL CONCENTRADA NUMERO 240,9.52098,-69.5898,1
ESCUELA ESTADAL CONCENTRADA NUMERO 2474,9.66017,-69.1039,1
ESCUELA ESTADAL CONCENTRADA NUMERO 48,9.08761,-69.6377,1
ESCUELA ESTADAL CONCENTRADA NUMERO 84 NUCLEO ESCOLAR RURAL,7.70538,-72.2137,1
ESCUELA ESTADAL CONCENTRADA NUMERO 9,9.0736,-69.9298,1
ESCUELA ESTADAL CONCENTRADA PALMERO,9.72749,-68.606,1
ESCUELA ESTADAL CONCENTRADA VALLE HONDO,9.74231,-68.5786,1
ESCUELA ESTADAL DON TITO SALAS,10.4822,-66.7693,1
ESCUELA ESTADAL EL PENITENTE,9.58141,-68.7708,1
ESCUELA ESTADAL ESTADO MONAGAS,10.4651,-66.5497,1
ESCUELA ESTADAL GC-3 TAGUAPIRE,9.83763,-66.2593,1
ESCUELA ESTADAL GRADUADA CONSUELO NAVAS TOVAR,10.4911,-66.8008,1
ESCUELA ESTADAL GRADUADA DOCTORA BLANCA LOPEZ DE SANCHEZ,7.75286,-72.2464,1
ESCUELA ESTADAL GRADUADA EULALIA BUROZ,10.4782,-66.6237,1
ESCUELA ESTADAL GRADUADA GENERAL JOSE TRINIDAD MORAN,10.0583,-69.3756,1
ESCUELA ESTADAL GRADUADA NIEVES ENTRENA,10.1619,-68.5724,1
ESCUELA ESTADAL GRADUADA NUMERO 16 LA CURVA TERESA DE LA PARRA,8.94042,-69.7129,1
ESCUELA ESTADAL GRADUADA SIMON RODRIGUEZ,10.076,-69.3382,1
ESCUELA ESTADAL INTEGRAL BOLIVARIANA CECILIO ACOSTA,7.76438,-72.2234,1
ESCUELA ESTADAL INTEGRAL BOLIVARIANA PRESBITERO VICTOR MANUEL VALECILLOS,7.75404,-72.2414,1
ESCUELA ESTADAL JOSE ANTONIO  RODRIGUEZ LOPEZ,10.3542,-67.0389,1
ESCUELA ESTADAL JOSE ANTONIO PAEZ,10.48,-66.7663,1
ESCUELA ESTADAL JOSE ANTONIO ROJAS,10.1733,-70.1155,1
ESCUELA ESTADAL LA MORITA,9.94771,-69.2142,1
ESCUELA ESTADAL LA ORQUIDEA,10.0991,-69.4337,1
ESCUELA ESTADAL LUCILA CORONADO,9.52893,-70.4604,1
ESCUELA ESTADAL MULTIGRADO NUMERO 222,9.39103,-69.6778,1
ESCUELA ESTADAL MULTIGRADO NUMERO 55 EL PUENTE,9.17085,-69.8891,1
ESCUELA ESTADAL NERY RANGEL DE LOPEZ,10.4685,-66.6361,1
ESCUELA ESTADAL NIÑO JESUS,10.5749,-71.6558,1
ESCUELA ESTADAL NUMERO 1,9.66064,-69.1626,1
ESCUELA ESTADAL NUMERO 175,9.6924,-69.274,1
ESCUELA ESTADAL NUMERO 176 GUAIMARAL,9.66864,-69.2393,1
ESCUELA ESTADAL NUMERO 194,9.52098,-69.5898,1
ESCUELA ESTADAL PASO POTRERO,7.48867,-71.2509,1
ESCUELA ESTADAL PEDRO ZARAZA,9.9238,-67.3492,1
ESCUELA ESTADAL PERPETUO SOCORRO,7.77743,-72.2401,1
ESCUELA ESTADAL RAFAEL ANGEL EUGENIO FUENTES,7.82724,-72.1949,1
ESCUELA ESTADAL RAFAEL ANGEL MARQUEZ,7.81812,-72.2328,1
ESCUELA ESTADAL ROSENDO URPIANO ARMAS,10.4536,-66.631,1
ESCUELA ESTADAL RURAL CC-13 PASO DE MUJICA,8.93747,-67.4245,1
ESCUELA ESTADAL SANTA MARIA GORETTI,10.4699,-66.5454,1
ESCUELA ESTADAL SIN NUMERO  QUEVEDO,9.30494,-70.6508,1
ESCUELA ESTADAL TOMAS ENRIQUE RIVERA CHAVEZ,7.81667,-72.2688,1
ESCUELA ESTADAL UNITARIA  199,7.70326,-72.1338,1
ESCUELA ESTADAL UNITARIA DC-58 LAS GARZAS,8.884,-66.0145,1
ESCUELA ESTADAL UNITARIA NUMERO 102,9.72603,-68.6532,1
ESCUELA ESTADAL UNITARIA NUMERO 169,9.66064,-69.1626,1
ESCUELA ESTADAL UNITARIA NUMERO 81,9.39593,-69.7767,1
ESCUELA ESTADAL UNITARIA SIN NÚMERO,9.26817,-70.2686,1
ESCUELA ESTADAL UNITARIA TIO AGUSTIN,9.67947,-68.7604,1
ESCUELA ESTADO BARINAS,10.4933,-66.8,1
ESCUELA EULALIA BUROZ,9.14165,-62.3191,1
ESCUELA EXPERIMENTAL VENEZUELA,10.5012,-66.8992,1
ESCUELA FERMIN TORO,9.10768,-62.1756,1
ESCUELA GRADUADA BASICA TIERRA BUENA,9.21007,-69.5097,1
ESCUELA GRADUADA BENJAMIN MONTILLA,9.56655,-69.1955,1
ESCUELA GRADUADA CUBITA,9.34698,-70.5749,1
ESCUELA GRADUADA GABRIELA MISTRAL,10.1078,-69.3143,1
ESCUELA GRADUADA TAPA DE PIEDRA,9.61584,-69.2109,1
ESCUELA GRAN MARISCAL DE AYACUCHO,10.4621,-66.7918,1
ESCUELA GRANJA ANIBAL DOMINICI,9.65572,-68.5854,1
ESCUELA GRANJA HECTOR ROJAS MEZA,10.0171,-69.2594,1
ESCUELA GRANJA OSCAR VILLANUEVA ANEXA NUMERO 390,9.04797,-69.7989,1
ESCUELA HILDA VASQUEZ,10.6058,-66.8495,1
ESCUELA INICIAL NACIONAL AÑO INTERNACIONAL DEL NIÑO,9.73566,-63.1908,1
ESCUELA INICIAL NACIONAL BRISAS DEL MORICHAL,9.71328,-63.3057,1
ESCUELA INICIAL NACIONAL ISMAEL SALAZAR,9.70998,-63.3084,1
ESCUELA INICIAL NACIONAL REPUBLICA DE VENEZUELA,9.7121,-63.2087,1
ESCUELA INTEGRAL  BOLIVARIANA  AGUA VIVA,9.97972,-69.0722,1
ESCUELA INTEGRAL  BOLIVARIANA AGUA NEGRA,10.0529,-69.165,1
ESCUELA INTEGRAL  BOLIVARIANA EL SALTO,10.1006,-69.0898,1
ESCUELA INTEGRAL  BOLIVARIANA GUAREMAL,10.1654,-69.096,1
ESCUELA INTEGRAL BOLIVARIANA   ALBERTO RAVELL,10.3379,-68.7404,1
ESCUELA INTEGRAL BOLIVARIANA  ARENALES,10.0068,-69.1335,1
ESCUELA INTEGRAL BOLIVARIANA  EL COROZO,10.366,-68.7153,1
ESCUELA INTEGRAL BOLIVARIANA  EL POZON,10.0598,-69.1854,1
ESCUELA INTEGRAL BOLIVARIANA  MIGUEL ANGEL GRANADO,10.1541,-68.57,1
ESCUELA INTEGRAL BOLIVARIANA ADOLFO NAVAS CORONADO,10.3385,-68.7503,1
ESCUELA INTEGRAL BOLIVARIANA CABUY,10.1613,-68.5534,1
ESCUELA INTEGRAL BOLIVARIANA CAÑAVERAL,10.1061,-69.1187,1
ESCUELA INTEGRAL BOLIVARIANA CAOMA,10.5195,-67.1244,1
ESCUELA INTEGRAL BOLIVARIANA CASCABEL,10.3456,-68.7498,1
ESCUELA INTEGRAL BOLIVARIANA CATALINA DE BOLIVAR,10.1557,-68.8988,1
ESCUELA INTEGRAL BOLIVARIANA CECILIA BAZAN DE  SEGURA,10.1611,-68.8939,1
ESCUELA INTEGRAL BOLIVARIANA CEDEÑO,9.98823,-68.4925,1
ESCUELA INTEGRAL BOLIVARIANA CUMARIPA,10.1537,-68.8264,1
ESCUELA INTEGRAL BOLIVARIANA ESCALONA Y CALATAYUD,10.1595,-68.9028,1
ESCUELA INTEGRAL BOLIVARIANA EZEQUIEL ZAMORA,10.3332,-68.7446,1
ESCUELA INTEGRAL BOLIVARIANA LA BARTOLA,10.2193,-68.8762,1
ESCUELA INTEGRAL BOLIVARIANA LA BLANQUERA,10.0928,-69.0319,1
ESCUELA INTEGRAL BOLIVARIANA LA HERMITA,10.291,-68.7554,1
ESCUELA INTEGRAL BOLIVARIANA LA LIBERTAD,10.1574,-68.8886,1
ESCUELA INTEGRAL BOLIVARIANA LA MARROQUINA,10.3157,-68.6864,1
ESCUELA INTEGRAL BOLIVARIANA LA NEGRITA,10.3035,-68.7205,1
ESCUELA INTEGRAL BOLIVARIANA LAS MULITAS,10.1503,-68.7438,1
ESCUELA INTEGRAL BOLIVARIANA LAS PIEDRITAS,10.1484,-68.5695,1
ESCUELA INTEGRAL BOLIVARIANA LOS COGOLLOS,10.1575,-68.6979,1
ESCUELA INTEGRAL BOLIVARIANA LOS HORCONES,10.163,-68.8952,1
ESCUELA INTEGRAL BOLIVARIANA MARIA DOLORES ARAUJO,9.32117,-70.5884,1
ESCUELA INTEGRAL BOLIVARIANA MARIA EVA DE LISCANO,10.3346,-68.7512,1
ESCUELA INTEGRAL BOLIVARIANA MURACHI,10.1653,-68.5453,1
ESCUELA INTEGRAL BOLIVARIANA PANCHITO,10.1847,-68.6947,1
ESCUELA INTEGRAL BOLIVARIANA REPUBLICA DE PANAMA,10.6018,-66.9262,1
ESCUELA INTEGRAL BOLIVARIANA SAN VICENTE,10.1272,-68.6324,1
ESCUELA INTEGRAL BOLIVARIANA SANTA ROSA DE TEJERIAS,10.0141,-68.5246,1
ESCUELA INTEGRAL BOLIVARIANA TAMANAVARE,10.2771,-68.7205,1
ESCUELA INTEGRAL BOLIVARIANA VIJAGUAL,10.2721,-68.7125,1
ESCUELA INTERNADO JUDICIAL CONCENTRADA  21,8.61336,-70.1929,1
ESCUELA JOAQUIN COSTA,10.6009,-71.664,1
ESCUELA JOSE MERCEDES SANTELIZ,10.4844,-66.8151,1
ESCUELA LICEO BOLIVARIANO EMILIO CONSTANTINO GUERRERO,7.75524,-72.2301,1
ESCUELA MANUEL SEGUNDO SANCHEZ,10.5885,-66.9525,1
ESCUELA MARTIN VERA GUERRA,10.4675,-66.6248,1
ESCUELA MULTIGRADO NACIONAL SIN NUMERO,9.18191,-69.7121,1
ESCUELA MUNICIPAL 5 DE JULIO,10.468,-66.7918,1
ESCUELA MUNICIPAL ALBERTO RAVELL,10.5927,-66.9764,1
ESCUELA MUNICIPAL ANDRES ELOY BLANCO,10.4676,-66.7825,1
ESCUELA MUNICIPAL BARBARO RIVAS,10.4482,-66.8658,1
ESCUELA MUNICIPAL CARMEN BALVERDE,10.4576,-66.7632,1
ESCUELA MUNICIPAL COROMOTO,10.4838,-66.7972,1
ESCUELA MUNICIPAL FERMIN TORO,10.4708,-66.7965,1
ESCUELA MUNICIPAL FRANCISCO DE MIRANDA,10.4922,-66.8215,1
ESCUELA MUNICIPAL HUGO DOMINGUEZ SANCHEZ,10.5992,-66.9688,1
ESCUELA MUNICIPAL JERMAN UBALDO LIRA,10.4498,-66.8593,1
ESCUELA MUNICIPAL LA GUAIRA,10.6013,-66.9311,1
ESCUELA MUNICIPAL LUISA CACERES DE ARISMENDI,7.78171,-72.2174,1
ESCUELA MUNICIPAL LUISA CASTILLO,10.6041,-66.9165,1
ESCUELA MUNICIPAL MIGUEL ZUNIAGA,10.6001,-66.9638,1
ESCUELA MUNICIPAL NUMERO 05 MIGUEL JOSE SANZ,10.4338,-66.8745,1
ESCUELA MUNICIPAL PAZ CASTILLO,10.4806,-66.7812,1
ESCUELA NACIONAL AVELINA DUARTE,7.89049,-67.4821,1
ESCUELA NACIONAL BARTOLOME SALOM,10.4679,-66.7899,1
ESCUELA NACIONAL BASICA SAN VICENTE,9.54136,-69.2141,1
ESCUELA NACIONAL BOLIVARIANA BACHILLER JOSÉ JOAQUÍN DE LEÓN,10.95,-63.8577,1
ESCUELA NACIONAL BOLIVARIANA BARARIDA,10.08,-69.3016,1
ESCUELA NACIONAL BOLIVARIANA EL VIGIA,10.3469,-67.0314,1
ESCUELA NACIONAL BOLIVARIANA MACHIRI,7.80601,-72.2255,1
ESCUELA NACIONAL BOLIVARIANA MIGUEL ANGEL DELGADO,10.0883,-69.3314,1
ESCUELA NACIONAL CARABALLEDA,10.6094,-66.8489,1
ESCUELA NACIONAL CONCENTRADA NUMERO 326,7.66023,-72.4369,1
ESCUELA NACIONAL CONCENTRADA NUMERO 3348-1880,9.67192,-69.2072,1
ESCUELA NACIONAL DIMAS ACOSTA ALVAREZ,10.0594,-69.3702,1
ESCUELA NACIONAL DOÑA EDELMIRA QUINTERO DE LOBO,8.55494,-71.2349,1
ESCUELA NACIONAL EDUARDO CHURION,10.4598,-66.52,1
ESCUELA NACIONAL EL TAMARINDO,10.4716,-66.6403,1
ESCUELA NACIONAL GRADUADA JUDITH DALO SANDON,10.4622,-66.6145,1
ESCUELA NACIONAL GRADUADA SAN ANTONIO,9.56764,-69.19,1
ESCUELA NACIONAL GRADUADA VERAGACHA,10.0707,-69.2515,1
ESCUELA NACIONAL INES LUCIA YEPEZ,10.0661,-69.33,1
ESCUELA NACIONAL INICIAL SIMONCITO LA FLORECITA,9.7509,-63.1252,1
ESCUELA NACIONAL JESUS MARIA ALFARO ZAMORA,10.464,-66.8319,1
ESCUELA NACIONAL LA CONCORDIA 2,10.0382,-69.4313,1
ESCUELA NACIONAL MAGALI BURGOS DE LOPEZ,10.4861,-66.8134,1
ESCUELA NACIONAL MANUEL AGUIRRE ELORRIAGA,10.4922,-66.793,1
ESCUELA NACIONAL MOREDE,10.1606,-70.069,1
ESCUELA NACIONAL NUMERO 3332 Y 202,9.60043,-69.3199,1
ESCUELA NACIONAL NUMERO 3765,9.6377,-69.2349,1
ESCUELA NACIONAL PABLO JOSE ALVAREZ,10.0605,-69.334,1
ESCUELA NACIONAL RICARDO ZULUAGA,10.499,-66.8311,1
ESCUELA NACIONAL SAN ANTONIO,10.0556,-69.3275,1
ESCUELA NACIONAL SAN JOSE,10.405,-71.4191,1
ESCUELA NACIONAL TACATA,10.3561,-67.0423,1
ESCUELA NACIONAL UNITARIA NUMERO 211,9.37273,-69.852,1
ESCUELA NACIONAL UNITARIA NUMERO 76,9.65847,-69.1863,1
ESCUELA POPULAR CATOLICA FE Y ALEGRIA,9.04165,-69.7405,1
ESCUELA PRE-VOCACIONAL CAP MONSEÑOR SIXTO SOSA,9.86153,-66.3683,1
ESCUELA PRIMARIA  APOLINAR CANTOR,9.7073,-63.2148,1
ESCUELA PRIMARIA  EL ROSARIO,7.60001,-68.4489,1
ESCUELA PRIMARIA  JUANA RAMIREZ,9.72474,-63.2392,1
ESCUELA PRIMARIA BASICA CONCENTRADA ESTADAL MATA OSCURA,9.56441,-68.785,1
ESCUELA PRIMARIA BETHEL TURUMBA,7.77361,-67.7991,1
ESCUELA PRIMARIA BOLAVARIANA RABANAL,7.83232,-67.5301,1
ESCUELA PRIMARIA BOLIVARIANA ANA DE MEDINA,7.75175,-67.5593,1
ESCUELA PRIMARIA BOLIVARIANA ANA ROSA CARO DE SOSA,7.10466,-70.761,1
ESCUELA PRIMARIA BOLIVARIANA ANTONIO JOSÉ TORREALBA,7.87198,-67.4419,1
ESCUELA PRIMARIA BOLIVARIANA ARNALDO REINA,7.88998,-67.4608,1
ESCUELA PRIMARIA BOLIVARIANA BUENA VISTA,7.8238,-68.2701,1
ESCUELA PRIMARIA BOLIVARIANA DIEGO EUGENIO CHACON,7.7821,-68.2233,1
ESCUELA PRIMARIA BOLIVARIANA EL BUCARE,7.87361,-67.4807,1
ESCUELA PRIMARIA BOLIVARIANA EL JOBO,7.70008,-68.2091,1
ESCUELA PRIMARIA BOLIVARIANA EL NAZARENO,7.77613,-68.2039,1
ESCUELA PRIMARIA BOLIVARIANA ESTADO NUEVA ESPARTA,10.472,-64.1532,1
ESCUELA PRIMARIA BOLIVARIANA FLORA DE CELIS,7.80989,-68.2039,1
ESCUELA PRIMARIA BOLIVARIANA LA VICTORIA,7.03197,-71.4353,1
ESCUELA PRIMARIA BOLIVARIANA LAS MONAS,7.03719,-71.4414,1
ESCUELA PRIMARIA BOLIVARIANA LEONARDO AGRINZONES,7.84505,-67.5157,1
ESCUELA PRIMARIA BOLIVARIANA LOS ALGARROBOS,7.77891,-67.8474,1
ESCUELA PRIMARIA BOLIVARIANA MANGO REDONDO,9.74022,-68.5232,1
ESCUELA PRIMARIA BOLIVARIANA MENCA DE LEONI,7.77823,-68.2263,1
ESCUELA PRIMARIA BOLIVARIANA OLINDA FRANCO DE CASTRO,7.82655,-67.6552,1
ESCUELA PRIMARIA BOLIVARIANA PUENTE PAEZ,7.0899,-70.7408,1
ESCUELA PRIMARIA BOLIVARIANA VIENTO A.,7.80351,-67.6886,1
ESCUELA PRIMARIA BOQUERONES,7.649,-68.1428,1
ESCUELA PRIMARIA CLEOTILDE PEREZ DE FERNANDEZ,7.6433,-67.6113,1
ESCUELA PRIMARIA CREACION TRAPICHITO,10.4699,-66.601,1
ESCUELA PRIMARIA ESTADAL BOYACA,9.74275,-63.1892,1
ESCUELA PRIMARIA ESTADAL MARCOS SERRES PADILLA,9.74169,-63.2071,1
ESCUELA PRIMARIA GRADUADA MIGUELINA MORILLO,7.77582,-67.7165,1
ESCUELA PRIMARIA ISABEL DE NAKATA,7.79029,-68.0554,1
ESCUELA PRIMARIA JOSE  HERNANDEZ,7.76435,-68.1788,1
ESCUELA PRIMARIA JOSE ANGEL MONTENEGRO,7.77323,-68.2277,1
ESCUELA PRIMARIA LA MORITA II VECINDARIO,7.77478,-67.7091,1
ESCUELA PRIMARIA NACIONAL   BOLIVARIANA PAULA BASTARDO,9.74013,-63.1771,1
ESCUELA PRIMARIA NACIONAL  FELIX ANTONIO CALDERON,9.73433,-63.1936,1
ESCUELA PRIMARIA NACIONAL  MIGUEL EDUARDO TURMERO,9.71671,-63.2022,1
ESCUELA PRIMARIA NACIONAL ADRIANA RENGEL DE SEQUERA,9.72664,-63.2056,1
ESCUELA PRIMARIA NACIONAL ALEJANDRO DE HUMBOLT,9.74675,-63.1884,1
ESCUELA PRIMARIA NACIONAL BATALLA DE LOS GODOS,9.7224,-63.1595,1
ESCUELA PRIMARIA NACIONAL BOLIVARIANA LA SABANA DEL ZORRO,9.79128,-63.2039,1
ESCUELA PRIMARIA NACIONAL CACIQUE GUANAGUANAI,9.6905,-63.2129,1
ESCUELA PRIMARIA NACIONAL EL AMBIENTE,9.76719,-63.1858,1
ESCUELA PRIMARIA NACIONAL JUAN FRANCISCO MILA DE LA ROCA,9.73123,-63.1818,1
ESCUELA PRIMARIA NACIONAL MEREYAL,9.74938,-63.1303,1
ESCUELA PRIMARIA NACIONAL VENTURA VARGAS,9.73877,-63.1807,1
ESCUELA PRIMARIA PAYARITA,7.78569,-67.8511,1
ESCUELA PRIMARIA PEDRO CAMEJO,7.89472,-68.1418,1
ESCUELA PRIMARIA SAN JOSE,7.875,-67.4715,1
ESCUELA PRIMARIA SANTA RUFINA,7.84731,-67.5118,1
ESCUELA PRIMARIA TOTUMITO,7.69498,-68.3572,1
ESCUELA PRIMERIA NACIONAL BOLIVARIANA PINTO SALINAS,9.73103,-63.1737,1
ESCUELA PRIMERIA NACIONAL DOÑA MENCA DE LEONI,9.77066,-63.2097,1
ESCUELA PUBLICA NACIONAL GABRIELA MISTRAL,9.79542,-63.1964,1
ESCUELA ROSA DE TENORIO,9.10745,-62.0643,1
ESCUELA RUIZ PINEDA I,10.0455,-69.3879,1
ESCUELA RURAL BOLIVARIANA GUARICUCO,10.596,-63.2493,1
ESCUELA RURAL BOLIVARIANA SAN LUIS,9.8427,-63.1631,1
ESCUELA RURAL LA CANDELARIA,10.0918,-68.6433,1
ESCUELA RURAL LAGUNA VERDE,9.97486,-68.6679,1
ESCUELA RURAL LAS GLORIAS,9.92256,-68.723,1
ESCUELA RURAL NUARITO,10.0146,-68.9593,1
ESCUELA RURAL ORUBAL,9.99461,-68.6257,1
ESCUELA RURAL SAN RAFAEL,10.1416,-68.8424,1
ESCUELA RURAL SANTA ANA O LA JOSEFINA,9.94925,-68.726,1
ESCUELA RURAL SANTA LUCIA,10.1015,-68.7075,1
ESCUELA SIMON RODRIGUEZ,8.99181,-62.0666,1
ESCUELA STELLA CECHINI,10.0759,-69.3249,1
ESCUELA TECNICA  ROBINSONIANA ROMULO GALLEGOS,10.3445,-68.7396,1
ESCUELA TECNICA  ROBINSONIANA SIMON RODRIGUEZ,8.60725,-71.1376,1
ESCUELA TECNICA AGROPECUARIA ACHAGUAS,7.85506,-68.3335,1
ESCUELA TECNICA AGROPECUARIA CARRIZAL,10.3499,-66.9782,1
ESCUELA TECNICA AGROPECUARIA FRANCISCO ARAMENDI,7.10091,-70.7578,1
ESCUELA TÉCNICA AGROPECUARIA ROBINSONIANA DE PESCA,10.4736,-64.1893,1
ESCUELA TECNICA AGROPECUARIA ROBINSONIANA SIMON BOLIVAR,9.78126,-63.1205,1
ESCUELA TECNICA COMERCIAL CARLOS GIL YEPEZ,10.0904,-69.307,1
ESCUELA TECNICA COMERCIAL DOCTOR AMBROSIO PERERA,10.0711,-69.2799,1
ESCUELA TECNICA COMERCIAL DOCTOR JESUS MUÑOZ TEBAR,10.3511,-67.0415,1
ESCUELA TECNICA COMERCIAL ELIODORO PINEDA,10.0808,-69.3111,1
ESCUELA TECNICA COMERCIAL MODESTO SILVA,10.474,-64.1646,1
ESCUELA TECNICA COMERCIAL PROFESOR ADEMAR VASQUEZ,9.56947,-69.2011,1
ESCUELA TECNICA COMERCIAL ROBINSONIANA JOSE LEONARDO CHIRINOS,8.60488,-70.2133,1
ESCUELA TECNICA COMERCIAL ROBINSONIANA NORBERTO PRADO,10.4677,-66.6015,1
ESCUELA TÉCNICA COMERCIAL SANTO TOMAS DE AQUINO (SALESIANOS),9.30679,-70.6091,1
ESCUELA TECNICA INDUSTRIAL (ETI),9.75364,-63.1673,1
ESCUELA TECNICA INDUSTRIAL GUANARE,9.01923,-69.7334,1
ESCUELA TECNICA INDUSTRIAL NACIONAL ANSELMO BELLOSO,10.5896,-71.6455,1
ESCUELA TECNICA INDUSTRIAL ROBINSONIANA CARLOS FIOLL,10.5962,-67.0421,1
ESCUELA TÉCNICA INDUSTRIAL ROBINSONIANA EMILIO TEBAR CARRASCO,10.4458,-64.1862,1
ESCUELA TECNICA INDUSTRIAL ROBINSONIANA RUBEN GONZALEZ,10.4752,-66.5928,1
ESCUELA TECNICA INDUSTRIAL ROQUE PINTO,10.3524,-67.0404,1
ESCUELA TECNICA LEONARDO INFANTE,10.4824,-66.816,1
ESCUELA TECNICA MANUEL ANTONIO PULIDO MENDEZ,8.57236,-71.1643,1
ESCUELA TECNICA POPULAR DON BOSCO,10.4935,-66.8249,1
ESCUELA TECNICA ROBINSONIANA CARLOS JOSE MUJICA,10.0925,-69.1205,1
ESCUELA TECNICA ROBINSONIANA COMERCIAL FELIX ANGEL LOZADA,9.73315,-63.191,1
ESCUELA TECNICA ROBINSONIANA DE CIENCIAS Y ARTES JUAN ANTONIO ROMAN VALECILLOS,7.76325,-72.2126,1
ESCUELA TECNICA ROBINSONIANA DR.EUSEBIO BAPTISTA,9.2688,-70.2317,1
ESCUELA TECNICA ROBINSONIANA PROFESOR  JOSE RICARDO GUILEN SUAREZ,8.54565,-71.2409,1
ESCUELA TERESA CARREÑO,9.80609,-63.3291,1
ESCUELA UNIDAD EDUCATIVA ESTADAL COROMOTO,8.5946,-71.1448,1
ESCUELA UNITARIA  ESTADAL SIN NUMERO MATA DE LEON,8.06156,-70.3651,1
ESCUELA UNITARIA  LAS DELICIAS,10.0005,-69.3467,1
ESCUELA UNITARIA EL QUEBRADON,9.26307,-70.6394,1
ESCUELA UNITARIA GUAIGUAYURE,10.2759,-70.1541,1
ESCUELA UNITARIA LA CEIBITA,8.35406,-70.5676,1
ESCUELA UNITARIA NUMERO 257,9.89158,-63.3074,1
ESCUELA UNITARIA NUMERO 91,10.3888,-70.1148,1
ESCUELA UNITARIA PAIVA,7.86695,-71.0926,1
ESCUELA UNITARIA RIECITO,9.99955,-69.3475,1
ESCUELA. BASICA. ELOY PAREDES,8.57669,-71.18,1
ESCUELA. BASICA. ESTADAL ARRECIFE,10.5862,-67.0803,1
ESCUELA. BASICA. ESTADAL CONCENTRADA. JUAN ANTONIO FONSECA,10.5307,-67.1205,1
ESCUELA. BASICA. ESTADAL VIA ETERNA,10.5937,-67.0192,1
ESCUELA. BASICA. ESTATAL JUAN ARANAGA,10.5954,-66.95,1
ESCUELA. BASICA. ESTATAL JUAN GERMAN ROSCIO,10.5948,-66.9547,1
ESCUELA. BASICA. NACIONAL. CATIA LA MAR,10.5838,-67.0193,1
ESCUELA. BASICA. NACIONAL. EL PARDILLO,10.5256,-67.13,1
ESCUELA. ESTATAL GUARDERIA INFANTIL CATIA LA MAR,10.5924,-67.0434,1
ESCUELA. ESTATAL VICENTE LECUNA,10.5993,-67.0233,1
ESCUELA. INTEGRAL BOLIVARIANA EUGENIA MARIA DE HOSTOS,10.598,-66.9727,1
ESCUELA. TECNOLOGICA. LICENCIADO ARANDA,10.5966,-66.9588,1
ESCUELAINTEGRAL BOLIVARIANA PARACAJE,10.1,-68.614,1
ESUELA BOLIVARIANA CIUDAD DE MATURIN,10.0869,-69.3222,1
ESUELA NACIONAL JUAN DE VILLEGAS,10.0953,-69.4349,1
FETRAMAGISTERIO,10.0712,-69.3195,1
FUERZA SALUD Y VIGOR CLUB DE LOS ABUELOS,10.4584,-66.7924,1
FUNDACION CONSERVATORIO VICENTE EMILIO SOJO,10.065,-69.2824,1
FUNDACION CULTURAL ATENEO DE CURACHO,10.664,-63.2355,1
FUNDACION ESCUELA DANZAS COCOROTE,10.3248,-68.7802,1
FUNDACION JOSE ANGEL LAMAS,10.4774,-66.8083,1
FUNDACION MUNICIPAL DEL NIÑO,10.0728,-69.3217,1
FUNDACION MUSEO DE BARQUISIMETO,10.0612,-69.3166,1
FUNDACION NACIONAL EL NINO SIMON CENTRO EDUCACION INICIAL LAS AVEJITAS,10.4871,-66.7528,1
FUNDACION NACIONAL EL NIÑO SIMON,9.20761,-66.0036,1
GERIATRICO PADRE LIZARDO,7.77705,-72.2079,1
GIMNASIO CUBIERTO 26 DE OCTUBRE,10.4565,-64.1887,1
GIMNASIO CUBIERTO CHELO CABRERA,10.6464,-63.2581,1
GIMNASIO CUBIERTO JESUS PIMPO ELORZA,10.329,-68.7677,1
GIMNASIO CUBIERTO LOS HORCONES,10.0326,-69.3629,1
GIMNASIO CUBIERTO NICOLAS OJEDA PARRA,10.3311,-68.753,1
GIMNASIO CUBIERTO TUCUPITA,9.06703,-62.0599,1
GIMNASIO VERTICAL,10.4925,-66.8502,1
GRUPO ESCOLAR  NACIONAL  DR MARCIAL HERNANDEZ,10.685,-71.6324,1
GRUPO ESCOLAR  RAFAEL IGNACIO MENDOZA,8.63986,-70.2387,1
GRUPO ESCOLAR  SAN FRANCISCO,10.5663,-71.6239,1
GRUPO ESCOLAR AMBROSIO PLAZA,10.4717,-66.5924,1
GRUPO ESCOLAR BACHILLER JOSE GABRIEL LANZA,9.10745,-62.0643,1
GRUPO ESCOLAR BACHILLER VIDAL,9.07673,-62.0673,1
GRUPO ESCOLAR BATALLA DE ARAURE,9.58183,-69.1964,1
GRUPO ESCOLAR BOLIVARIANO DURIGUA,9.55816,-69.1827,1
GRUPO ESCOLAR BOLIVARIANO MÁXIMO SAAVEDRA,9.24357,-70.2696,1
GRUPO ESCOLAR BOLIVIA TOVAR,10.0861,-69.3029,1
GRUPO ESCOLAR CABUDARE,10.0265,-69.2399,1
GRUPO ESCOLAR CAMAGUAN,8.93497,-67.4165,1
GRUPO ESCOLAR CARABOBO,9.06312,-62.0489,1
GRUPO ESCOLAR CARLOS RAFAEL CONTRERAS,9.086,-62.0921,1
GRUPO ESCOLAR CARLOS SOUBLETTE,8.62307,-70.2128,1
GRUPO ESCOLAR CECILIO ZUBILLAGA PERERA,10.0859,-69.316,1
GRUPO ESCOLAR CEFERINO ROJAS DIAZ,9.05004,-62.0435,1
GRUPO ESCOLAR CELESTINO PERAZA,9.06666,-62.0554,1
GRUPO ESCOLAR CIUDAD BOLIVAR,10.0565,-69.3383,1
GRUPO ESCOLAR CRISTOBAL MENDOZA,7.72616,-72.2422,1
GRUPO ESCOLAR DOCTOR LEONARDO RUIZ PINEDA,7.75438,-72.222,1
GRUPO ESCOLAR EL EDUCADOR,8.56471,-71.1771,1
GRUPO ESCOLAR EL EDUCADOR (B),8.56643,-71.1767,1
GRUPO ESCOLAR ELIAS CALIXTO POMPA,10.4713,-66.5402,1
GRUPO ESCOLAR ESTADAL CURPA,9.54775,-69.1994,1
GRUPO ESCOLAR ESTADAL EDUARDO EMIRO FERRER,10.631,-71.6602,1
GRUPO ESCOLAR ESTADAL RICAUTER,10.6356,-71.648,1
GRUPO ESCOLAR ESTADO GUARICO,8.63122,-70.2102,1
GRUPO ESCOLAR ESTADO LARA,8.55705,-71.2023,1
GRUPO ESCOLAR ESTADOS UNIDOS DE AMERICA,8.93406,-67.4288,1
GRUPO ESCOLAR EZEQUIEL BUJANDA,10.0321,-69.2641,1
GRUPO ESCOLAR FRANCISCO RIVAS,8.61581,-70.1935,1
GRUPO ESCOLAR GLADYS BRICEÑO MENDEZ,10.0331,-69.2719,1
GRUPO ESCOLAR GUATIRE,10.4696,-66.5532,1
GRUPO ESCOLAR JOSE DE LOS SANTOS PEREIRA,9.92198,-67.3767,1
GRUPO ESCOLAR JOSE FELIX RIBAS,9.90625,-67.3643,1
GRUPO ESCOLAR JOSE GREGORIO HERNANDEZ,10.0741,-69.3222,1
GRUPO ESCOLAR JOSE HERRERA OROPEZA,10.1826,-70.0761,1
GRUPO ESCOLAR JOSE RAFAEL VISO RODRIGUEZ,8.90822,-67.4409,1
GRUPO ESCOLAR JUAN TAMAYO RODRIGUEZ,10.0893,-69.3028,1
GRUPO ESCOLAR JUAN VICENTE GONZALEZ,9.07345,-62.0401,1
GRUPO ESCOLAR JUANA JOSEFA VARGAS,9.21512,-66.0111,1
GRUPO ESCOLAR LA FLORIDA,9.13072,-62.0697,1
GRUPO ESCOLAR LIC. FRANCISCO ARANDA,9.9136,-67.3537,1
GRUPO ESCOLAR LUISA ROJAS DE GONZALEZ,9.86124,-66.3849,1
GRUPO ESCOLAR MARQUEZ DEL PUMAR,7.81633,-71.176,1
GRUPO ESCOLAR MENCA DE LEONI II,10.4729,-66.6101,1
GRUPO ESCOLAR MONSEÑOR HELIMENAS AÑEZ,10.6585,-71.6372,1
GRUPO ESCOLAR NACIONAL AYACUCHO,10.0731,-69.3174,1
GRUPO ESCOLAR NACIONAL BATALLA DE BOYACA,10.7017,-71.5975,1
GRUPO ESCOLAR NACIONAL DIEGO ANTONIO BRICEÑO,9.03512,-69.7496,1
GRUPO ESCOLAR NACIONAL JUAN IGNACIO VALBUENA,10.3962,-71.4757,1
GRUPO ESCOLAR NACIONAL JUAREZ,10.0585,-69.2727,1
GRUPO ESCOLAR NACIONAL PRIMERO DE AGOSTO,10.6852,-71.6061,1
GRUPO ESCOLAR OTONIEL GUGLIETA,8.93233,-67.4216,1
GRUPO ESCOLAR PABLO EMILIO GAMBOA PEÑALOZA,7.77076,-72.2124,1
GRUPO ESCOLAR PEDRO ITRIAGO CHACIN,8.92524,-67.4329,1
GRUPO ESCOLAR PETION,9.06113,-62.0506,1
GRUPO ESCOLAR RAFAEL GONZALEZ UDIS,9.21734,-66.0013,1
GRUPO ESCOLAR RAFAEL NAPOLEON BAUTE,10.4816,-66.7976,1
GRUPO ESCOLAR RAFAEL VILLAVICENCIO,9.68575,-63.6117,1
GRUPO ESCOLAR RAIMUNDO ANDUEZA PALACIO,9.54997,-69.2122,1
GRUPO ESCOLAR RAMON ALFONZO BLANCO,10.4788,-66.5456,1
GRUPO ESCOLAR RAMON FRANCISCO FEO,8.92785,-67.4208,1
GRUPO ESCOLAR REPUBLICA DE COSTA RICA,10.0629,-69.3226,1
GRUPO ESCOLAR REPUBLICA DEL SALVADOR,10.5961,-66.9507,1
GRUPO ESCOLAR RUIZ PINEDA,10.4623,-66.6127,1
GRUPO ESCOLAR SIMON BOLIVAR,10.3527,-67.0364,1
GRUPO ESCOLAR SIMON RODRIGUEZ,10.4672,-66.6214,1
GRUPO ESCOLAR TARCISIA DE ROMERO,9.05809,-62.0421,1
GRUPO ESCUELA PRISCILO VELIZ,10.1754,-70.0748,1
GUARDERIA PRE ESCOLAR VIGERLI,10.4795,-66.844,1
GUARDERIA Y PREESCOLAR MI BELLA ILUCION,10.4854,-66.7957,1
HOGAR CACHORRITOS 11 Y 12 EL JEBE,10.1042,-69.3,1
HOGAR SAN JOSE DE LA MONTAÑA,10.6559,-71.6096,1
HOSP ANTIHANSENIANO MARTIN VEGAS,10.5857,-67.0149,1
HOSPITAL DR.JUAN DAZA PEREYRA,10.0566,-69.3398,1
I.U.T. JACINTO NAVARRO VALLENILLA,10.6159,-63.244,1
INCE,10.1636,-70.073,1
INCE CONSTRUCCION,10.4254,-64.1769,1
INCE INDUSTRIAL,10.4395,-64.1763,1
INCE MAR,10.9459,-63.866,1
INCE POLIVALENTE CARUPANO,10.6381,-63.2502,1
INCES,9.20623,-66.0049,1
INSTITUTO CENTRO APRENDIZAJE MADISON,10.465,-66.8315,1
INSTITUTO CICLO BASICO ESTEBAN GIL BORGES,10.4963,-66.8287,1
INSTITUTO CUMBRES DE CARACAS ASOCIACION CIVIL,10.466,-66.8373,1
INSTITUTO DE CICLO BASICO JUAN JOSE ABREU,10.4746,-66.5401,1
INSTITUTO DE EDUCACION ESPECIAL ACARIGUA,9.5571,-69.2028,1
INSTITUTO DE EDUCACION ESPECIAL BARINAS,8.63694,-70.2255,1
INSTITUTO DE EDUCACION ESPECIAL BOLIVARIANO CHIVACOA,10.1563,-68.8931,1
INSTITUTO DE EDUCACIÓN ESPECIAL BOLIVARIANO FRAY IGNACIO ALVAREZ,9.29464,-70.6053,1
INSTITUTO DE EDUCACION ESPECIAL BOLIVARIANO TARIBA,7.82132,-72.2232,1
INSTITUTO DE EDUCACION ESPECIAL LOS LLANOS,8.64287,-70.2419,1
INSTITUTO DE EDUCACION ESPECIAL MODELO LA GUAIRA,10.6111,-66.8615,1
INSTITUTO DE FORMACION INTEGRAL LOS PROCERES,10.5004,-66.8273,1
INSTITUTO DE MEJORAMIENTO PROFESIONAL DEL MAGISTERIO,9.05725,-62.0495,1
INSTITUTO DE NUEVAS PROFESIONES,10.4952,-66.8293,1
INSTITUTO DE PREVICION Y ASISTENCIA SOCIAL DEL MINISTERIO DE EDUCACION IPASME,10.3466,-68.734,1
INSTITUTO DIDACTICO ANDRES BELLO,10.478,-66.8214,1
INSTITUTO DIDACTICO ANTONIO JOSE DE SUCRE,10.4633,-66.8832,1
INSTITUTO EDUCACIONAL LANDER,10.4909,-66.8496,1
INSTITUTO EDUCATIVO CLAPAREDE,10.478,-66.8184,1
INSTITUTO EDUCATIVO INICIAL SIMÓN BOLÍVAR,9.57199,-69.2181,1
INSTITUTO EDUCATIVO SAN JUDAS TADEO,10.4676,-66.8082,1
INSTITUTO EINSTEIN,10.4934,-66.8596,1
INSTITUTO LA CONSOLACION,10.4746,-66.8914,1
INSTITUTO MADISON,10.4624,-66.823,1
INSTITUTO MADRE ISABEL,10.354,-67.009,1
INSTITUTO MAGISTERIAL VENEZUELA,10.4776,-66.809,1
INSTITUTO MARIA MICAELA,10.5022,-66.8335,1
INSTITUTO MEJORAMIENTO PROFESIONAL DEL MAGISTERIO,10.495,-66.828,1
INSTITUTO MUNICIPAL DE RECREACIÓN DEPORTIVA ARAURE,9.58061,-69.2202,1
INSTITUTO NACIONAL DE CAPACITACION SOCIALISTA,10.4875,-66.8077,1
INSTITUTO NACIONAL DE CAPACITACION Y EDUCACION SOCIALISTA,10.0665,-69.3137,1
INSTITUTO NACIONAL DE COOPERACIÓN EDUCATIVA (INCES),9.76269,-63.1493,1
INSTITUTO NACIONAL DE COOPERACIÓN EDUCATIVA COMERCIAL,7.76088,-72.2363,1
INSTITUTO NACIONAL DE COOPERACION EDUCATIVA SOCIALISTA CALABOZO,8.91836,-67.428,1
INSTITUTO NACIONAL DE ORIENTACION FEMENINA INOF,10.3563,-67.0585,1
INSTITUTO NACIONAL DE SERVICIOS SOCIALES INAGER,10.4959,-66.8759,1
INSTITUTO NACIONAL DE TIERRAS,10.3436,-68.7314,1
INSTITUTO NACIONAL DE TIERRAS (INTI),9.33696,-70.6017,1
INSTITUTO NAUTICO UNIDAD EDUCATIVA JOSE MANUEL SISO MARTINEZ,10.5981,-66.9745,1
INSTITUTO NIÑOS CANTORES DEL ZULIA,10.6487,-71.6616,1
INSTITUTO NUESTRA SEÑORA DE FATIMA,10.4991,-66.8266,1
INSTITUTO POPULAR MARIA MAZZARELLO,10.0885,-69.3225,1
INSTITUTO PROGRESO,10.5018,-66.8873,1
INSTITUTO UNIVERSITARIO DE LA FRONTERA,7.76723,-72.224,1
INSTITUTO UNIVERSITARIO DE NUEVAS PROFESIONES,10.4801,-66.8591,1
INSTITUTO UNIVERSITARIO DE TECNOLOGIA AGROINDUSTRIAL,7.74546,-72.2348,1
INSTITUTO UNIVERSITARIO DE TECNOLOGIA AGROPECUARIO DE BOCONO,9.24235,-70.2725,1
INSTITUTO UNIVERSITARIO DE TECNOLOGIA DE CABIMAS,10.4214,-71.4648,1
INSTITUTO UNIVERSITARIO DE TECNOLOGIA DEL ESTADO PORTUGUESA,9.54575,-69.1902,1
INSTITUTO UNIVERSITARIO DE TECNOLOGIA DEL ESTADO TRUJILLO BOCONO,9.24203,-70.2695,1
INSTITUTO UNIVERSITARIO DE TECNOLOGIA DEL YARACUY IUTY,10.3317,-68.7598,1
INSTITUTO UNIVERSITARIO DE TECNOLOGIA DOCTOR DELFIN MENDOZA,9.06813,-62.0596,1
INSTITUTO UNIVERSITARIO DE TECNOLOGIA INDUSTRIAL RODOLFO LOERO ARISMENDI,10.4857,-66.8756,1
INSTITUTO UNIVERSITARIO DE TECNOLOGIA INDUSTRIAL RODOLFO LOERO ARISMENDI (IUTIRLA),10.6017,-66.9335,1
INSTITUTO UNIVERSITARIO JUAN PABLO PEREZ ALFONZO,7.77114,-72.2294,1
INSTITUTO UNIVERSITARIO NUEVAS PROFESIONES,10.4946,-66.8679,1
INSTITUTO UNIVERSITARIO POLITECNICO SANTIAGO MARIÑO,10.3934,-71.456,1
INSTITUTO UNIVERSITARIO SANTIAGO MARIÑO,10.6748,-71.6554,1
INSTITUTO UNIVERSITARIO TECNICO DE ADMINISTRACION IUTA,10.3359,-67.0408,1
INSTITUTO UNIVERSITARIO TECNOLOGICO AGROPECUARIO,7.74588,-72.2351,1
INSTITUTO UNIVERSITARIO TECNOLOGICO DE LOS LLANOS,9.20042,-65.9944,1
INSTITUTO UNIVERSITARIO TECNOLOGICO JUAN PABLO PEREZ ALFONZO,10.6568,-71.6203,1
INTERNADO JUDICIAL,10.3246,-68.7489,1
INTERNADO JUDICIAL DE CARUPANO,10.6686,-63.2488,1
INTERNADO JUDICIAL DE CUMANA,10.4636,-64.17,1
INTERNADO JUDICIAL EL RODEO,10.4567,-66.4955,1
INTERNADO JUDICIAL EL RODEO II,10.4564,-66.5078,1
INTERNADO JUDICIAL LOS PINOS,9.9132,-67.377,1
INTERNADO JUDICIAL SAN FERNANDO,7.88801,-67.4725,1
IPASME,10.6762,-71.624,1
IUTIRLA,10.4858,-66.8845,1
JARD DE INFANCIA DOÑA JULIA RODRIGUEZ DE PEREZ,10.5851,-71.6277,1
JARD INFANCIA NACIONAL MORITA CARRILLO,10.5876,-71.6217,1
JARDIN  DE INFANCIA DON ROMULO GALLEGOS,8.62886,-70.2421,1
JARDIN DE INF ELOY PAREDES,8.57673,-71.1805,1
JARDIN DE INFANCIA AGUSTIN AVELEDO,10.4766,-66.807,1
JARDIN DE INFANCIA ANDRES BELLO,10.0725,-69.2943,1
JARDIN DE INFANCIA AQUILES NAZOA,10.4808,-66.7981,1
JARDIN DE INFANCIA AYACUCHO,10.4654,-66.9068,1
JARDIN DE INFANCIA BOLIVARIANA NUESTRA SEÑORA DE LA PAZ,9.31775,-70.6217,1
JARDIN DE INFANCIA BOLIVARIANO ALTAMIRA,9.55726,-69.2004,1
JARDIN DE INFANCIA BOLIVARIANO HIGUERON II,10.3383,-68.7231,1
JARDIN DE INFANCIA BOLIVARIANO LAUREANO VILLANUEVA,10.0775,-69.1201,1
JARDIN DE INFANCIA CADAFITO,10.4827,-66.8186,1
JARDIN DE INFANCIA CARMEN VERONICA COELLO,10.4768,-66.8059,1
JARDIN DE INFANCIA CARMEN VERONICA CUELLO,9.72197,-63.2065,1
JARDIN DE INFANCIA CORAPAL,10.6104,-66.8606,1
JARDIN DE INFANCIA DON ROMULO BENTANCOURT,10.4343,-66.8747,1
JARDIN DE INFANCIA EL AMANECER,9.52493,-69.2113,1
JARDIN DE INFANCIA EL BRILLANTE,10.3989,-71.4549,1
JARDIN DE INFANCIA EL CARMELO,9.52098,-69.1978,1
JARDIN DE INFANCIA EL LIBERTADOR.,10.4912,-66.8543,1
JARDIN DE INFANCIA ESTADO LARA,10.457,-64.1793,1
JARDIN DE INFANCIA FRANCISCO RIVAS,8.61635,-70.194,1
JARDIN DE INFANCIA GLADYS DE C,10.6513,-71.6747,1
JARDIN DE INFANCIA JUAN JOSE DE MAYA,10.3509,-68.7422,1
JARDIN DE INFANCIA JUAN PABLO PEREZ ALFONSO,10.4589,-66.7639,1
JARDIN DE INFANCIA LA GLORIA,9.13072,-62.0697,1
JARDIN DE INFANCIA LA LAGUNITA,9.58008,-69.2301,1
JARDIN DE INFANCIA LOS MEDANOS,10.39,-71.4362,1
JARDIN DE INFANCIA LOS OLIVOS,10.5898,-67.0348,1
JARDIN DE INFANCIA LOS PINOS,9.72897,-63.2104,1
JARDÍN DE INFANCIA LUÍS TOVAR,10.4615,-66.9123,1
JARDIN DE INFANCIA LUISA E.V.,10.6298,-71.6702,1
JARDIN DE INFANCIA MARIA MOÑITOS (ANEXO 1),10.6972,-71.629,1
JARDIN DE INFANCIA MARIA PERERA,10.1679,-70.0727,1
JARDIN DE INFANCIA MARIA TERESA DEL TORO,8.90323,-67.4213,1
JARDIN DE INFANCIA MAURICIO ENCINOSA,8.60977,-71.6635,1
JARDIN DE INFANCIA MIGUEL OCTAVIO,9.55846,-69.192,1
JARDIN DE INFANCIA MONAGAS,9.74195,-63.1778,1
JARDIN DE INFANCIA NACIONAL ADRIANA RENGEL DE SEQUERA,9.7263,-63.2062,1
JARDIN DE INFANCIA NACIONAL ANDRES ELOY BLANCO,10.5203,-71.6376,1
JARDIN DE INFANCIA NACIONAL GABRIELA MISTRAL,10.6102,-71.652,1
JARDIN DE INFANCIA NACIONAL GENERAL JUAN BAUTISTA ARISMENDI,10.5877,-71.6736,1
JARDIN DE INFANCIA NACIONAL JOSE FELIX RIBAS,10.4182,-71.4482,1
JARDIN DE INFANCIA NACIONAL MARIA DEVIS DE FUENMAYOR,10.7892,-71.687,1
JARDIN DE INFANCIA NACIONAL MARIA MOÑITOS,10.6972,-71.629,1
JARDIN DE INFANCIA NACIONAL VILLA BOLIVARIANA,10.5674,-71.6341,1
JARDÍN DE INFANCIA NUESTRA SEÑORA DE LA CANDELARIA,9.29645,-70.6009,1
JARDIN DE INFANCIA PABLO ACOSTA ORTIZ,10.0727,-69.3057,1
JARDIN DE INFANCIA PASTOR OROPEZA,10.0779,-69.2976,1
JARDIN DE INFANCIA PREESCOLAR MANUEL FELIPE RUGELES,10.4333,-66.8776,1
JARDIN DE INFANCIA PROFESORA CARMEN DE FIGUEIRA,9.56456,-69.1973,1
JARDIN DE INFANCIA SOLEDAD CLAVIER,9.75327,-63.1597,1
JARDIN DE INFANCIA TEOTISTE AROCHA DE GALLEGOS,10.4612,-66.9123,1
JARDIN DE INFANCIA TEOTISTE DE GALLEGOS,10.4781,-66.8897,1
JARDIN DE INFANCIA YARITAGUA,10.0751,-69.1212,1
JARDIN DE INFANCIA. ANDRES ELOY BLANCO,10.5202,-71.6373,1
JEFATURA CIVIL DEL VALLE,10.4688,-66.9026,1
JEFATURA CIVIL JUAN DE VILLEGAS,10.0685,-69.3716,1
JUNTA PARROQUIAL JUAN VILLEGAS,10.0693,-69.3712,1
KINDER GUAICAIPURO,10.395,-71.4638,1
KINDER JOSE GREGORIO MONAGAS,10.4623,-66.7931,1
KINDER LAS CASITAS,10.4701,-66.7954,1
LICEO ALONSO ANDREA DE LEDEZMA,10.4645,-66.6107,1
LICEO ANTONIO LEMUS PÉREZ,10.4438,-64.1853,1
LICEO BASICO CORAZÓN DE JESÚS,10.4671,-64.1764,1
LICEO BÁSICO PEDRO JOSÉ SALAZAR,10.6679,-63.2428,1
LICEO BOLIVARIANO  JOSE GABRIEL ALVAREZ DE LUGO,10.3225,-68.7831,1
LICEO BOLIVARIANO ANDRES LOMELLI ROSARIO,9.24586,-70.259,1
LICEO BOLIVARIANO ANTONIO JOSE DE SUCRE,10.4662,-64.174,1
LICEO BOLIVARIANO ANTONIO JOSÉ PACHECO,9.32529,-70.5989,1
LICEO BOLIVARIANO ANTONIO MARIA PIÑATE,10.4736,-66.6105,1
LICEO BOLIVARIANO ANTONIO NICOLÁS BRICEÑO,9.32347,-70.6022,1
LICEO BOLIVARIANO ARISTIDES ROJAS,10.3416,-68.744,1
LICEO BOLIVARIANO ARISTIDEZ URDANETA,10.4269,-71.4579,1
LICEO BOLIVARIANO BACHILLER CASTRO MACHADO,10.4678,-64.1627,1
LICEO BOLIVARIANO BOCA DE SABANA,10.4564,-64.1649,1
LICEO BOLIVARIANO CIUDAD DE VALERA,9.30019,-70.6137,1
LICEO BOLIVARIANO CLARISA ESTE DE TREJO,7.88409,-67.4656,1
LICEO BOLIVARIANO COMBINADO PEDRO CAMEJO,7.64616,-67.6045,1
LICEO BOLIVARIANO COMUNITARIO CASA TALLER CECILIA MUJICA,10.3311,-68.7517,1
LICEO BOLIVARIANO DOCTOR ARTURO USLAR PIETRI,8.61023,-71.6549,1
LICEO BOLIVARIANO DOCTOR RAFAEL CALDERA IZGUIRRE,10.3044,-68.7647,1
LICEO BOLIVARIANO DON ROMULO GALLEGOS,7.87905,-67.4806,1
LICEO BOLIVARIANO EJIDIO MONTESINOS,10.17,-70.0825,1
LICEO BOLIVARIANO EL VIGIA,8.60239,-71.636,1
LICEO BOLIVARIANO ELIAS ARAQUE MULLER,7.81633,-71.176,1
LICEO BOLIVARIANO FRANCISCO ALVARADO,7.77913,-72.2251,1
LICEO BOLIVARIANO FRANCISCO LAZO MARTI,7.88918,-67.4818,1
LICEO BOLIVARIANO GILDA RAMIREZ,9.72335,-63.2171,1
LICEO BOLIVARIANO HERIBERTO NUÑEZ OLIVEROS,10.1526,-68.5587,1
LICEO BOLIVARIANO INDEPENDENCIA DE VENEZUELA,9.5144,-69.2195,1
LICEO BOLIVARIANO JESUS MARIA PELLIN,7.77576,-72.2001,1
LICEO BOLIVARIANO JORGE ORDOSGOITI,10.6618,-63.2744,1
LICEO BOLIVARIANO JOSE GIL FORTOUL,9.20339,-65.9996,1
LICEO BOLIVARIANO JOSE MANUEL NUÑEZ PONTE,10.5033,-66.8882,1
LICEO BOLIVARIANO JOSÉ SILVERIO GONZÁLEZ,10.4416,-64.174,1
LICEO BOLIVARIANO JUAN JOSE DE MAYA,10.3324,-68.7508,1
LICEO BOLIVARIANO LINO DE CLEMENTE,10.4784,-66.8188,1
LICEO BOLIVARIANO LUIS LOPEZ MENDEZ,7.82575,-72.22,1
LICEO BOLIVARIANO MANUEL DIAZ RODRIGUEZ,7.82056,-72.4455,1
LICEO BOLIVARIANO MARIO BRICEÑO IRAGORRY,10.0772,-69.3063,1
LICEO BOLIVARIANO MIGUEL ANGEL ESCALANTE,7.89115,-67.459,1
LICEO BOLIVARIANO MONAY,9.53726,-70.4612,1
LICEO BOLIVARIANO MONSEÑOR MEJIAS,9.26133,-70.2329,1
LICEO BOLIVARIANO NUEVA ESPARTA,10.9584,-63.8571,1
LICEO BOLIVARIANO PADRE VICENTE,10.163,-68.8952,1
LICEO BOLIVARIANO PRESBITERO MANUEL AROCHA,9.9243,-68.3001,1
LICEO BOLIVARIANO RAFAEL VILLAVICENCIO,10.0731,-69.3444,1
LICEO BOLIVARIANO RAUL LEONI,9.6468,-68.5967,1
LICEO BOLIVARIANO ROMULO BETANCOURT,10.3279,-68.7334,1
LICEO BOLIVARIANO SAN FERNANDO,7.89155,-67.4766,1
LICEO BOLIVARIANO SIMÓN BOLÍVAR,7.77025,-72.2272,1
LICEO BOLIVARIANO SOCOPO,8.22893,-70.8137,1
LICEO BOLIVARIANO TAVERA ACOSTA,10.655,-63.2467,1
LICEO BOLIVARIANO VICENTE EMILIO SOJO,9.90345,-67.3512,1
LICEO BOLVARIANO RAFAEL RANGEL,9.31555,-70.6032,1
LICEO COCOROTE,10.0848,-69.1152,1
LICEO CREACION LIMONCITO,9.64637,-68.5939,1
LICEO CULTURAL BOLIVARIANO  MONSEÑOR JOSÉ HUMBERTO CONTRERAS,9.3107,-70.612,1
LICEO DIEGO EUGENIO CHACON,7.77276,-68.2309,1
LICEO DIONISIO LOPEZ ORIHUELA,9.05219,-62.0485,1
LICEO DR ALBERTO ADRIANI,8.62156,-71.6563,1
LICEO EJIDO,8.55336,-71.2335,1
LICEO ELOY GUILLERMO GONZALEZ,9.66763,-68.5856,1
LICEO EXPERIM FRAY J RAMOS DE LORA,8.59309,-71.1602,1
LICEO FRANCISCO DE MIRANDA,8.8974,-67.4304,1
LICEO GONZALO MENDEZ,7.76551,-72.2402,1
LICEO HUMBOLDT,8.93223,-67.4161,1
LICEO JOSE ANTONIO ALMARZA,10.7928,-71.6805,1
LICEO JOSE ENRIQUE RODO,9.07592,-62.0723,1
LICEO JOSE FRANCISCO BERMUDEZ,10.4622,-66.5118,1
LICEO JOSÉ FRANCISCO BERMÚDEZ,10.6315,-63.2637,1
LICEO JOSE GREGORIO GONZALEZ,9.22086,-66.012,1
LICEO JOSE MARIA ANTUNEZ,10.6716,-71.6679,1
LICEO JOSE MIGUEL SANZ,10.376,-66.9552,1
LICEO JUAN BAUTISTA PLAZA,10.4973,-66.8265,1
LICEO JUAN GERMAN ROSCIO,9.9072,-67.3585,1
LICEO LA COMUNIDAD NUEVA,9.04333,-69.7338,1
LICEO LIBERTADOR (B),8.5945,-71.1472,1
LICEO LISANDRO ALVARADO,10.0609,-69.3234,1
LICEO LOS ARCOS,10.4355,-66.8521,1
LICEO LUIS BELTRAN RAMOS,10.7049,-71.6367,1
LICEO LUIS GRATEROL BOLÍVAR,10.4545,-64.1873,1
LICEO MARIA TERESA CARREÑO,10.6344,-71.6556,1
LICEO NACIONAL  DOCTOR MANUEL NUÑEZ TOVAR,9.74123,-63.1834,1
LICEO NACIONAL ALEJO FORTIQUE,10.4308,-66.8755,1
LICEO NACIONAL BATALLA DE LA VICTORIA,9.6915,-63.2131,1
LICEO NACIONAL BELEN SAN JUAN,7.83475,-72.2115,1
LICEO NACIONAL BOLIVARIANO 24 DE JULIO DE 1783,9.66862,-68.5979,1
LICEO NACIONAL BOLIVARIANO CARLOS DEL POZO Y SUCRE,7.81636,-71.176,1
LICEO NACIONAL COQUIVACOA,10.6176,-71.6516,1
LICEO NACIONAL EDUARDO MATIAS LOSSADA,10.5668,-71.6344,1
LICEO NACIONAL FELIX ARMANDO NUÑEZ BEAPERTHUY,9.72438,-63.2006,1
LICEO NACIONAL FRANCISCO ISNARDI,9.7432,-63.1952,1
LICEO NACIONAL HERMAGORAS CHAVEZ,10.4039,-71.4619,1
LICEO NACIONAL IDELFONSO NUÑEZ MARES,9.74265,-63.1961,1
LICEO NACIONAL JOSE ALBERTO VELANDIA,10.4393,-66.8586,1
LICEO NACIONAL LIBERTADOR,8.59411,-71.1471,1
LICEO NACIONAL LOS GUARITOS,9.71515,-63.2053,1
LICEO NACIONAL MARCO ANTONIO SALUZZO,9.73096,-63.188,1
LICEO NACIONAL MIGUEL JOSE SANZ,9.74475,-63.1692,1
LICEO NACIONAL PABLO NERUDA,9.7641,-63.1439,1
LICEO NACIONAL PEDRO MARIA MORANTES,7.75553,-72.2314,1
LICEO NACIONAL RAMON JOSE VELAZQUEZ,7.77993,-72.2168,1
LICEO NACIONAL SALVADOR ALLENDE,9.77085,-63.2098,1
LICEO NACIONAL SAN ANTONIO,7.81873,-72.4413,1
LICEO OSCAR PICON GIACOPPINI,9.66017,-69.1039,1
LICEO PEDRO ARISMENDI BRITO,10.65,-63.2295,1
LICEO PEDRO ARNAL,10.4498,-64.1831,1
LICEO PRIVADO MONSEÑOR SILVA,8.59657,-71.1526,1
LICEO RAFAEL MARIA PEÑA SAAVEDRA,9.75592,-63.1527,1
LICEO ROMULO GALLEGOS,8.61938,-71.1321,1
LICEO SAN JOSE,10.3516,-67.0352,1
LICEO SANTIAGO AGUERREVERE,5.66506,-67.6197,1
LICEO SIMÓN BOLIVAR,9.76931,-63.1975,1
LICEO SIMÓN RODRÍGUEZ,10.6678,-63.2511,1
LICEO TULIO FEBRES CORDERO (B),8.59759,-71.1388,1
LICEO URBANEJA ACHELPOHL,10.479,-66.8968,1
LICEO VICENTE EMILIO SOJO,10.4638,-66.5212,1
MEDICATURA RURAL PALOMA DE CHAMBERY,8.98621,-62.0817,1
MINI DEPORTIVO CAMELIA DE REGGETTI,10.4881,-66.8095,1
MODULO COMUNAL LA MURALLA,9.73608,-63.2053,1
MODULO DE BARRIO ADENTRO CECILIO ACOSTA,10.4649,-66.8031,1
MODULO DE SERVICIO CERRITOS BLANCOS,10.0341,-69.3914,1
MODULO DE SERVICIO DE OJO DE AGUA,10.4208,-66.8706,1
MODULO DE SERVICIOS COMUNAL DE CASCAJAL,10.435,-64.1784,1
MODULO DE SERVICIOS MULTIPLES CAIGUIRE,10.4719,-64.1293,1
MODULO INTEGRAL DE BIENESTAR ESTUDIANTIL NIBE,9.57697,-69.2399,1
MODULO POLICIAL DEL PARQUE PADILLA RON,9.7555,-63.1579,1
MULTIHOGAR LOS CACHORRITOS NUMERO 15,10.0449,-69.3881,1
NUCLEO CULTURAL BERMUDEZ,10.4598,-64.1879,1
NUCLEO ESCOLAR RURAL 129,7.74948,-72.1982,1
NUCLEO ESCOLAR RURAL PALMARITO,10.064,-68.4988,1
NUCLEO INTEGRAL DE BIENESTAR ESTUDIANTIL,9.90462,-67.3691,1
NUCLEO RURAL NUMERO 289 ESCUELA ESTADAL NUMERO 49.,9.09261,-69.7137,1
OBRA SOCIAL DE LA MADRE Y EL NIÑO,10.6846,-71.6303,1
OFICINA DE TELEGRAFOS (IPOSTEL) CENTRO COMERCIAL CEDIAZ,10.4933,-66.8782,1
OFICINA DE TRANSPORTE BOLIVARIANO,10.3236,-68.7514,1
PARQUE CENTRAL TUCUPITA,9.05471,-62.0437,1
PARQUE DE RECREACION DE TUCUPITA II,9.05228,-62.0429,1
PARQUE EXPOSICION TEODORO HERRERA,10.1665,-70.0842,1
PATRONATO SAN JOSE DE TARBES,10.5022,-66.8996,1
PENITENCIARIA GENERAL DE VENEZUELA,9.9089,-67.3833,1
POLIDEPORTIVO LA BOYERA,10.4242,-66.842,1
PRE ESCOLAR DANIEL NAVEA,5.65842,-67.6247,1
PRE ESCOLAR DURIGUA VIEJA,9.55138,-69.1751,1
PRE ESCOLAR LAS LOMITAS,10.434,-66.8873,1
PRE ESCOLAR LAS PALMITAS,9.57412,-69.2372,1
PRE ESCOLAR LEOWALDO JOSE SORONDO,9.53792,-69.1929,1
PRE ESCOLAR WILLY,10.5893,-67.0175,1
PRE- ESCOLAR BOLIVARIANO CASCAJAL,10.4361,-64.1774,1
PRE-ESCOLAR   JUAN IGNACIO MENDEZ,9.93351,-68.2938,1
PRE-ESCOLAR  AÑO INTERNACIONAL DEL NIÑO,10.4607,-64.1769,1
PRE-ESCOLAR ADELA DE CALVANI OCASIS,10.473,-66.803,1
PRE-ESCOLAR AÑO INTERNACIONAL DEL NIÑO,10.426,-64.178,1
PRE-ESCOLAR BOLIVARIANO EZEQUIEL ZAMORA,9.89789,-67.3569,1
PRE-ESCOLAR CREACION LAS MERCEDES,10.0365,-69.2255,1
PRE-ESCOLAR DON ANDRES BELLO,8.56378,-71.1964,1
PRE-ESCOLAR DON BOSCO,10.4791,-66.8055,1
PRE-ESCOLAR DON PIO ALVARADO,10.1817,-70.0678,1
PRE-ESCOLAR EL BRASIL,10.4263,-64.1792,1
PRE-ESCOLAR JARDIN DE INFANCIA MARIA LARRIVA SALAS,8.63094,-70.2386,1
PRE-ESCOLAR JUAN PABLO SEGUNDO,9.04492,-69.7507,1
PRE-ESCOLAR LA ESTRELLA,10.4753,-66.666,1
PRE-ESCOLAR LA TRINIDAD,10.4602,-64.1885,1
PRE-ESCOLAR LOS LLANERITOS,9.03543,-69.7505,1
PRE-ESCOLAR LOS PICOS E/ PLATA,9.92142,-68.3117,1
PRE-ESCOLAR MARIA CONCEPCION PALACIOS,10.4654,-66.9054,1
PRE-ESCOLAR MONSEÑOR ENRIQUE DE FERRARI,5.65857,-67.6151,1
PRE-ESCOLAR NIÑO SIMON,8.58768,-71.1519,1
PRE-ESCOLAR NUESTRA SEÑORA DEL ROSARIO,10.4346,-66.8743,1
PRE-ESCOLAR TERRAZAS DEL ESTE,10.4662,-66.5995,1
PRE-ESCOLAR TIA ALICIA POJAN,10.371,-66.9769,1
PRE-ESCOLAR TUCUSITO,10.6292,-71.6703,1
PRE-ESCOLAR UNIDAD EDUCATIVA MANUELITA SAENZ,10.4604,-66.5458,1
PREESCOLAR AMINTA DE MANZANILLA,10.4892,-66.815,1
PREESCOLAR ANA GRACIELA DE HINESTROZA,10.572,-71.6356,1
PREESCOLAR ANTONIO JOSÉ DE SUCRE,10.4688,-66.9034,1
PREESCOLAR BOLIVARIANO AGROKINDER LOS COQUITOS,7.88715,-67.4638,1
PREESCOLAR BOLIVARIANO ALBERTO ARVELO  TORREALBA,8.23547,-70.8199,1
PREESCOLAR BOLIVARIANO LAS AMERICAS,8.2335,-70.8178,1
PREESCOLAR BOLIVARIANO LOS PAPAGALLOS,8.3541,-70.5676,1
PREESCOLAR DOÑA CARMEN,10.463,-66.7943,1
PREESCOLAR DORA TEOTISTE DE GALLEGOS,9.73596,-63.2096,1
PREESCOLAR ESTADAL LOS ANGELITOS,10.6716,-71.6575,1
PREESCOLAR EUGENIA RABASCO,10.5011,-66.8258,1
PREESCOLAR JOSE FRANCISCO JIMENEZ,8.3541,-70.5676,1
PREESCOLAR MADRE TERESA DE CALCUTA,5.64548,-67.6167,1
PREESCOLAR MANANTIAL,10.4588,-66.8029,1
PREESCOLAR MATEA BOLIVAR,10.4746,-66.8044,1
PREESCOLAR MI JARDIN,10.4454,-64.1774,1
PREESCOLAR MIRIAM ACUÑA,10.4703,-66.7967,1
PREESCOLAR NACIONAL SIMON BOLIVAR,10.3908,-71.4281,1
PREESCOLAR SIMON BOLIVAR,5.6678,-67.6224,1
PREESCOLAR. BOLIVARIANO AÑO INTERNACIONAL DEL NIÑO,7.87617,-67.4785,1
PRESCOLAR ARAGUANEY,9.21318,-66.0059,1
PRESCOLAR ASISTENCIAL DON BERNABE PLANA,10.4753,-66.9044,1
REGISTRO CIVIL DE LA PARROQUIA LAS MINAS,10.4504,-66.8617,1
RESIDENCIA DE ANCIANOS FRANCISCO LAZO MARTI,9.9018,-67.35,1
SALON DE LA ALCALDIA DEL MUNICIPIO TORRES,10.1704,-70.0798,1
SALON USOS MULTIPLES FUNDACITE,10.4473,-64.1035,1
SAPINAES CRUZ SALMERON ACOSTA,10.4468,-64.1767,1
SECRETARIA GENERAL SECTORIAL DE DESARROLLO SOCIAL,9.05894,-62.0551,1
SEDE ADMINISTRATIVA DEL COLEGIO UNIVERSITARIO DE LOS TEQUES CECILIO ACOSTA,10.3459,-67.0241,1
SEDE DE PROTECCIÓN CIVIL,9.53869,-70.4639,1
SERVICIO DE PROTECCIÒN INTEGRAL A LA NIÑEZ Y ADOLESCENCIA,10.478,-66.5401,1
SIMONCITO CIUDAD BELEN,10.4611,-66.6327,1
SIMONCITO COMUNITARIO CRECIENDO FELIZ,10.4612,-66.5913,1
SIMONCITO INTERNO 24 DE JUNIO,9.71413,-63.5854,1
SIMONCITO YAMILET BORJAS,8.1643,-67.4717,1
SINDICATO UNICO DEL MAGISTERIO,9.06086,-62.0425,1
TALLER BOLIVARIANO DE EDUCACION ESPECIAL NUEVA SEGOVIA,10.0955,-69.2786,1
TALLER DE EDUCACION  LABORAL ALTO BARINAS,8.6254,-70.2591,1
TALLER DE EDUCACION LABORAL BOLIVARIANO AYACUCHO,9.7638,-63.1492,1
TALLER DE EDUCACION LABORAL BOLIVARIANO NIRGUA,10.153,-68.5612,1
TALLER DE EDUCACION LABORAL BOLIVARIANO PILAR DE KREUBELL,10.3385,-68.758,1
TALLER MANZANARES,10.4693,-64.1217,1
TEATRO CESAR RENGIFO,10.476,-66.807,1
TECNICA.TITO SPORT,10.4799,-66.7989,1
TERMINAL DE PASAJEROS DE LOS TEQUES,10.3298,-67.0417,1
U.E. ANGEL VALERO HOSTOS,10.5839,-67.0668,1
U.E. AQUILES NAZOA,10.4456,-64.151,1
U.E. CANDIDO RAMÍREZ,10.4506,-64.1594,1
U.E. COLEGIO EL SANTISIMO,10.0482,-69.3517,1
U.E. CREACIÓN CANTARRANA,10.4335,-64.132,1
U.E. CRISTÓBAL DE QUEZADA,10.4454,-64.1767,1
U.E. CRUZ ALMANDOZ MORA,10.4299,-64.2066,1
U.E. JOSÉ ANTONIO RAMOS SUCRE,10.4624,-64.1665,1
U.E. MADRE ALBERTA JIMENEZ,10.4715,-64.1404,1
U.E. REPUBLICA ARGENTINA,10.4683,-64.1706,1
U.E.COLEGIO MARIA AUXILIADORA,10.0606,-69.3312,1
U.E.I. LA SALLE,10.0605,-69.319,1
U.E.N. HECTOR CASTILLO REYES,10.0489,-69.3498,1
U.E.N. JOSE GIL FORTOUL,10.0616,-69.3426,1
U.E.N. LIBERTADOR,10.0567,-69.3308,1
UE ROMULO BETANCOURT,10.623,-71.6762,1
UND ED HERMANAS ALMARZA,8.56116,-71.2546,1
UNEFA,10.4659,-64.1862,1
UNIADAD EDUCATIVA NACIONAL GUARENAS,10.34,-67.0449,1
UNID EDUC ANDRES ELOY BLANCO,8.56335,-71.1727,1
UNID EDUC EL RINCON,8.6044,-71.1714,1
UNIDA BASICA EDUCATIVA  BILINGUE NUESTRA  SEÑORA DE FATIMA,8.60949,-70.2381,1
UNIDA BASICA LA INMACULADA FE Y ALEGRIA,8.61671,-70.2008,1
UNIDA EDUCATIVA AMANTINA DE SUCRE,7.8072,-67.5223,1
UNIDA EDUCATIVA COLEGIO LAS ACACIAS,10.4836,-66.9008,1
UNIDAD  EDUCATIVA   ARQUIDIOCESANA MONSEÑOR  JUAN HILAR,10.5548,-71.6707,1
UNIDAD  EDUCATIVA   ARQUIDIOCESANA. MADRE LAURA,10.563,-71.6683,1
UNIDAD  EDUCATIVA  ARQUIDIOCESANA MADRE LAURA,10.562,-71.6672,1
UNIDAD  EDUCATIVA  BASICA  ALTO BARINAS SUR,8.6094,-70.2532,1
UNIDAD  EDUCATIVA  COLEGIO SAN FRANCISCO (PADRE VILCHEZ),10.5512,-71.619,1
UNIDAD  EDUCATIVA  ESTATAL SAN FRANCISCO,10.546,-71.6261,1
UNIDAD  EDUCATIVA  FE Y ALEGRIA NUEVA AMERICA,10.5473,-71.6539,1
UNIDAD  EDUCATIVA  NUEVA VENEZUELA FE Y ALEGRIA,10.5463,-71.6537,1
UNIDAD  EDUCATIVA  SIMON BOLIVAR C.A,8.61745,-70.2498,1
UNIDAD  EDUCATIVA 5 DE JULIO,8.57935,-71.164,1
UNIDAD  EDUCATIVA ANTONIO N RANGEL,8.57979,-71.16,1
UNIDAD  EDUCATIVA COLEGIO SANTA GEMA,10.5017,-66.8405,1
UNIDAD  EDUCATIVA MANZANO BAJO,8.572,-71.2352,1
UNIDAD  EDUCATIVA PADRE FELIPE  SALVADOR GILIJ,8.60081,-70.2031,1
UNIDAD  EDUCATIVA SALVANO VELAZCO,9.24357,-70.2696,1
UNIDAD  NACIONAL SAN FRANCISCO JAVIER,10.0653,-69.3521,1
UNIDAD BASICA EDUCATIVA ALBERTO SEQUIN VERA,10.4619,-66.6093,1
UNIDAD BASICA LA BLANCA,8.62417,-71.6252,1
UNIDAD BASICA LA CARUCIEÑA,10.033,-69.3619,1
UNIDAD BASICA MUNICIPAL SOCORRO GONZALEZ GUINAN,10.4731,-66.8123,1
UNIDAD EDUC. MAURICIO ENCINOSO,8.61641,-71.6479,1
UNIDAD EDUCACIONAL COLEGIO JARDIN FRANCISCANO,10.4993,-66.8698,1
UNIDAD EDUCATIVA   JOSÉ ANTONIO PÁEZ,10.6678,-63.3405,1
UNIDAD EDUCATIVA  1RO DE MAYO,10.6459,-63.2581,1
UNIDAD EDUCATIVA  ALBERTO SANABRIA,10.4364,-64.1768,1
UNIDAD EDUCATIVA  AMÉRICA FERNÁNDEZ DE LEONI,9.24607,-70.2661,1
UNIDAD EDUCATIVA  ARTESANAL VALMORE RODRIGUEZ,10.0302,-69.2628,1
UNIDAD EDUCATIVA  ASCANIO VELÁSQUEZ,10.4629,-64.1833,1
UNIDAD EDUCATIVA  BASICA NACIONAL FERNANDO TORO,10.5968,-66.9516,1
UNIDAD EDUCATIVA  BASICA PIEDRA AZUL,10.0188,-69.2424,1
UNIDAD EDUCATIVA  BICENTENARIA NATALICIO  DEL LIBERTADOR,8.3884,-70.667,1
UNIDAD EDUCATIVA  BICENTENARIO DEL LIBERTADOR,8.57962,-71.2088,1
UNIDAD EDUCATIVA  BOLIVARIANO SIMON  AGUSTIN JIMENEZ,8.62281,-70.2049,1
UNIDAD EDUCATIVA  COLEGIO  SIMON BOLIVAR Y GARIBALDI,10.4997,-66.8049,1
UNIDAD EDUCATIVA  COLEGIO CRISTO REY,10.1652,-70.0786,1
UNIDAD EDUCATIVA  DIEGO SIFONTE SOSA,9.72555,-63.2543,1
UNIDAD EDUCATIVA  DOCTOR LEONARDO RUIZ PINEDA,9.24357,-70.2696,1
UNIDAD EDUCATIVA  ESTADAL ANITA ESPINAL,10.357,-67.0366,1
UNIDAD EDUCATIVA  FE Y ALEGRÍA SAN LUIS,10.4449,-64.1862,1
UNIDAD EDUCATIVA  FRANCISCO DE MIRANDA,10.4475,-64.1758,1
UNIDAD EDUCATIVA  GENERAL AQUILINO JUAREZ,10.0308,-69.2422,1
UNIDAD EDUCATIVA  JAVIER ALCALÁ VÁSQUEZ,10.4401,-64.1332,1
UNIDAD EDUCATIVA  JOSÉ ANTONIO RAMOS SUCRE,10.4593,-64.1779,1
UNIDAD EDUCATIVA  JOSÉ FRANCISCO BERMÚDEZ,10.6517,-63.2842,1
UNIDAD EDUCATIVA  JOSE GREGORIO HERNANDEZ,10.3524,-67.0637,1
UNIDAD EDUCATIVA  JOSÉ JESÚS MARTÍNEZ MATA,10.6602,-63.2557,1
UNIDAD EDUCATIVA  JUANITA SALINA DE GAMBOA,10.6249,-63.2662,1
UNIDAD EDUCATIVA  MANUEL MARIA CARRASQUERO,9.33067,-70.5865,1
UNIDAD EDUCATIVA  MANUEL SATURNINO PEÑALVER GÓMEZ,10.4209,-64.157,1
UNIDAD EDUCATIVA  MARIA REINA DE LÓPEZ,10.6554,-63.2332,1
UNIDAD EDUCATIVA  MIGUEL OTERO SILVA,10.038,-69.1869,1
UNIDAD EDUCATIVA  MONSEÑOR FRANCISCO MIGUEL SEIJAS,9.92365,-68.3142,1
UNIDAD EDUCATIVA  NACIONAL  FRANCISCO REINOSO NUÑEZ,10.6701,-71.6985,1
UNIDAD EDUCATIVA  NACIONAL BOLIVARIANA ARAIRA,10.4525,-66.4836,1
UNIDAD EDUCATIVA  NACIONAL FE Y ALEGRIA N°:2,10.7026,-71.6051,1
UNIDAD EDUCATIVA  PABLO CANELA,10.0268,-69.3906,1
UNIDAD EDUCATIVA  PADRE DELGADO,10.3421,-68.7455,1
UNIDAD EDUCATIVA  POPULAR  COLEGIO NUESTRA SEÑORA DE FATIMA,10.5078,-66.8561,1
UNIDAD EDUCATIVA  POPULAR COLEGIO SAN IGNACIO DE LOYOLA,10.4989,-66.8568,1
UNIDAD EDUCATIVA  PRIVADA SAN JOSE,10.6619,-63.2499,1
UNIDAD EDUCATIVA  REGULO RICO,10.4613,-66.6189,1
UNIDAD EDUCATIVA  SANTA ROSA DE LIMA,10.6677,-63.2595,1
UNIDAD EDUCATIVA  SIMÓN BOLÍVAR,10.6602,-63.2519,1
UNIDAD EDUCATIVA  TRINA HERNÁNDEZ DE FIGUERA,10.2285,-63.9035,1
UNIDAD EDUCATIVA 1630 ANEXO EL TAPARO,8.64516,-71.6888,1
UNIDAD EDUCATIVA 5 DE JULIO,8.55529,-71.2515,1
UNIDAD EDUCATIVA ADVENTISTA ALEJANDRO OROPEZA CASTILLO,10.4539,-66.6104,1
UNIDAD EDUCATIVA AGUA FRIA,10.3882,-67.1836,1
UNIDAD EDUCATIVA AGUSTIN AVELEDO TOVAR,10.6349,-71.6503,1
UNIDAD EDUCATIVA AGUSTIN CODAZZI,10.5047,-66.8748,1
UNIDAD EDUCATIVA ALBERTO CARNEVALI,8.61708,-71.1458,1
UNIDAD EDUCATIVA ALBERTO RAVELL,10.4757,-66.7965,1
UNIDAD EDUCATIVA ALIRIO UGARTE PELAYO,10.0769,-69.2917,1
UNIDAD EDUCATIVA ALTERNATIVA EL CARMEN,10.4752,-66.8028,1
UNIDAD EDUCATIVA ALTO BARINAS NORTE.LA EXCELENCIA.,8.6199,-70.2529,1
UNIDAD EDUCATIVA ANA ELENA OSORIO,10.6597,-71.7013,1
UNIDAD EDUCATIVA ANDRES BELLO,10.018,-69.2587,1
UNIDAD EDUCATIVA ANDRES ELOY BLANCO,10.0915,-69.3284,1
UNIDAD EDUCATIVA ANDRÉS ELOY BLANCO,10.4579,-64.1864,1
UNIDAD EDUCATIVA ANTONIO ARRAIZ,10.0855,-69.3389,1
UNIDAD EDUCATIVA ANTONIO JOSE ROJAS,10.4768,-66.5984,1
UNIDAD EDUCATIVA ANTONIO MARIA MARTÍNEZ,10.958,-63.8645,1
UNIDAD EDUCATIVA ANTONIO MARIA PEREZ DEL REAL,7.81967,-72.4453,1
UNIDAD EDUCATIVA ANTONIO NICOLÁS BRICEÑO,9.31074,-70.6101,1
UNIDAD EDUCATIVA ARQUIDIOSESANA MANOLO MUCHACHO,10.6547,-71.6759,1
UNIDAD EDUCATIVA BACHILLER SANTIAGO SALAZAR FERMIN,10.9661,-63.844,1
UNIDAD EDUCATIVA BARRIO BOLIVAR,10.6644,-63.2382,1
UNIDAD EDUCATIVA BASICA MONSEÑOR DOCTOR  SANTIAGO HERNANDEZ MILANEZ,8.59295,-71.1655,1
UNIDAD EDUCATIVA BASICA MUNICIPAL JUAN DE DIOS GUANCHE,10.505,-66.859,1
UNIDAD EDUCATIVA BASICA PRE-ESCOLAR ARTURO MICHELENA,10.4574,-66.5406,1
UNIDAD EDUCATIVA BASICA SANTA ROSALIA,10.4528,-66.4845,1
UNIDAD EDUCATIVA BENITO CANONICO,10.4777,-66.5918,1
UNIDAD EDUCATIVA BERTHA CORDERO,10.0772,-69.3895,1
UNIDAD EDUCATIVA BOLIVAR,9.71387,-63.2006,1
UNIDAD EDUCATIVA BOLIVARIANA ALIANZA,7.74752,-72.2225,1
UNIDAD EDUCATIVA BOLIVARIANA ANTONIO MARIA CHACON PINEDA NER 33,7.64875,-72.4185,1
UNIDAD EDUCATIVA BOLIVARIANA DE TALENTO DEPORTIVO TACHIRENSE,7.78821,-72.1993,1
UNIDAD EDUCATIVA BOLIVARIANA DOCTOR NICOLAS JOSE MENDIBLE,10.4801,-66.8995,1
UNIDAD EDUCATIVA BOLIVARIANA DR. RAMON E. GUALDRON,10.0822,-69.3075,1
UNIDAD EDUCATIVA BOLIVARIANA JOSE ANTONIO RODRIGUEZ ABREU,10.6303,-63.2474,1
UNIDAD EDUCATIVA BOLIVARIANA JOSEFA JOAQUINA SANCHEZ,10.5767,-67.094,1
UNIDAD EDUCATIVA BOLIVARIANA JUAN GERMAN ROSCIO,9.2229,-65.9842,1
UNIDAD EDUCATIVA BOLIVARIANA LA INMACULADA,10.4715,-64.1353,1
UNIDAD EDUCATIVA BOLIVARIANA LA VEGA I,8.5974,-71.6263,1
UNIDAD EDUCATIVA BOLIVARIANA LIBERTADOR EC-040,9.26618,-65.9686,1
UNIDAD EDUCATIVA BOLIVARIANA LUIS BELISARIO DIAZ RANGEL,7.65447,-72.3947,1
UNIDAD EDUCATIVA BOLIVARIANA MANUELITA SAENZ,8.65426,-71.6634,1
UNIDAD EDUCATIVA BOLIVARIANA NACIONAL VILLAS DEL PILAR,9.59524,-69.2152,1
UNIDAD EDUCATIVA BOLIVARIANA ONIA CAÑO ISABEL,8.59959,-71.688,1
UNIDAD EDUCATIVA BOLIVARIANA PIE DE CUESTA,7.81039,-72.266,1
UNIDAD EDUCATIVA BOLIVARIANA PRE-VOCACIONAL AGUA CLARA,9.32419,-70.6332,1
UNIDAD EDUCATIVA BOLIVARIANA PROFESOR JOSE EVELIO APONTE,10.0117,-69.3099,1
UNIDAD EDUCATIVA BOLIVARIANA TIPURO 2,9.77371,-63.2455,1
UNIDAD EDUCATIVA BOLIVARIANA. MARIA PEREIRA DE DAZA,10.0826,-69.2981,1
UNIDAD EDUCATIVA BRISAS DE BARRIO LINDO,10.0931,-69.3395,1
UNIDAD EDUCATIVA BUEN PASTOR PRESBITERIANO,10.4685,-66.6215,1
UNIDAD EDUCATIVA BURIA,10.1576,-68.5745,1
UNIDAD EDUCATIVA CAMPO AMOR,10.0095,-68.7678,1
UNIDAD EDUCATIVA CANDIDO SÁNCHEZ,10.9608,-63.8366,1
UNIDAD EDUCATIVA CARACIOLO PARRA Y OLMEDO (B),8.55992,-71.197,1
UNIDAD EDUCATIVA CARLOS JOSE MUJICA,10.1679,-68.8921,1
UNIDAD EDUCATIVA CASTA J RIERA,10.0709,-69.3745,1
UNIDAD EDUCATIVA CAYETANO FARIAS VILLARROEL,9.80724,-63.3319,1
UNIDAD EDUCATIVA CELESTINO PERAZA,9.22062,-65.989,1
UNIDAD EDUCATIVA CENTRO DE EDUCACION ACTIVA MARIA MONTESSORI,10.4625,-66.866,1
UNIDAD EDUCATIVA CERRO MACUTO,10.0503,-69.3154,1
UNIDAD EDUCATIVA CESAR LIZARDO,9.03556,-69.7369,1
UNIDAD EDUCATIVA CESAREA DIAZ DE HERRERA,11.0157,-63.9604,1
UNIDAD EDUCATIVA CHIGUARA,8.61217,-71.6356,1
UNIDAD EDUCATIVA CIUDAD DE VALENCIA,10.0876,-69.3347,1
UNIDAD EDUCATIVA COLEGIO  JOSÉ ANTONIO MAITIN,10.4758,-66.8217,1
UNIDAD EDUCATIVA COLEGIO  LOS ARAYANES,10.4839,-66.8453,1
UNIDAD EDUCATIVA COLEGIO ACADEMIA MERICI,10.4545,-66.8388,1
UNIDAD EDUCATIVA COLEGIO ANDRES BELLO,10.064,-69.2701,1
UNIDAD EDUCATIVA COLEGIO BASICA MUNICIPAL CARLOS SOUBLETTE,10.4935,-66.8494,1
UNIDAD EDUCATIVA COLEGIO BELTRAN RUSSEL,10.4831,-66.7939,1
UNIDAD EDUCATIVA COLEGIO CASTELAO,10.5049,-66.8873,1
UNIDAD EDUCATIVA COLEGIO CAURIMARE UNO,10.4788,-66.8381,1
UNIDAD EDUCATIVA COLEGIO CEPA,10.4555,-66.6257,1
UNIDAD EDUCATIVA COLEGIO CERVANTES,10.5032,-66.8803,1
UNIDAD EDUCATIVA COLEGIO CHAMPAGNAT ASOCIACION CIVIL V.E.A.S.,10.4749,-66.8305,1
UNIDAD EDUCATIVA COLEGIO DIVINO NIÑO,7.80572,-72.4448,1
UNIDAD EDUCATIVA COLEGIO DOCTOR. JOSE MARIA VARGAS,7.77515,-72.2309,1
UNIDAD EDUCATIVA COLEGIO EL ANGEL,10.4774,-66.8403,1
UNIDAD EDUCATIVA COLEGIO EL CARMELO,10.4875,-66.8986,1
UNIDAD EDUCATIVA COLEGIO EMIL FRIEDMAN,10.4592,-66.8708,1
UNIDAD EDUCATIVA COLEGIO ESDRAS,10.4805,-66.8028,1
UNIDAD EDUCATIVA COLEGIO FE Y ALEGRIA ANA SOTO,10.0985,-69.4423,1
UNIDAD EDUCATIVA COLEGIO FE Y ALEGRIA JUAN XXIII,10.1117,-69.3419,1
UNIDAD EDUCATIVA COLEGIO FRAY LUIS AMIGO,10.3529,-68.7392,1
UNIDAD EDUCATIVA COLEGIO GENERAL JOSE TRINIDAD MORAN,10.0748,-69.3219,1
UNIDAD EDUCATIVA COLEGIO JAVIER,10.5837,-71.6451,1
UNIDAD EDUCATIVA COLEGIO JESUS DE NAZARET,10.3511,-67.044,1
UNIDAD EDUCATIVA COLEGIO JOSE GREGORIO BASTIDAS,10.0303,-69.2374,1
UNIDAD EDUCATIVA COLEGIO JUAN PABLO II,10.475,-66.8202,1
UNIDAD EDUCATIVA COLEGIO LA CONCEPCION,10.447,-66.8698,1
UNIDAD EDUCATIVA COLEGIO LA COROMOTO,10.4323,-66.8676,1
UNIDAD EDUCATIVA COLEGIO LA INMACULADA CONCEPCION,10.5051,-66.8758,1
UNIDAD EDUCATIVA COLEGIO LA VILLA DE LOS NIÑOS,7.8016,-72.2238,1
UNIDAD EDUCATIVA COLEGIO LAS CUMBRES,10.4575,-66.8859,1
UNIDAD EDUCATIVA COLEGIO LOS RISCOS,10.4435,-66.8689,1
UNIDAD EDUCATIVA COLEGIO LOS ROSALES,10.4806,-66.8965,1
UNIDAD EDUCATIVA COLEGIO MACARACUAY,10.4638,-66.8123,1
UNIDAD EDUCATIVA COLEGIO MADRE EMILIA,8.59699,-71.1534,1
UNIDAD EDUCATIVA COLEGIO MADRE GUADALUPE,11.0001,-63.8232,1
UNIDAD EDUCATIVA COLEGIO MADRE MATILDE,10.4557,-66.8804,1
UNIDAD EDUCATIVA COLEGIO MADRE RAFOLS,9.28246,-70.6473,1
UNIDAD EDUCATIVA COLEGIO MARA,10.4632,-66.7873,1
UNIDAD EDUCATIVA COLEGIO MARIA SANTISIMA,10.4906,-66.8126,1
UNIDAD EDUCATIVA COLEGIO MARISCAL SUCRE,10.4953,-66.8736,1
UNIDAD EDUCATIVA COLEGIO METROPOLITANO,7.78408,-72.2206,1
UNIDAD EDUCATIVA COLEGIO MIGUEL DE CERVANTES,10.0579,-69.3532,1
UNIDAD EDUCATIVA COLEGIO NAZARET,7.82136,-72.4404,1
UNIDAD EDUCATIVA COLEGIO NUESTRA SEÑORA DE LA CONSOLACION,10.4595,-66.8885,1
UNIDAD EDUCATIVA COLEGIO NUESTRA SEÑORA DE LAS MERCEDES,10.6821,-71.6045,1
UNIDAD EDUCATIVA COLEGIO NUESTRO LIBERTADOR,10.6604,-71.6461,1
UNIDAD EDUCATIVA COLEGIO PARROQUIAL JESUS OBRERO,7.76498,-72.2416,1
UNIDAD EDUCATIVA COLEGIO PARROQUIAL MONSEÑOR SAN MIGUEL,7.76402,-72.2349,1
UNIDAD EDUCATIVA COLEGIO PARROQUIAL SAGRADO CORAZON DE JESUS,10.4955,-66.8538,1
UNIDAD EDUCATIVA COLEGIO PARROQUIAL SAN FELIPE NERY,10.3496,-67.0489,1
UNIDAD EDUCATIVA COLEGIO PRIVADO DOCTOR JOSÉ GIL FORTOUL,9.7302,-63.1973,1
UNIDAD EDUCATIVA COLEGIO PRIVADO DR. ARISTIDES CALVANI,9.28599,-70.6276,1
UNIDAD EDUCATIVA COLEGIO PRIVADO MATURÍN,9.74382,-63.1987,1
UNIDAD EDUCATIVA COLEGIO PRIVADO SANTISIMO SALVADOR,7.78557,-72.2188,1
UNIDAD EDUCATIVA COLEGIO RIO CLARO,10.0855,-69.2721,1
UNIDAD EDUCATIVA COLEGIO SAGRADA FAMILIA,10.3418,-67.0508,1
UNIDAD EDUCATIVA COLEGIO SAN ANTONIO DE LA FLORIDA,10.5024,-66.8767,1
UNIDAD EDUCATIVA COLEGIO SAN ANTONIO DE MACARACUAY,10.468,-66.8167,1
UNIDAD EDUCATIVA COLEGIO SAN JOSE DE TARBES,10.5057,-66.8789,1
UNIDAD EDUCATIVA COLEGIO SAN LUIS DE CARACAS,10.4692,-66.839,1
UNIDAD EDUCATIVA COLEGIO SAN MARCOS DE LEON,10.0567,-69.3415,1
UNIDAD EDUCATIVA COLEGIO SAN PABLO APOSTOL,10.0616,-69.3603,1
UNIDAD EDUCATIVA COLEGIO SAN PEDRO,10.0634,-69.3488,1
UNIDAD EDUCATIVA COLEGIO SAN VICENTE DE PAUL,10.0643,-69.2886,1
UNIDAD EDUCATIVA COLEGIO SANTA ELVIRA,10.4801,-66.8907,1
UNIDAD EDUCATIVA COLEGIO SANTA MARIA,10.1592,-68.8925,1
UNIDAD EDUCATIVA COLEGIO SANTIAGO DE LEON CARACAS,10.4959,-66.8438,1
UNIDAD EDUCATIVA COLEGIO SIETE ESTRELLAS,10.4997,-66.8833,1
UNIDAD EDUCATIVA COLEGIO VALLE ALTO,10.3604,-66.9702,1
UNIDAD EDUCATIVA COLEGIO VICENTE EMILIO SOJO,9.55481,-69.2068,1
UNIDAD EDUCATIVA COLEGIO VIRGEN DEL VALLE,7.82523,-72.2059,1
UNIDAD EDUCATIVA COLINAS SAN LORENZO II,10.1018,-69.322,1
UNIDAD EDUCATIVA CONCENTRADA 8434 SIN NUMERO LAS ADJUNTAS,7.77166,-72.4234,1
UNIDAD EDUCATIVA CONCENTRADA LA PEDREGOZA 1047,7.63891,-72.4045,1
UNIDAD EDUCATIVA CONCENTRADA NUMERO 3619,10.4521,-66.4848,1
UNIDAD EDUCATIVA CORONEL GENARO VASQUEZ,10.0974,-69.3142,1
UNIDAD EDUCATIVA CORONEL JUAN MANUEL ALDAO,10.0543,-69.3881,1
UNIDAD EDUCATIVA COROZAL,8.22633,-70.8155,1
UNIDAD EDUCATIVA CREACION CAIGUIRE,10.4715,-64.1329,1
UNIDAD EDUCATIVA CREACION ZULIA,8.89869,-71.987,1
UNIDAD EDUCATIVA CRISTO DEL BUEN VIAJE,11.0009,-63.7924,1
UNIDAD EDUCATIVA CRISTO REY,7.80903,-72.4439,1
UNIDAD EDUCATIVA CRISTOBAL MENDOZA,10.0933,-69.347,1
UNIDAD EDUCATIVA DE DEFICIENCIAS AUDITIVAS CARLOS RAFAEL PEREZ,7.88715,-67.4653,1
UNIDAD EDUCATIVA DISTRITAL JUAN ESPAÑA,10.4664,-66.9048,1
UNIDAD EDUCATIVA DISTRITAL PAEZ,10.4765,-66.8974,1
UNIDAD EDUCATIVA DISTRITAL PIAR,10.4641,-66.9057,1
UNIDAD EDUCATIVA DIVINA PROVIDENCIA,10.5971,-67.0156,1
UNIDAD EDUCATIVA DOCTOR ALBERTO CARNEVALI,10.0867,-69.3522,1
UNIDAD EDUCATIVA DOCTOR ARTURO USLAR PIETRI,10.973,-63.8332,1
UNIDAD EDUCATIVA DOCTOR CECILIO ACOSTA,10.1025,-69.3254,1
UNIDAD EDUCATIVA DOCTOR JOSE MANUEL SISO MARTINEZ,10.0872,-69.31,1
UNIDAD EDUCATIVA DOCTOR JULIÁN VISO,10.4755,-66.9031,1
UNIDAD EDUCATIVA DOCTOR LEONARDO RUIZ PINEDA,10.9497,-63.8606,1
UNIDAD EDUCATIVA DOCTOR NUÑEZ PONTE,10.4941,-66.7985,1
UNIDAD EDUCATIVA DOCTOR RAÚL LEONI,10.9465,-63.8876,1
UNIDAD EDUCATIVA DOCTOR RAUL RAMOS GIMENEZ,10.1635,-68.8914,1
UNIDAD EDUCATIVA DOCTOR VICENTE DAVILA,7.74398,-72.2331,1
UNIDAD EDUCATIVA DOCTORA LIA IMBER DE CORONIL ALBERGUE,9.73385,-63.1592,1
UNIDAD EDUCATIVA DOMINGO HURTADO,10.0935,-69.3328,1
UNIDAD EDUCATIVA DOMINGO SARMIENTO,10.6766,-71.6128,1
UNIDAD EDUCATIVA DON FELIPE RINALDI,10.5653,-71.6257,1
UNIDAD EDUCATIVA DON ROMULO GALLEGOS,10.9696,-63.8458,1
UNIDAD EDUCATIVA DOÑA EMILIA DE VELASQUEZ,11.0168,-63.9341,1
UNIDAD EDUCATIVA DOÑA MENCA DE LEONI,10.9523,-63.8706,1
UNIDAD EDUCATIVA DR FORTUNATO ORELLANA,10.0803,-69.3591,1
UNIDAD EDUCATIVA EDUCACIONAL PORLAMAR,10.9757,-63.8323,1
UNIDAD EDUCATIVA EL ANGEL,10.9894,-63.8161,1
UNIDAD EDUCATIVA EL CUMBE,9.30761,-70.6062,1
UNIDAD EDUCATIVA EL ENCANTO,10.3234,-67.0419,1
UNIDAD EDUCATIVA EL LIBERTADOR,10.4916,-66.8545,1
UNIDAD EDUCATIVA EL PANDITO NUCLEO ESCOLAR RURAL 219,10.0211,-69.5006,1
UNIDAD EDUCATIVA EL PIACHE,10.9517,-63.8812,1
UNIDAD EDUCATIVA EMIRO FUENMAYOR,8.60357,-71.1448,1
UNIDAD EDUCATIVA ENRIQUE DE OSSO,10.4706,-66.8071,1
UNIDAD EDUCATIVA ENRIQUE MARIA DUBUC,10.3723,-66.9559,1
UNIDAD EDUCATIVA ESATADAL DOCTOR FRANCISCO ESPEJO,10.3448,-67.0472,1
UNIDAD EDUCATIVA ESCOLAR FELICIANO HERNANDEZ,10.9456,-63.9756,1
UNIDAD EDUCATIVA ESPECIAL BOLIVARIANA DE AUDICION Y LENGUAJE ICOAL (INSTITUTO CENTRO-OCCIDENTAL DE AUDICION Y LENGUAJE),10.0725,-69.2825,1
UNIDAD EDUCATIVA ESPECIAL BOLIVARIANA LUIS BRAILE,10.0847,-69.2911,1
UNIDAD EDUCATIVA ESTADAL  ADOLFO NAVAS  CORONADO,10.4488,-66.859,1
UNIDAD EDUCATIVA ESTADAL  ARTE INFANTIL JULIO TEODOORO ARZE,10.0602,-69.3524,1
UNIDAD EDUCATIVA ESTADAL  PROFESOR MIGUEL ANGEL PINTO,10.1368,-70.1108,1
UNIDAD EDUCATIVA ESTADAL 12 DE FEBRERO,10.4848,-66.8003,1
UNIDAD EDUCATIVA ESTADAL 19 DE ABRIL,9.55726,-69.2004,1
UNIDAD EDUCATIVA ESTADAL AGUARITO,10.5184,-67.1318,1
UNIDAD EDUCATIVA ESTADAL ALICIA CHACÓN DE SANCHEZ,7.79902,-72.2155,1
UNIDAD EDUCATIVA ESTADAL ANIBAL LAREZ,10.9732,-63.9781,1
UNIDAD EDUCATIVA ESTADAL ANTONIO JOSE DE SUCRE,10.0524,-69.3505,1
UNIDAD EDUCATIVA ESTADAL ARQUIDIOCESANA NUESTRA SEÑORA DEL CARMEN,10.5815,-71.6598,1
UNIDAD EDUCATIVA ESTADAL BOLIVARIANA,10.667,-71.6796,1
UNIDAD EDUCATIVA ESTADAL BOLIVARIANA  ANA DOLORES FERNADEZ,7.78161,-72.2054,1
UNIDAD EDUCATIVA ESTADAL BOLIVARIANA FRANCISCO DE MIRANDA,7.79573,-72.1891,1
UNIDAD EDUCATIVA ESTADAL BOLIVARIANA MENCA DE LEONI,7.74924,-72.2419,1
UNIDAD EDUCATIVA ESTADAL BOLIVARIANA RAMON BUENAHORA,7.75472,-72.219,1
UNIDAD EDUCATIVA ESTADAL BOLIVARIANA REPUBLICA DEL ECUADOR,7.7745,-72.2367,1
UNIDAD EDUCATIVA ESTADAL CARMELITA MORALES,10.6427,-71.6393,1
UNIDAD EDUCATIVA ESTADAL CARMEN FERNANDEZ DE LEONI,10.0862,-69.3003,1
UNIDAD EDUCATIVA ESTADAL CHIRGUA,10.1245,-69.2407,1
UNIDAD EDUCATIVA ESTADAL CRUZ DEL VALLE RODRIGUEZ,10.3411,-67.0237,1
UNIDAD EDUCATIVA ESTADAL CUATRICENTENARIA,10.5995,-71.6471,1
UNIDAD EDUCATIVA ESTADAL DON OMAR LEON SALAS,10.6066,-71.6335,1
UNIDAD EDUCATIVA ESTADAL DR JOAQUIN ESTEVA,10.6515,-71.6208,1
UNIDAD EDUCATIVA ESTADAL DR JOSE ORTIZ RODRIGUEZ,10.6445,-71.6383,1
UNIDAD EDUCATIVA ESTADAL EL NACIONAL,10.3611,-67.0287,1
UNIDAD EDUCATIVA ESTADAL EMILIO GIMON STERLING,10.6002,-67.0268,1
UNIDAD EDUCATIVA ESTADAL EUGENIO P` DE BELLARD,10.4822,-66.5434,1
UNIDAD EDUCATIVA ESTADAL EUGUENIO SANCHEZ GARCIA,10.5543,-71.6306,1
UNIDAD EDUCATIVA ESTADAL EUSTOQUIA LUIGGI,10.6602,-63.2455,1
UNIDAD EDUCATIVA ESTADAL FELIX MARTIN VIERA,10.5743,-67.0746,1
UNIDAD EDUCATIVA ESTADAL FRANCISCO DE MIRANDA,10.3578,-66.983,1
UNIDAD EDUCATIVA ESTADAL GABRIELA MISTRAL,10.6602,-71.6446,1
UNIDAD EDUCATIVA ESTADAL GENERAL AMBROSIO PLAZA,10.5992,-66.9345,1
UNIDAD EDUCATIVA ESTADAL GUMERSINDO MARTINEZ,9.66017,-69.1039,1
UNIDAD EDUCATIVA ESTADAL HERMOGENEZ MENDEZ,10.5594,-71.6372,1
UNIDAD EDUCATIVA ESTADAL JESUS ENRIQUE LOSSADA,10.3833,-71.4364,1
UNIDAD EDUCATIVA ESTADAL JOAQUINA VELASQUEZ DE ROMERO,10.9623,-63.9696,1
UNIDAD EDUCATIVA ESTADAL JONH KENNEDY,10.4084,-71.4451,1
UNIDAD EDUCATIVA ESTADAL JOSE ENRIQUE RODO,10.3981,-71.4591,1
UNIDAD EDUCATIVA ESTADAL JOSE FELIX RIVAS,10.6358,-71.6446,1
UNIDAD EDUCATIVA ESTADAL JOSE MANUEL SISO MARTINEZ,10.3838,-67.0291,1
UNIDAD EDUCATIVA ESTADAL JUAN BAUTISTA ARISMENDI,10.3324,-67.09,1
UNIDAD EDUCATIVA ESTADAL JUAN GERMAN ROSCIO,7.78039,-72.2706,1
UNIDAD EDUCATIVA ESTADAL JUAN JOSE LANDAETA,10.0501,-69.3858,1
UNIDAD EDUCATIVA ESTADAL JUANA MENDEZ PENOTH,11.0518,-63.9684,1
UNIDAD EDUCATIVA ESTADAL LA LOMA I,10.8178,-71.7907,1
UNIDAD EDUCATIVA ESTADAL LA PEDREGOSA,8.61287,-71.6619,1
UNIDAD EDUCATIVA ESTADAL LAS VEGAS,10.0385,-69.3251,1
UNIDAD EDUCATIVA ESTADAL LEON TRUJILLO,10.59,-67.0594,1
UNIDAD EDUCATIVA ESTADAL LEONARDO RUIZ PINEDA II,10.0459,-69.3888,1
UNIDAD EDUCATIVA ESTADAL LINO DE CLEMENTE,10.4378,-66.8609,1
UNIDAD EDUCATIVA ESTADAL LOS OLIVOS,10.0281,-69.4335,1
UNIDAD EDUCATIVA ESTADAL LUIS RAMIREZ CHACON,7.75839,-72.2349,1
UNIDAD EDUCATIVA ESTADAL LUISA CACERES DE ARISMENDI,10.3034,-67.0422,1
UNIDAD EDUCATIVA ESTADAL MANUEL FELIPE RUGELES,7.74184,-72.226,1
UNIDAD EDUCATIVA ESTADAL MARAPA,10.5825,-67.0554,1
UNIDAD EDUCATIVA ESTADAL MARIA ANGELICA LUSINCHI,10.4937,-66.8211,1
UNIDAD EDUCATIVA ESTADAL MARIA AUXILIADORA ZABALA DE MILLAN,10.9915,-63.9737,1
UNIDAD EDUCATIVA ESTADAL MARIA LEDEZMA,10.0591,-69.3636,1
UNIDAD EDUCATIVA ESTADAL MONSEÑOR ARIAS BLANCO,10.369,-66.966,1
UNIDAD EDUCATIVA ESTADAL MONSEÑOR CRISPULO BENITEZ FONTURVEL,10.0677,-69.2886,1
UNIDAD EDUCATIVA ESTADAL NICANOR BOLET PERAZA,10.2915,-67.0607,1
UNIDAD EDUCATIVA ESTADAL OBDULIA DE ARRIOJAS,10.3276,-67.0436,1
UNIDAD EDUCATIVA ESTADAL OCTAVIO HERNANDEZ,10.6519,-71.6068,1
UNIDAD EDUCATIVA ESTADAL OCTAVIO PORTILLO,10.6567,-71.6795,1
UNIDAD EDUCATIVA ESTADAL OCUMARE DEL TUY,10.3081,-67.0394,1
UNIDAD EDUCATIVA ESTADAL PEDRO GUAL,10.0391,-69.2443,1
UNIDAD EDUCATIVA ESTADAL PRIVADA NUESTRA SEÑORA DE CHIQUINQUIRA,10.6632,-71.6087,1
UNIDAD EDUCATIVA ESTADAL PROFESOR  JESUS MANUEL SUBERO,10.9832,-63.8111,1
UNIDAD EDUCATIVA ESTADAL PROFESOR OVIDIO VALERIO,10.9472,-63.9685,1
UNIDAD EDUCATIVA ESTADAL RAIMUNDO PERNALETE,10.1803,-70.063,1
UNIDAD EDUCATIVA ESTADAL RAMO VERDE,10.3551,-67.0453,1
UNIDAD EDUCATIVA ESTADAL RAMON VIVAS GOMEZ,7.75132,-72.2282,1
UNIDAD EDUCATIVA ESTADAL RICARDO LABASTIDAS,9.31416,-70.6232,1
UNIDAD EDUCATIVA ESTADAL ROMULO BETANCOURT,10.5732,-71.6766,1
UNIDAD EDUCATIVA ESTADAL ROMULO GALLEGOS,10.3427,-67.0879,1
UNIDAD EDUCATIVA ESTADAL SALIAS Y LANDAETA,7.76275,-72.2324,1
UNIDAD EDUCATIVA ESTADAL SIMON BOLIVAR,10.0963,-69.308,1
UNIDAD EDUCATIVA ESTADAL TALLER GENERAL RAFAEL URDANETA,10.3505,-67.0381,1
UNIDAD EDUCATIVA ESTADAL TOMAS RAFAEL JIMENEZ,10.3882,-67.1836,1
UNIDAD EDUCATIVA ESTADAL VICTOR LINO GOMEZ (ANEXO 1),10.4038,-71.4371,1
UNIDAD EDUCATIVA ESTADAL VICTOR MORENO OROZCO,7.77503,-72.2243,1
UNIDAD EDUCATIVA ESTADAL.GENERAL SANTIAGO MARIÑO,10.4877,-66.7916,1
UNIDAD EDUCATIVA ESTATAL BOLIVARIANA ESTADO SUCRE,10.2776,-67.0704,1
UNIDAD EDUCATIVA ESTATAL DOCTOR ALFREDO MACHADO,10.5974,-67.0391,1
UNIDAD EDUCATIVA ESTATAL JESUS MARIA PORTILLO,10.5919,-66.9773,1
UNIDAD EDUCATIVA ESTATAL LUIS HURTADO HIGUERA,10.063,-69.3743,1
UNIDAD EDUCATIVA ESTATAL MIGUEL ROMERO ANTONI,10.0549,-69.3693,1
UNIDAD EDUCATIVA ESTATAL RAFAEL RANGEL,10.5394,-67.1058,1
UNIDAD EDUCATIVA ESTHELA ZABALA DE SOTO,10.9893,-63.9887,1
UNIDAD EDUCATIVA EUTIMIO RIVAS,10.4665,-64.1836,1
UNIDAD EDUCATIVA EXPEDITO CORTES,10.0271,-69.3883,1
UNIDAD EDUCATIVA EXPERIMENTAL NACIONAL LUIS BELTRAN PRIETO FIGUEROA,10.4943,-66.8267,1
UNIDAD EDUCATIVA EZEQUIEL ZAMORA,8.60233,-71.1242,1
UNIDAD EDUCATIVA FE Y ALEGRIA COLEGIO MONTERREY,10.4202,-66.872,1
UNIDAD EDUCATIVA FE Y ALEGRIA SANTA ELENA,9.52507,-69.1979,1
UNIDAD EDUCATIVA FEDERAL SUCRE,10.462,-64.1875,1
UNIDAD EDUCATIVA FRANCISCO JOSE DELGADO,10.5878,-71.6726,1
UNIDAD EDUCATIVA GABRIEL BRACHO,10.636,-71.6778,1
UNIDAD EDUCATIVA GENERAL JOSE ANTONIO PAEZ,8.98897,-65.9343,1
UNIDAD EDUCATIVA GRAN MARISCAL,10.4206,-64.1865,1
UNIDAD EDUCATIVA GRAN MARISCAL DE AYACUCHO,10.4508,-64.1453,1
UNIDAD EDUCATIVA GUAREIRA II,8.89869,-71.987,1
UNIDAD EDUCATIVA GUSTAVO HERRERA,10.4895,-66.8527,1
UNIDAD EDUCATIVA HILARIO PISANI ANSELMI,9.2472,-70.2697,1
UNIDAD EDUCATIVA HIPOLITO E GONZALEZ,8.54243,-71.2318,1
UNIDAD EDUCATIVA HUMBERTO PARODI,10.4819,-66.9025,1
UNIDAD EDUCATIVA INDEPENDENCIA,10.9589,-63.8453,1
UNIDAD EDUCATIVA INICIAL SIMONCITO EZEQUIEL ZAMORA,10.4232,-66.8788,1
UNIDAD EDUCATIVA INSTITUTO ARTURO MICHELENA,10.4319,-66.8604,1
UNIDAD EDUCATIVA INSTITUTO CORAZON DE JESUS,7.74734,-72.2353,1
UNIDAD EDUCATIVA INSTITUTO DE CIENCIAS DEL MAR,10.6021,-67.0282,1
UNIDAD EDUCATIVA INSTITUTO DE EDUCACION INTEGRAL EL NIÑO DON SIMON,10.4858,-66.8956,1
UNIDAD EDUCATIVA INSTITUTO DIOCESANO EL VALLE DEL ESPÍRITU SANTO,10.9824,-63.8822,1
UNIDAD EDUCATIVA INSTITUTO EDUCACIONAL SIMON BOLIVAR,10.9561,-63.8535,1
UNIDAD EDUCATIVA INSTITUTO EDUCATIVO ARCOIRIS,10.973,-63.8305,1
UNIDAD EDUCATIVA INSTITUTO EDUCATIVO NUEVA ESPARTA,10.9616,-63.8561,1
UNIDAD EDUCATIVA INSTITUTO PRIVADO BOYACA,10.3445,-67.0455,1
UNIDAD EDUCATIVA INSTITUTO SAN LUCAS,10.4729,-66.8065,1
UNIDAD EDUCATIVA INSTITUTO SURAMERICANO LIBRE APRENDIZAJE (ISLA),11.0029,-63.8234,1
UNIDAD EDUCATIVA INSTITUTO VENEZUELA NUEVA,10.4642,-66.8093,1
UNIDAD EDUCATIVA INSTITUTO VICTEGUI,10.3461,-67.0448,1
UNIDAD EDUCATIVA INSTITUTO VIRGEN DEL VALLE (ADULTO),10.9643,-63.8431,1
UNIDAD EDUCATIVA INTEGRAL BOLIVARIANA FRANCISCO FAJARDO,10.6046,-66.8974,1
UNIDAD EDUCATIVA INTEGRAL JUAN XXIII,8.56101,-71.2195,1
UNIDAD EDUCATIVA JEAN FIRMIN,9.69112,-63.2359,1
UNIDAD EDUCATIVA JESUS DE NAZARETH,9.76134,-63.1194,1
UNIDAD EDUCATIVA JESUS LOPEZ ESCOBAR,9.27052,-65.9204,1
UNIDAD EDUCATIVA JESUS SEMPRUN,10.3741,-71.4376,1
UNIDAD EDUCATIVA JOSÉ ANTONIO GALUE,9.52292,-70.443,1
UNIDAD EDUCATIVA JOSE CONCEPCION SALCEDO AVILA,11.0204,-63.8303,1
UNIDAD EDUCATIVA JOSE DE LOS SANTOS URRIOLA,9.04492,-69.7507,1
UNIDAD EDUCATIVA JOSE FELIX RIBAS,8.93217,-67.4243,1
UNIDAD EDUCATIVA JOSE GREGORIO HERNANDEZ,9.34138,-70.6253,1
UNIDAD EDUCATIVA JOSÉ JESÚS GARCÍA RODRÍGUEZ,10.9767,-63.8508,1
UNIDAD EDUCATIVA JOSE LEONARDO CHIRINOS,10.092,-69.3266,1
UNIDAD EDUCATIVA JOSE MACARIO YEPEZ,10.0642,-69.2965,1
UNIDAD EDUCATIVA JOSE MANUEL SISO MARTINEZ,10.3757,-66.9553,1
UNIDAD EDUCATIVA JOSE MARIA DOMINGUEZ,10.0548,-69.3518,1
UNIDAD EDUCATIVA JOSE MARIA ESPAÑA,10.6659,-71.644,1
UNIDAD EDUCATIVA JOSE MARTI,8.65802,-71.6582,1
UNIDAD EDUCATIVA JOSE SILVERIO CORDOVA,10.4779,-64.1717,1
UNIDAD EDUCATIVA JOSE TADEO MONAGAS,10.3851,-66.888,1
UNIDAD EDUCATIVA JOSEFA ESPINOZA DEL GALLEGO,9.30573,-70.6092,1
UNIDAD EDUCATIVA JOSEFINA PIMENTEL,9.53724,-70.4612,1
UNIDAD EDUCATIVA JUAN BARNUEVO,9.86215,-66.3843,1
UNIDAD EDUCATIVA JUAN BAUTISTA DALLA COSTA,9.24357,-70.2696,1
UNIDAD EDUCATIVA JUAN EDUVIGES LEDEZMA ALVAREZ,8.89464,-67.4393,1
UNIDAD EDUCATIVA JUAN GERMAN ROSCIO,8.90439,-67.4228,1
UNIDAD EDUCATIVA JUAN JACINTO LARA,10.0311,-69.4032,1
UNIDAD EDUCATIVA JUAN JOSE RONDON,9.21697,-66.0162,1
UNIDAD EDUCATIVA JUANA DE ARCO (B),8.55997,-71.1802,1
UNIDAD EDUCATIVA JUANA SALAZAR DE MORENO,11.0139,-63.956,1
UNIDAD EDUCATIVA LA ARBOLEDA,10.1046,-69.2987,1
UNIDAD EDUCATIVA LA MILAGROSA,10.0052,-69.4571,1
UNIDAD EDUCATIVA LA PUEBLITA,8.58997,-71.1378,1
UNIDAD EDUCATIVA LA SALLE,8.58017,-71.169,1
UNIDAD EDUCATIVA LAGUNILLAS DE ZORCA,7.78775,-72.2516,1
UNIDAD EDUCATIVA LARA,10.0731,-69.3196,1
UNIDAD EDUCATIVA LAS BRISAS,10.0481,-69.3431,1
UNIDAD EDUCATIVA LAS MERCEDES,9.31559,-70.6148,1
UNIDAD EDUCATIVA LAS TINAJITAS,10.0603,-69.4007,1
UNIDAD EDUCATIVA LAUREANO VILLANUEVA,10.0771,-69.1199,1
UNIDAD EDUCATIVA LEONCIO MARTINEZ,10.4777,-66.8139,1
UNIDAD EDUCATIVA LIBERTADOR BOLIVAR,8.61402,-71.6548,1
UNIDAD EDUCATIVA LICEO BOLIVARIANO FRANCISCO FAJARDO,11.0111,-63.9418,1
UNIDAD EDUCATIVA LICEO BOLIVARIANO GASPAR MARCANO,11.0115,-63.937,1
UNIDAD EDUCATIVA LICEO BOLIVARIANO JOSE AUGUSTO DE LEON,10.9884,-63.8369,1
UNIDAD EDUCATIVA LICEO BOLIVARIANO LUISA CÁCERES DE ARISMENDI,10.948,-63.8644,1
UNIDAD EDUCATIVA LICEO BOLIVARIANO MONSEÑOR RAFAEL CHACIN,9.22323,-65.9842,1
UNIDAD EDUCATIVA LICEO DOCTOR RAMON BUENAHORA,9.857,-66.3772,1
UNIDAD EDUCATIVA LOLA ALAMO,10.0975,-69.3131,1
UNIDAD EDUCATIVA LOS CASTORES,10.3723,-66.9679,1
UNIDAD EDUCATIVA LOS CORTIJOS,9.54041,-69.1899,1
UNIDAD EDUCATIVA LOURDES CAMERO RAMIREZ,9.20437,-66.0055,1
UNIDAD EDUCATIVA LUCRECIA GARCIA,10.0675,-69.3097,1
UNIDAD EDUCATIVA LUIS ANGEL GARCIA,10.6736,-71.6865,1
UNIDAD EDUCATIVA LUIS BELTRAN RAMOS (ANEXO 1),10.7049,-71.6367,1
UNIDAD EDUCATIVA LUIS EDUARDO EGUI,10.3727,-66.9692,1
UNIDAD EDUCATIVA LUIS PADRINO,9.74062,-63.1452,1
UNIDAD EDUCATIVA LUIS SANABRIA SANCHEZ,10.1012,-69.274,1
UNIDAD EDUCATIVA LUISA JIMENEZ DE CANELON,9.82593,-63.1277,1
UNIDAD EDUCATIVA MADRE EMILIA,10.5917,-66.9549,1
UNIDAD EDUCATIVA MANUEL DIAZ RODRIGUEZ,10.3441,-67.0451,1
UNIDAD EDUCATIVA MANUEL MARIA URBANEJA,10.669,-63.2397,1
UNIDAD EDUCATIVA MANUELA MERCEDES DUIN,10.0853,-69.2945,1
UNIDAD EDUCATIVA MARANATA,10.4196,-71.4221,1
UNIDAD EDUCATIVA MARCO ANTONIO SALUZZO,10.467,-64.1913,1
UNIDAD EDUCATIVA MARIA CONCEPCION PALACIOS,10.034,-69.3846,1
UNIDAD EDUCATIVA MARIA LEDEZMA,10.0913,-69.2737,1
UNIDAD EDUCATIVA MARIA MOZZARELLO,8.58094,-71.1611,1
UNIDAD EDUCATIVA MARIA REINA,10.6137,-71.6356,1
UNIDAD EDUCATIVA MARIA ROSA MISTICA,10.4068,-71.462,1
UNIDAD EDUCATIVA MARIA TERESA DE NEZER,10.3407,-67.044,1
UNIDAD EDUCATIVA MARIA TERESA TORO,10.4741,-66.5645,1
UNIDAD EDUCATIVA MARQUES DEL PUMAR,8.62936,-70.2059,1
UNIDAD EDUCATIVA MARTIN TOVAR Y TOVAR,10.5499,-71.6654,1
UNIDAD EDUCATIVA MATER SALVATORIS,10.6752,-71.6024,1
UNIDAD EDUCATIVA MENCA DE LEONI I,10.4719,-66.6149,1
UNIDAD EDUCATIVA MI PEQUEÑO MUNDO,9.07426,-62.0673,1
UNIDAD EDUCATIVA MIGUEL OTERO SILVA,10.5919,-71.6524,1
UNIDAD EDUCATIVA MILITARIZADA CORONEL JOSE MARIA CAMACARO,10.079,-69.3054,1
UNIDAD EDUCATIVA MONSEÑOR ARIAS BLANCO,9.34256,-70.5884,1
UNIDAD EDUCATIVA MONSEÑOR EDUARDO VÁSQUEZ,10.9868,-63.8886,1
UNIDAD EDUCATIVA MONSEÑOR GUILLERMO BRIÑEZ (E.Z.A),10.3901,-71.46,1
UNIDAD EDUCATIVA MONSEÑOR SAN MIGUEL,7.77132,-72.2101,1
UNIDAD EDUCATIVA MUNICIPAL ABAJO CADENAS,10.4859,-66.8013,1
UNIDAD EDUCATIVA MUNICIPAL ABIGAIL GONZALEZ,10.4698,-66.904,1
UNIDAD EDUCATIVA MUNICIPAL AGUSTIN AVELEDO,10.4643,-66.8071,1
UNIDAD EDUCATIVA MUNICIPAL ANDRES BELLO,10.4946,-66.8533,1
UNIDAD EDUCATIVA MUNICIPAL BOLIVARIANA CAMPO C,7.80175,-72.2668,1
UNIDAD EDUCATIVA MUNICIPAL CECILIO ACOSTA,10.4656,-66.802,1
UNIDAD EDUCATIVA MUNICIPAL ELSA NUÑEZ VARGAS,10.3652,-66.9494,1
UNIDAD EDUCATIVA MUNICIPAL FRANCISCO ESPEJO,10.4956,-66.792,1
UNIDAD EDUCATIVA MUNICIPAL GRAN MARISCAL DE AYACUCHO,7.81699,-72.4464,1
UNIDAD EDUCATIVA MUNICIPAL GUAICAIPURO,10.4691,-66.7991,1
UNIDAD EDUCATIVA MUNICIPAL JOSE ANTONIO CALCAÑO,10.4734,-66.7631,1
UNIDAD EDUCATIVA MUNICIPAL LISANDRO ALVARADO,10.4591,-66.7925,1
UNIDAD EDUCATIVA MUNICIPAL LUIS CORREA,10.4947,-66.7991,1
UNIDAD EDUCATIVA MUNICIPAL MAESTRO GREGORIO ROMERO,10.975,-63.8333,1
UNIDAD EDUCATIVA MUNICIPAL PRIVADA LUZ DEL SABER,10.552,-71.6259,1
UNIDAD EDUCATIVA MUNICIPAL PRIVADA VIRGEN DEL ROSARIO,10.3969,-71.4749,1
UNIDAD EDUCATIVA MUNICIPAL RAMONA REDONDO MUÑOZ,7.81353,-72.4466,1
UNIDAD EDUCATIVA MUNICIPAL ROMULO BETANCOURT,10.4564,-66.8002,1
UNIDAD EDUCATIVA MUNICIPAL ROMULO GALLEGOS,10.4826,-66.8142,1
UNIDAD EDUCATIVA MUNICIPAL SIMON BOLIVAR,10.478,-66.8008,1
UNIDAD EDUCATIVA MUNICIPAL SIMON RODRIGUEZ,10.4948,-66.8141,1
UNIDAD EDUCATIVA NACIONAL  CARMEN AMERICA DE LEONI,10.656,-71.6233,1
UNIDAD EDUCATIVA NACIONAL  CARMEN GONZALEZ DE MUSSET,10.0174,-69.1943,1
UNIDAD EDUCATIVA NACIONAL  DR JULIO SEGUNDO ALVAREZ,10.1789,-70.0733,1
UNIDAD EDUCATIVA NACIONAL  FE Y ALEGRIA N 4 LA RINCONADA,10.667,-71.7086,1
UNIDAD EDUCATIVA NACIONAL  JACINTO LARA,10.0224,-69.2558,1
UNIDAD EDUCATIVA NACIONAL  JUAN BAUTISTA FRANCO,10.1683,-70.088,1
UNIDAD EDUCATIVA NACIONAL  LA PIEDAD,10.0094,-69.2297,1
UNIDAD EDUCATIVA NACIONAL  MADRE EMILIA,10.1658,-70.093,1
UNIDAD EDUCATIVA NACIONAL  RAMON POMPILIO OROPEZA,10.1724,-70.0799,1
UNIDAD EDUCATIVA NACIONAL ALMIRANTE PADILLA,10.6739,-71.6777,1
UNIDAD EDUCATIVA NACIONAL ANA SANCHEZ COLINA,10.6492,-71.6567,1
UNIDAD EDUCATIVA NACIONAL ANDRÉS BELLO,10.3499,-67.0068,1
UNIDAD EDUCATIVA NACIONAL ANEXO ANDRES BELLO,10.3501,-67.0068,1
UNIDAD EDUCATIVA NACIONAL ANTONIO CARRILLO,10.0557,-69.3642,1
UNIDAD EDUCATIVA NACIONAL ARMANDO REVERON,10.5933,-67.0116,1
UNIDAD EDUCATIVA NACIONAL ARQUIDIOCESANA MONSEÑOR OLEGARIO VILLALOBOS,10.6841,-71.7004,1
UNIDAD EDUCATIVA NACIONAL BATALLA DE CARABOBO,10.6957,-71.595,1
UNIDAD EDUCATIVA NACIONAL BATALLA DE TAGUANES,9.93244,-68.2982,1
UNIDAD EDUCATIVA NACIONAL BOLIVARIANA ALI RAFAEL BRAVO,10.0296,-69.3157,1
UNIDAD EDUCATIVA NACIONAL BOLIVARIANA APOLINAR FIGUEROA CORONADO,11.0477,-63.9427,1
UNIDAD EDUCATIVA NACIONAL BOLIVARIANA CACIQUE CHARAIMA,10.9636,-63.8568,1
UNIDAD EDUCATIVA NACIONAL BOLIVARIANA DOMINGO FAUSTINO SARMIENTO,10.5027,-66.8882,1
UNIDAD EDUCATIVA NACIONAL BOLIVARIANA EGIDIO MONTESINOS,10.0627,-69.3128,1
UNIDAD EDUCATIVA NACIONAL BOLIVARIANA FEDERACION VENEZOLANA DE MAESTROS,9.89956,-67.3554,1
UNIDAD EDUCATIVA NACIONAL BOLIVARIANA JESUS ENRIQUE LOSSADA,10.502,-66.8685,1
UNIDAD EDUCATIVA NACIONAL BOLIVARIANA JOSE JOAQUIN DE OLMEDO,10.9997,-63.7991,1
UNIDAD EDUCATIVA NACIONAL BOLIVARIANA JUAN DE URPIN,10.5953,-66.9843,1
UNIDAD EDUCATIVA NACIONAL BOLIVARIANA MANEIRO,10.9602,-63.8504,1
UNIDAD EDUCATIVA NACIONAL BOLIVARIANA MIGUEL OTERO SILVA,10.4604,-66.6181,1
UNIDAD EDUCATIVA NACIONAL BOLIVARIANA REPUBLICA DEL PARAGUAY,10.3447,-67.0438,1
UNIDAD EDUCATIVA NACIONAL BOLIVARIANA SAN PEDRO DE LOS ALTOS,10.3684,-67.0847,1
UNIDAD EDUCATIVA NACIONAL BOLIVARIANA SANTA EDUVIGIS,10.5943,-67.0049,1
UNIDAD EDUCATIVA NACIONAL BOLIVARIANA SOLANDA ELOINA GARCIA AREVALO,10.5695,-71.6363,1
UNIDAD EDUCATIVA NACIONAL BOLIVARIANA TERESA DE LA PARRA,10.4482,-66.4876,1
UNIDAD EDUCATIVA NACIONAL BOLIVARIANA VICENTE SALIAS,10.3437,-67.0436,1
UNIDAD EDUCATIVA NACIONAL BOLIVARIANA VICTOR CEDENO,10.989,-63.837,1
UNIDAD EDUCATIVA NACIONAL CARLOS RINCON LUBO,10.661,-71.648,1
UNIDAD EDUCATIVA NACIONAL CARMEN ROSALES GOMEZ,10.2657,-67.1195,1
UNIDAD EDUCATIVA NACIONAL CATATUMBO,10.6613,-71.6387,1
UNIDAD EDUCATIVA NACIONAL COLEGIO ALTAMIRA,10.702,-71.6196,1
UNIDAD EDUCATIVA NACIONAL COLEGIO GONZAGA,10.6452,-71.6407,1
UNIDAD EDUCATIVA NACIONAL COLEGIO SALTO ANGEL,10.6997,-71.612,1
UNIDAD EDUCATIVA NACIONAL COQUIVACOA,10.697,-71.6097,1
UNIDAD EDUCATIVA NACIONAL CORAPAL,10.6106,-66.86,1
UNIDAD EDUCATIVA NACIONAL CREACION GENERAL RAFAEL URDANETA,10.6352,-71.6368,1
UNIDAD EDUCATIVA NACIONAL DOCTOR RAFAEL VEGAS,10.5905,-67.0388,1
UNIDAD EDUCATIVA NACIONAL DOCTOR SIMON BARRETO RAMOS,10.3398,-67.0316,1
UNIDAD EDUCATIVA NACIONAL DR ADOLFO COLINA,10.6577,-71.6235,1
UNIDAD EDUCATIVA NACIONAL DR VICENTE LECUNA,10.6454,-71.6618,1
UNIDAD EDUCATIVA NACIONAL DR. RAMON REYNOSO NUÑEZ,10.4057,-71.4531,1
UNIDAD EDUCATIVA NACIONAL DURIGUA,9.55714,-69.1812,1
UNIDAD EDUCATIVA NACIONAL EL UJANO,10.095,-69.2791,1
UNIDAD EDUCATIVA NACIONAL ELADIO DEL CASTILLO,10.0907,-69.3322,1
UNIDAD EDUCATIVA NACIONAL ELISA  FARIAS,10.6988,-71.612,1
UNIDAD EDUCATIVA NACIONAL ELISA RISKEL DOMINGUEZ,10.4697,-66.7996,1
UNIDAD EDUCATIVA NACIONAL ESTEBAN HERRERA,10.4187,-71.4627,1
UNIDAD EDUCATIVA NACIONAL FE Y ALEGRIA LA CHINITA,10.6527,-71.6709,1
UNIDAD EDUCATIVA NACIONAL FRANCISCO ESPEJO,10.4618,-66.8245,1
UNIDAD EDUCATIVA NACIONAL FRANCISCO JOSE ROJAS,10.0225,-69.2579,1
UNIDAD EDUCATIVA NACIONAL GENERAL JUAN ANTONIO PAREDES,10.6843,-71.6277,1
UNIDAD EDUCATIVA NACIONAL GENERAL RAFAEL URDANETA,10.6353,-71.6369,1
UNIDAD EDUCATIVA NACIONAL GONZALO RINCON GUTIERREZ,10.5624,-71.653,1
UNIDAD EDUCATIVA NACIONAL GONZALO RINCON GUTIERREZ (ANEXO 1),10.5629,-71.653,1
UNIDAD EDUCATIVA NACIONAL GUAICAIPURO,10.3478,-67.0472,1
UNIDAD EDUCATIVA NACIONAL GUSTAVO OLIVARES BOSQUES,10.5826,-67.0668,1
UNIDAD EDUCATIVA NACIONAL HERMANO IDELFONZO GUTIERREZ,10.6059,-71.6467,1
UNIDAD EDUCATIVA NACIONAL INSTITUTO NIÑOS CANTORES,10.6391,-71.6571,1
UNIDAD EDUCATIVA NACIONAL JERMAN UBALDO LIRA,10.4623,-66.7637,1
UNIDAD EDUCATIVA NACIONAL JESUS DE NAZARETH,10.0475,-69.3997,1
UNIDAD EDUCATIVA NACIONAL JESUS MARIA SIFONTES,10.3461,-67.0422,1
UNIDAD EDUCATIVA NACIONAL JOSE ANTONIO RINCON,10.6863,-71.6957,1
UNIDAD EDUCATIVA NACIONAL JOSE FELIX RIBAS,8.90112,-67.4273,1
UNIDAD EDUCATIVA NACIONAL JOSE MARIA VARGAS,10.6007,-66.9664,1
UNIDAD EDUCATIVA NACIONAL JOSE RAMON YEPEZ,10.6566,-71.6095,1
UNIDAD EDUCATIVA NACIONAL JOSEFA IRAUSQUIN LOPEZ.,10.4671,-66.8421,1
UNIDAD EDUCATIVA NACIONAL JUAN JOSE MENDOZA,10.6096,-66.8483,1
UNIDAD EDUCATIVA NACIONAL JULIO BUSTAMANTE,10.4893,-66.8727,1
UNIDAD EDUCATIVA NACIONAL LA LUCIA,9.66022,-69.081,1
UNIDAD EDUCATIVA NACIONAL LEOPOLDO AGUERREVERE,10.4856,-66.8893,1
UNIDAD EDUCATIVA NACIONAL LICEO BOLIVARIANO JOSE MARIA ESPAÑA,10.6058,-66.8989,1
UNIDAD EDUCATIVA NACIONAL LICEO BOLIVARIANO MARIANO MONTILLA,10.5965,-67.0383,1
UNIDAD EDUCATIVA NACIONAL LICEO FRANCISCO DE MIRANDA,10.3435,-67.0468,1
UNIDAD EDUCATIVA NACIONAL LICEO LIBERTADOR,7.80818,-72.1914,1
UNIDAD EDUCATIVA NACIONAL LICEO LOS ROBLES,10.7091,-71.6235,1
UNIDAD EDUCATIVA NACIONAL LICEO MARIANO PICON SALAS,10.4801,-66.811,1
UNIDAD EDUCATIVA NACIONAL LLANO DE JORGE,7.78606,-72.459,1
UNIDAD EDUCATIVA NACIONAL LOS CREPUSCULOS,10.081,-69.3627,1
UNIDAD EDUCATIVA NACIONAL LUIS CORREA,10.3554,-67.0614,1
UNIDAD EDUCATIVA NACIONAL MAESTRO VICENTE ROJAS,10.3871,-71.4619,1
UNIDAD EDUCATIVA NACIONAL MANUEL BARRIOS FREITEZ,9.5784,-69.3335,1
UNIDAD EDUCATIVA NACIONAL MANUEL BELLOSO,10.4172,-71.4301,1
UNIDAD EDUCATIVA NACIONAL MANUEL CLEMENTE URBANEJA,10.3398,-67.0326,1
UNIDAD EDUCATIVA NACIONAL MANUEL SEGUNDO SANCHEZ,10.6518,-71.6658,1
UNIDAD EDUCATIVA NACIONAL MARIA MONTESSORI,10.6908,-71.6019,1
UNIDAD EDUCATIVA NACIONAL MARISCAL SUCRE,10.4628,-66.763,1
UNIDAD EDUCATIVA NACIONAL MARTINEZ CENTENO,10.5056,-66.8378,1
UNIDAD EDUCATIVA NACIONAL MIGUEL JOSE SANZ,10.0819,-69.3067,1
UNIDAD EDUCATIVA NACIONAL NUESTRA SEÑORA DE LA PAZ,10.6988,-71.6025,1
UNIDAD EDUCATIVA NACIONAL OBELISCO 2,10.0692,-69.3448,1
UNIDAD EDUCATIVA NACIONAL PADRE BLANCO,9.31134,-70.611,1
UNIDAD EDUCATIVA NACIONAL PADRE SOJO,10.4893,-66.873,1
UNIDAD EDUCATIVA NACIONAL PASTOR OROPEZA,10.0823,-69.3187,1
UNIDAD EDUCATIVA NACIONAL PRESBITERO MANUEL CAÑIZALES,10.3569,-67.0661,1
UNIDAD EDUCATIVA NACIONAL PRIVADA ADVENTISTA LIBERTADOR,10.3886,-71.4436,1
UNIDAD EDUCATIVA NACIONAL PRIVADA ANTONIO ROSMINI,10.7056,-71.6015,1
UNIDAD EDUCATIVA NACIONAL PRIVADA COLEGIO CLARET,10.6721,-71.6118,1
UNIDAD EDUCATIVA NACIONAL PRIVADA COLEGIO CRISTO REY,10.559,-71.6436,1
UNIDAD EDUCATIVA NACIONAL PRIVADA COLEGIO CRISTO REY (ANEXO1),10.559,-71.6436,1
UNIDAD EDUCATIVA NACIONAL PRIVADA COLEGIO SAN VICENTE DE PAUL,10.6734,-71.6191,1
UNIDAD EDUCATIVA NACIONAL PRIVADA COLEGIO SANTA MARIA,10.6336,-71.635,1
UNIDAD EDUCATIVA NACIONAL PRIVADA CORAZON DE JESUS,10.6172,-71.644,1
UNIDAD EDUCATIVA NACIONAL PRIVADA DR JOSE GREGORIO HERNANDEZ,10.6728,-71.6585,1
UNIDAD EDUCATIVA NACIONAL PRIVADA JOSE GREGORIO MONAGAS,10.5745,-71.6657,1
UNIDAD EDUCATIVA NACIONAL PRIVADA JOSE PIO TAMAYO,10.5851,-71.6209,1
UNIDAD EDUCATIVA NACIONAL PRIVADA MADRE MERCEDES MOLINA,10.5796,-71.662,1
UNIDAD EDUCATIVA NACIONAL PRIVADA NATALICIO DEL LIBERTADOR,10.5784,-71.6393,1
UNIDAD EDUCATIVA NACIONAL PRIVADA NUESTRA SEÑORA DEL PILAR,10.6892,-71.6184,1
UNIDAD EDUCATIVA NACIONAL PRIVADA PEDRO CAMEJO,10.5716,-71.6451,1
UNIDAD EDUCATIVA NACIONAL PRIVADA SAN JOSE DE CALASANZ,10.5871,-71.6347,1
UNIDAD EDUCATIVA NACIONAL RAFAEL CABRERA MALO,9.9188,-67.3583,1
UNIDAD EDUCATIVA NACIONAL RAFAEL LOPEZ BARALT,10.6972,-71.6062,1
UNIDAD EDUCATIVA NACIONAL RAFAEL MARIA BARALT,10.6703,-71.6282,1
UNIDAD EDUCATIVA NACIONAL RAFAEL MARIA BARALT (ANEXO 1),10.6687,-71.6281,1
UNIDAD EDUCATIVA NACIONAL RAUL OSORIO,10.577,-71.6179,1
UNIDAD EDUCATIVA NACIONAL REPUBLICA DE INDONESIA,10.4673,-66.8669,1
UNIDAD EDUCATIVA NACIONAL ROMULO GALLEGOS,10.6738,-71.5959,1
UNIDAD EDUCATIVA NACIONAL SAMUEL ROBINSON,9.59581,-69.2128,1
UNIDAD EDUCATIVA NACIONAL SAN IGNACIO DE LOYOLA,10.0533,-69.352,1
UNIDAD EDUCATIVA NACIONAL SERGIO MARIA RECAGNO,10.5948,-66.9319,1
UNIDAD EDUCATIVA NACIONAL SOROCAIMA,10.4829,-66.876,1
UNIDAD EDUCATIVA NACIONAL TITO SALAS,10.4462,-66.8652,1
UNIDAD EDUCATIVA NACIONAL TURUMO,10.4848,-66.7601,1
UNIDAD EDUCATIVA NACIONAL UDON PEREZ,10.6856,-71.6078,1
UNIDAD EDUCATIVA NACIONAL VICENTE LECUNA,10.0648,-69.326,1
UNIDAD EDUCATIVA NACIONAL VICTOR CAPO,10.3937,-71.4295,1
UNIDAD EDUCATIVA NACIONAL. MACUTO,10.5971,-66.9385,1
UNIDAD EDUCATIVA NINO JESUS DE ESCUQUE,10.4709,-66.8067,1
UNIDAD EDUCATIVA NIRGUA,10.0961,-69.0712,1
UNIDAD EDUCATIVA NUESTRA SEÑORA  DE FATIMA,8.58195,-71.1645,1
UNIDAD EDUCATIVA NUESTRA SEÑORA DE COROMOTO,10.9719,-63.8345,1
UNIDAD EDUCATIVA NUESTRA SEÑORA DEL CAMINO,10.4779,-66.5524,1
UNIDAD EDUCATIVA NUESTRA SEÑORA DEL COROMOTO,10.1054,-69.3083,1
UNIDAD EDUCATIVA NUESTRA SEÑORA DEL ROSARIO,10.4335,-66.8665,1
UNIDAD EDUCATIVA NUEVA ANDALUCÍA,10.4614,-64.1698,1
UNIDAD EDUCATIVA NUEVA TOLEDO,10.451,-64.0948,1
UNIDAD EDUCATIVA OFELIA TANCREDI CORREDOR,8.62643,-71.6536,1
UNIDAD EDUCATIVA OMAIRA SEQUERA SALAS,10.0433,-69.229,1
UNIDAD EDUCATIVA PABLO ACOSTA ORTIZ,10.0729,-69.3066,1
UNIDAD EDUCATIVA PABLO MANZANO VELOZ,10.0592,-69.352,1
UNIDAD EDUCATIVA PADRE LUIS ORMIERES FE Y ALEGRIA,9.7323,-63.2058,1
UNIDAD EDUCATIVA PARMENIA DIAZ DE CARVAJAL,8.93114,-67.4104,1
UNIDAD EDUCATIVA PARROQUIAL COLEGIO COROMOTO,7.77024,-72.231,1
UNIDAD EDUCATIVA PEDRO J ANDRADE,8.5858,-71.251,1
UNIDAD EDUCATIVA PILAR MONTESUMA,10.0271,-69.3866,1
UNIDAD EDUCATIVA PINTO SALINAS,10.037,-69.3546,1
UNIDAD EDUCATIVA POPULAR COLEGIO DON BOSCO,10.5055,-66.8506,1
UNIDAD EDUCATIVA POPULAR COLEGIO EL ALBA,10.5051,-66.8448,1
UNIDAD EDUCATIVA POPULAR COLEGIO MAS LUZ,10.4928,-66.8498,1
UNIDAD EDUCATIVA POPULAR CRISTO REY,10.5059,-66.8489,1
UNIDAD EDUCATIVA POPULAR FE Y ALEGRIA SAN FRANCISCO,10.0581,-69.3865,1
UNIDAD EDUCATIVA POPULAR MARIA AUXILIADORA,10.506,-66.8528,1
UNIDAD EDUCATIVA POPULAR SAN FRANCISCO DE ASIS,10.5064,-66.8411,1
UNIDAD EDUCATIVA POPULAR SANTO TOMAS DE AQUINO,10.4964,-66.8604,1
UNIDAD EDUCATIVA POZO HONDO,8.5415,-71.2432,1
UNIDAD EDUCATIVA PREBISPERO JUAN SANTIAGO GUASCO,9.22184,-66.0055,1
UNIDAD EDUCATIVA PREESCOLAR AMALIVAC,10.491,-66.8169,1
UNIDAD EDUCATIVA PRIVADA  VICENTE EMILIO SOJO,10.4659,-66.6097,1
UNIDAD EDUCATIVA PRIVADA BELAGUA,10.4639,-66.5215,1
UNIDAD EDUCATIVA PRIVADA BELLA VISTA,10.3379,-67.0386,1
UNIDAD EDUCATIVA PRIVADA CECILO ACOSTA,9.74222,-63.1718,1
UNIDAD EDUCATIVA PRIVADA COLEGIO ALTO PRADO,10.4418,-66.8924,1
UNIDAD EDUCATIVA PRIVADA COLEGIO BELLAS ARTES,10.6732,-71.6044,1
UNIDAD EDUCATIVA PRIVADA COLEGIO CATOLICO SAN JOSE,9.04737,-69.7475,1
UNIDAD EDUCATIVA PRIVADA COLEGIO JOSE ATANASIO GIRARDOT,10.6089,-67.0178,1
UNIDAD EDUCATIVA PRIVADA COLEGIO LA MERCED,10.6107,-66.8504,1
UNIDAD EDUCATIVA PRIVADA COLEGIO NUESTRA SEÑORA DE LA CONSOLACION,10.5004,-66.882,1
UNIDAD EDUCATIVA PRIVADA COLEGIO SAN JOSE DE CATIA LA MAR,10.6063,-67.0323,1
UNIDAD EDUCATIVA PRIVADA COLEGIO SAN VICENTE DE PAUL,10.5969,-66.9579,1
UNIDAD EDUCATIVA PRIVADA COLEGIO SANTA ANA,10.4779,-66.9066,1
UNIDAD EDUCATIVA PRIVADA COLEGIO SANTO DOMINGO DE GUZMAN,10.6044,-66.8349,1
UNIDAD EDUCATIVA PRIVADA COLEGIO VIRGEN DEL VALLE,10.5948,-67.0151,1
UNIDAD EDUCATIVA PRIVADA DON ANDRÉS BELLO,10.6695,-63.2444,1
UNIDAD EDUCATIVA PRIVADA EL AVILA,9.55998,-69.2131,1
UNIDAD EDUCATIVA PRIVADA GENERALISIMO FRANCISCO DE MIRANDA,9.5572,-69.1983,1
UNIDAD EDUCATIVA PRIVADA GUAL Y ESPAÑA,10.6072,-67.0333,1
UNIDAD EDUCATIVA PRIVADA JOSÉ FRANCISCO BERMÚDEZ,10.6315,-63.2629,1
UNIDAD EDUCATIVA PRIVADA LIBERTADOR,10.4736,-64.1679,1
UNIDAD EDUCATIVA PRIVADA MIGUEL PALAO RICO,9.66394,-68.591,1
UNIDAD EDUCATIVA PRIVADA MIGUEL SURIAGA,10.4735,-66.8022,1
UNIDAD EDUCATIVA PRIVADA MINERVA I,10.4535,-66.8736,1
UNIDAD EDUCATIVA PRIVADA NUESTRA SANTA PATRONA,9.69308,-63.6099,1
UNIDAD EDUCATIVA PRIVADA NUESTRA SEÑORA DE CHIQUINQUIRA (ANEXO 1),10.6617,-71.6085,1
UNIDAD EDUCATIVA PRIVADA NUESTRA SEÑORA DE LAS MERCEDES,10.5051,-66.8936,1
UNIDAD EDUCATIVA PRIVADA SAN MARTIN DE PORRES,10.5056,-66.8951,1
UNIDAD EDUCATIVA PRIVADA SANTA EDUVIGIS,9.73763,-63.1836,1
UNIDAD EDUCATIVA PRIVADA SANTO ANGEL,10.4729,-64.1707,1
UNIDAD EDUCATIVA PRIVADA THOMAS DE JESUS QUINTERO,10.355,-66.9757,1
UNIDAD EDUCATIVA PRIVADA VENEZUELA HEROICA,10.6166,-66.855,1
UNIDAD EDUCATIVA PRIVADA VIRGEN DE LA CONSAGRACIÓN,10.3624,-67.0217,1
UNIDAD EDUCATIVA PRIVADO COLEGIO CORAZON DE MARIA,7.81633,-71.176,1
UNIDAD EDUCATIVA PROFESOR  ASCANIO J. VELASQUEZ,10.9576,-63.9945,1
UNIDAD EDUCATIVA PROFESOR BORIS BOSSIO VIVAS,10.3687,-66.9839,1
UNIDAD EDUCATIVA PROFESOR HERBERTO QUINTERO,10.3805,-71.4462,1
UNIDAD EDUCATIVA RAFAEL QUEVEDO URBINA,9.32938,-70.5851,1
UNIDAD EDUCATIVA RAFAEL SALAZAR BRITO,10.976,-63.861,1
UNIDAD EDUCATIVA RAMON IGNAGIO GUERRA (B),8.57395,-71.1928,1
UNIDAD EDUCATIVA RAMON REINOSO NUÑEZ,8.62601,-70.2024,1
UNIDAD EDUCATIVA RAUL LEONI,10.4527,-66.7936,1
UNIDAD EDUCATIVA REBECA MEJIA,10.4209,-64.1891,1
UNIDAD EDUCATIVA REPÚBLICA DE HAITÍ,10.6684,-63.2474,1
UNIDAD EDUCATIVA ROMULO BETANCOURT,8.57697,-71.2066,1
UNIDAD EDUCATIVA ROMULO BETANCOURT 3,10.026,-69.384,1
UNIDAD EDUCATIVA RURAL LA MATA,9.31077,-70.6546,1
UNIDAD EDUCATIVA RURAL MANUELITA SAENZ,10.3755,-66.881,1
UNIDAD EDUCATIVA SAGRADO CORAZON DE JESUS II,10.3337,-67.0437,1
UNIDAD EDUCATIVA SAN FRANCISCO,10.0592,-69.3901,1
UNIDAD EDUCATIVA SAN IGNACIO (FE Y ALEGRIA),10.5626,-71.661,1
UNIDAD EDUCATIVA SAN JOSÉ,10.9568,-63.8509,1
UNIDAD EDUCATIVA SAN JUDAS TADEO,10.5548,-71.6433,1
UNIDAD EDUCATIVA SAN MARTIN DE PORRAS,10.5561,-71.6372,1
UNIDAD EDUCATIVA SAN MARTÍN DE PORRES,10.9487,-63.8935,1
UNIDAD EDUCATIVA SAN NICOLAS,10.9613,-63.8511,1
UNIDAD EDUCATIVA SAN VICENTE DE PAÚL,9.31402,-70.6086,1
UNIDAD EDUCATIVA SIMON BOLIVAR,9.31482,-70.6081,1
UNIDAD EDUCATIVA SIMON BOLIVAR FE Y ALEGRIA,10.6109,-66.8498,1
UNIDAD EDUCATIVA SIMON JOSE ARISMENDI,11.0327,-63.9512,1
UNIDAD EDUCATIVA SIMON RODRIGUEZ,8.92317,-67.3985,1
UNIDAD EDUCATIVA TERESA CARREÑO,10.0337,-69.3921,1
UNIDAD EDUCATIVA TOMAS RAFAEL GIMENEZ,10.0764,-69.2976,1
UNIDAD EDUCATIVA TOVAR,8.61837,-71.6517,1
UNIDAD EDUCATIVA TOVAR B,8.64781,-71.6608,1
UNIDAD EDUCATIVA TRINIDAD FIGUEIRA,10.332,-68.7382,1
UNIDAD EDUCATIVA TULIO FEBRES CORDERO,8.59722,-71.1392,1
UNIDAD EDUCATIVA UDON PEREZ (ANEXO 1),10.6852,-71.6079,1
UNIDAD EDUCATIVA VICENTE SALIAS,10.0607,-69.2922,1
UNIDAD EDUCATIVA VICENTE SUCRE Y URBANEJA,10.4272,-64.1775,1
UNIDAD EDUCATIVA VICTOR LINO GOMEZ,10.4039,-71.4372,1
UNIDAD EDUCATIVA VIRGEN DE LOS ANGELES,10.6134,-71.6472,1
UNIDAD EDUCATIVA VIRGINIA DE ANDRADE,10.0695,-69.3428,1
UNIDAD EDUCATIVA VUELVAN CARAS,7.89246,-67.4781,1
UNIDAD EDUCATIVA YOLY TERESA MURCI,10.4067,-71.4698,1
UNIDAD EDUCATIVA. ESTADAL MARIA MAYZ,10.5893,-66.9575,1
UNIDAD EDUCATIVA. NACIONAL NARCISO GONELL,10.5953,-67.0381,1
UNIDAD EDUCATIVA. NACIONAL. BOLIVARIANA 10 DE MARZO,10.5974,-66.974,1
UNIDAD EDUCATIVA. NACIONAL. GUAICAIPURO,10.5284,-67.1256,1
UNIDAD EDUCATIVA. PRIVADA COLEGIO SANTA ANA,10.5934,-66.9517,1
UNIDAD EDUCATIVA. PRIVADA PARROQUIAL SAN JOSE,10.5307,-67.1205,1
UNIDAD EDUCATIVADEPARTAMENTO LIBERTADOR,10.084,-69.3439,1
UNIDAD EDUCATIVAMONSEÑOR JOSE LUIS CASTELLANOS,10.6134,-71.641,1
UNIDAD EDUCATIVANACIONAL ALEJANDRO FUENMAYOR,10.7012,-71.6126,1
UNIDAD EDUCATVA BERNABE PLANAS,10.0572,-69.3899,1
UNIDAD EDUCTIVA PRIVADA TOMAS ALBA EDISON,10.5947,-66.9547,1
UNIDAD EDUCUCATIVA LAS MINAS,10.3796,-66.9711,1
UNIDAD ESCOLAR PADRE JOSE MARIA VELAZ,10.4209,-64.1846,1
UNIDAD ESCUELA NACIONAL CREACION BARRIOS DEL OESTE,10.0321,-69.403,1
UNIDAD ESTADAL EDUCATIVA CECILIO ACOSTA 1,10.3262,-67.0433,1
UNIDAD ESTADAL FELIX MANUEL LUCES,10.4598,-66.6224,1
UNIDAD GERIATRICA AGUSTIN CAPO BIANCO SANCHEZ,9.67851,-68.5909,1
UNIDAD GERONTOLOGICA DR RICARDO SERGENT,8.55199,-71.2346,1
UNIDAD GERONTOLOGICA JOSE MANUEL ZUNIAGA.,10.6559,-63.2363,1
UNIDAD LARGA ESTANCIA,8.60125,-71.147,1
UNIDAD POLIVALENTE INCE SAN FRANCISCO,10.5705,-71.6661,1
UNIDAD SANITARIA CANDIDO DIAZ CARBALLO,9.66107,-68.5903,1
UNIDAD. EDUCATIVA. NACIONAL. BOLIVARIANA MARE ABAJO,10.6083,-66.9911,1
UNIDAD. EDUCATIVA. PRIVADA JUAN XXIII TACAGUA,10.6067,-67.031,1
UNIDADAD EDUCATIVA PRIVADA TANAGUARENA,10.6133,-66.8353,1
UNIVERSIDAD ABIERTA SEDE CUMANA,10.4662,-64.172,1
UNIVERSIDAD BOLIVARIANA DE VENEZUELA,10.4875,-66.8855,1
UNIVERSIDAD CENTROOCIDENTAL LISANDRO ALVARADO NUCLEO TORRES,10.161,-70.0732,1
UNIVERSIDAD EZEQUIEL ZAMORA,7.89474,-67.4693,1
UNIVERSIDAD MARITIMA DEL CARIBE,10.6,-67.0318,1
UNIVERSIDAD METROPOLITANA,10.4986,-66.7889,1
UNIVERSIDAD NACIONAL ABIERTA,9.22032,-65.9895,1
UNIVERSIDAD NACIONAL ABIERTA NUCLEO ARAURE,9.57903,-69.1949,1
UNIVERSIDAD NACIONAL EXPERIMENTAL POLITECNICA DE LA FUERZA ARMADA. NUCLEO COJEDES,9.9243,-68.3127,1
UNIVERSIDAD NACIONAL EXPERIMENTAL RAFAEL MARIA BARALT,10.4152,-71.4331,1
UNIVERSIDAD NACIONAL EXPERIMENTAL SIMON RODRIGUEZ,9.22691,-66.0238,1
UNIVERSIDAD NACIONAL YACAMBU,9.60058,-69.2184,1
UNIVERSIDAD NUEVA ESPARTA,10.4381,-66.8412,1
UNIVERSIDAD PEDAGOGICA EXPERIMENTAL LIBERTADOR,5.62801,-67.6103,1
UNIVERSIDAD PEDAGOGICA EXPERIMENTAL LIBERTADOR- PEDAGOGICO DE MATURIN,9.72827,-63.1528,1
UNIVERSIDAD POLITECNICA TERRITORIAL DEL ESTADO LARA ANDRES ELOY BLANCO,10.0518,-69.3623,1
UNIVERSIDAD ROMULO GALLEGOS,9.21425,-66.0047,1
UNIVERSIDAD SANTA MARIA,10.493,-66.7806,1
UNIVERSIDAD SIMON BOLIVAR,10.4089,-66.8809,1
UNIVERSIDAD SIMON RODRIGUEZ,10.3366,-68.7547,1
UNIVERSIDAD YACAMBU,10.0121,-69.2423,1
UNIVESIDAD PEDAGOGICA EXPERIMENTAL LIBERTADOR,7.76266,-72.2114,1
VILLA JOSEFINA,9.5824,-69.2382,1
CASA DE CAMPO GUZMÁN BLANCO,10.460018,-66.987559,1
ESCUELA TECNICA FRANCISCO FAJARDO,10.435077,-66.999379,1
LICEO BOLIVARIANO JOSÉ AVALOS,10.463092,-66.911013,1
UNIDAD EDUCATIVA COLEGIO LA CONCEPCIÓN,10.477618,-66.948568,1
UNIDAD EDUCATIVA COLEGIO GRAN COLOMBIA,10.478488,-66.909215,1
LICEO BOLIVARIANO MIGUEL ANTONIO CARO,10.515884,-66.939448,1
UNIDAD EDUCATIVA NACIONAL 24 DE JULIO,10.512552,-66.947311,1
LICEO BOLIVARIANO CECILIO ACOSTA,5.655798,-67.62542,1
LICEO MONSEÑOR NICOLAS EUGENIO NAVARRO,10.142735,-64.677425,1
GRUPO ESCOLAR REPUBLICA DE CHILE,10.13601,-64.692974,1
LICEO NACIONAL CAMINO NUEVO,10.137352,-64.705812,1
CICLO BASICO DOCTOR JUAN PABLO ROJAS PAUL,8.897809,-64.240169,1
GRUPO ESCOLAR INES MARIA DE POTENTINI,10.196185,-64.63147,1
GRUPO ESCOLAR TOMAS MOGNA,10.201244,-64.616777,1
ESCUELA PRIMARIA BOLIVARIANA SANTA RUFINA,7.839507,-67.507309,1
GRUPO ESCOLAR JESUS HERNANDEZ PRADO,10.232524,-67.574561,1
ESCUELA BASICA ANTONIO ARRAIZ,10.313946,-67.561832,1
CICLO DIVERSIFICADO JOSE FELIX RIVAS,10.226071,-67.330283,1
UNIDAD EDUCATIVA NACIONAL  EL LIMON,10.303295,-67.630416,1
UNIDAD EDUCATIVA PRIVADA BICENTENARIO DE LA INDEPENDENCIA,10.219829,-67.478169,1
UNIDAD EDUCATIVA JOSE HELIMENAS BARRIOS,10.17236,-67.45525,1
UNIVERSIDAD DE CARABOBO MORITA II,10.210981,-67.559775,1
ESCUELA BASICA JULIA RODRIGUEZ VIA,8.269584,-62.777795,1
ESCUELA BASICA UNARE II,8.266979,-62.766038,1
ESCUELA BASICA GRAN SABANA FE Y ALEGRÍA,8.230077,-62.822929,1
ESCUELA BASICA BOLIVARIANA VILLA BAHIA,8.24144,-62.795164,1
UNIDAD EDUCATIVA LOS PROCERES,8.285482,-62.718451,1
ESCUELA BASICA ESTADAL ANITA RAMIREZ,8.089227,-63.559084,1
ESCUELA NACIONAL BASICA SANTIAGO MARIÑO,8.017451,-62.404982,1
UNIDAD EDUCATIVA  NACIONAL   LUIS AUGUSTO MACHADO CISNEROS,10.236442,-67.881462,1
ESCUELA NACIONAL SAN JOSE LOS CHORRITOS,10.113303,-68.06876,1
GRUPO ESCOLAR YORACO,10.157672,-67.91445,1
UNIDAD ESCOLAR SIMON BOLIVAR,10.242623,-68.008929,1
CICLO BASICO AGUSTIN ARMARIO,10.45905,-68.048654,1
UNIDAD EDUCATIVA ESTADAL JOSE REGINO PEÑA,10.134293,-68.000486,1
ESCUELA LISANDRO RAMIREZ,10.216572,-68.001302,1
LICEO CICLO DIVERSIFICADO PEDRO GUAL,10.197486,-68.006161,1
ESCUELA BOLIVARIANA CARLOS RAFAEL CONTRERAS,9.079993,-62.088332,1
UNIDAD EDUCATIVA CARLOS DIEZ DEL CIERVO,11.716354,-70.194351,1
ESCUELA BOLIVARIANA MENE GRANDE,11.69593,-70.203752,1
INSTITUTO CARDON,11.652824,-70.209243,1
UNIDAD EDUCATIVA CESAR AUGUSTO AGREDA,11.405031,-69.662137,1
ESCUELA TECNICA INDUSTRIAL ROBINSONIANA CORO  EXTENSION SAN JOSE,11.412864,-69.645569,1
COMPLEJO EDUCATIVO SIMON RODRIGUEZ,11.386943,-69.682786,1
CICLO BASICO NACIONAL EL UJANO,10.087551,-69.278416,1
ESCUELA BOLIVARIANA JOSE HERRERA OROPEZA,10.182735,-70.076111,1
LICEO DOCTOR ALBERTO ADRIANI,8.621298,-71.656367,1
ESCUELA BASICA MONSEÑOR JAUREGUI,8.551264,-71.235686,1
UNIDAD EDUCATIVA COLEGIO  SANTA ROSA DE LIMA,10.469884,-66.860809,1
LICEO SIMÓN BOLÍVAR,9.769369,-63.197527,1
ESCUELA BÁSICA MUNICIPAL PROFESOR JUAN DE DIOS MUÑOZ,7.811516,-72.443784,1
UNIDAD EDUCATIVA ESTADAL DOCTOR RAUL LEONI,7.683298,-72.370024,1
ESCUELA BOLIVARIANA ALIANZA,7.747723,-72.22238,1
UNIDAD EDUCATIVA ESTADAL ANA DOLORES FERNADEZ,7.781531,-72.205326,1
LICEO EMIRO FUENMAYOR,9.381256,-70.735399,1
CENTRO DE EDUCACION  INICIAL FABRICIO  OJEDA,10.190387,-71.204226,1
ESCUELA BASICA NACIONAL DOCTOR JESUS ENRIQUE LOSSADA,10.644052,-71.671817,1
UNIDAD EDUCATIVA NACIONAL BOLIVARIANA MONSENOR EDUARDO VASQUEZ,10.9868,-63.888386,1
