centro_cne_id,votos_gobierno,votos_oposicion,votos_validos,votos_otros,pct_gobierno,pct_oposicion
010101001,374.0,919.0,1333,40.0,28.06,68.94
010101002,376.0,922.0,1347,49.0,27.91,68.45
010101003,699.0,2243.0,3030,88.0,23.07,74.03
010101004,372.0,667.0,1080,41.0,34.44,61.76
010101006,635.0,1181.0,1880,64.0,33.78,62.82
010101007,354.0,799.0,1189,36.0,29.77,67.2
010101008,779.0,1852.0,2704,73.0,28.81,68.49
010101009,351.0,1112.0,1510,47.0,23.25,73.64
010101010,292.0,534.0,861,35.0,33.91,62.02
010101026,311.0,413.0,746,22.0,41.69,55.36
010101031,205.0,378.0,604,21.0,33.94,62.58
010101033,211.0,348.0,580,21.0,36.38,60.0
010101036,141.0,116.0,264,7.0,53.41,43.94
010101037,90.0,72.0,172,10.0,52.33,41.86
010101039,92.0,139.0,238,7.0,38.66,58.4
010102004,412.0,567.0,1016,37.0,40.55,55.81
010102006,305.0,1378.0,1725,42.0,17.68,79.88
010102008,635.0,1591.0,2292,66.0,27.71,69.42
010102009,240.0,1264.0,1540,36.0,15.58,82.08
010102010,258.0,806.0,1106,42.0,23.33,72.88
010102011,387.0,1453.0,1883,43.0,20.55,77.16
010102012,184.0,553.0,765,28.0,24.05,72.29
010102013,71.0,269.0,359,19.0,19.78,74.93
010102014,279.0,1057.0,1371,35.0,20.35,77.1
010102015,278.0,979.0,1286,29.0,21.62,76.13
010102017,517.0,1640.0,2228,71.0,23.2,73.61
010102018,126.0,398.0,540,16.0,23.33,73.7
010102019,111.0,403.0,531,17.0,20.9,75.89
010102021,54.0,49.0,104,1.0,51.92,47.12
010102024,97.0,37.0,135,1.0,71.85,27.41
010103001,2330.0,1268.0,3666,68.0,63.56,34.59
010103002,252.0,306.0,578,20.0,43.6,52.94
010103004,324.0,508.0,854,22.0,37.94,59.48
010103005,743.0,607.0,1381,31.0,53.8,43.95
010103006,436.0,688.0,1169,45.0,37.3,58.85
010103010,704.0,451.0,1179,24.0,59.71,38.25
010103011,90.0,53.0,147,4.0,61.22,36.05
010104001,198.0,587.0,816,31.0,24.26,71.94
010104003,118.0,288.0,423,17.0,27.9,68.09
010104004,938.0,1668.0,2697,91.0,34.78,61.85
010104005,232.0,393.0,653,28.0,35.53,60.18
010104012,467.0,1477.0,2029,85.0,23.02,72.79
010104014,137.0,313.0,477,27.0,28.72,65.62
010104018,348.0,939.0,1343,56.0,25.91,69.92
010104022,541.0,1319.0,1918,58.0,28.21,68.77
010104024,482.0,1005.0,1545,58.0,31.2,65.05
010104026,169.0,274.0,461,18.0,36.66,59.44
010104028,335.0,782.0,1154,37.0,29.03,67.76
010104029,475.0,972.0,1506,59.0,31.54,64.54
010104030,393.0,1256.0,1695,46.0,23.19,74.1
010104031,161.0,568.0,768,39.0,20.96,73.96
010104032,122.0,249.0,384,13.0,31.77,64.84
010104033,660.0,1442.0,2187,85.0,30.18,65.94
010104034,80.0,239.0,326,7.0,24.54,73.31
010104036,149.0,346.0,518,23.0,28.76,66.8
010104037,129.0,223.0,367,15.0,35.15,60.76
010104039,136.0,271.0,416,9.0,32.69,65.14
010104040,108.0,350.0,469,11.0,23.03,74.63
010104045,172.0,302.0,495,21.0,34.75,61.01
010104046,519.0,917.0,1495,59.0,34.72,61.34
010104047,192.0,236.0,455,27.0,42.2,51.87
010104048,104.0,136.0,252,12.0,41.27,53.97
010104049,66.0,74.0,145,5.0,45.52,51.03
010104052,308.0,296.0,619,15.0,49.76,47.82
010104053,232.0,478.0,745,35.0,31.14,64.16
010104054,98.0,72.0,177,7.0,55.37,40.68
010104056,173.0,140.0,325,12.0,53.23,43.08
010104057,120.0,123.0,256,13.0,46.88,48.05
010104058,133.0,95.0,242,14.0,54.96,39.26
010104060,151.0,162.0,317,4.0,47.63,51.1
010105002,166.0,308.0,484,10.0,34.3,63.64
010105005,424.0,864.0,1330,42.0,31.88,64.96
010105008,1540.0,2463.0,4121,118.0,37.37,59.77
010105010,837.0,967.0,1861,57.0,44.98,51.96
010105012,687.0,642.0,1368,39.0,50.22,46.93
010105013,219.0,187.0,426,20.0,51.41,43.9
010105014,157.0,169.0,340,14.0,46.18,49.71
010105015,595.0,649.0,1291,47.0,46.09,50.27
010105016,729.0,1105.0,1917,83.0,38.03,57.64
010105017,516.0,539.0,1087,32.0,47.47,49.59
010105021,528.0,707.0,1288,53.0,40.99,54.89
010105023,197.0,182.0,393,14.0,50.13,46.31
010105025,552.0,412.0,1002,38.0,55.09,41.12
010105026,496.0,823.0,1365,46.0,36.34,60.29
010105033,178.0,85.0,267,4.0,66.67,31.84
010106002,170.0,285.0,474,19.0,35.86,60.13
010106003,611.0,1403.0,2097,83.0,29.14,66.91
010106004,426.0,1061.0,1541,54.0,27.64,68.85
010106005,264.0,640.0,935,31.0,28.24,68.45
010106008,316.0,659.0,998,23.0,31.66,66.03
010106010,587.0,1741.0,2420,92.0,24.26,71.94
010106011,613.0,1930.0,2604,61.0,23.54,74.12
010106017,187.0,416.0,614,11.0,30.46,67.75
010106019,262.0,475.0,751,14.0,34.89,63.25
010106026,163.0,162.0,336,11.0,48.51,48.21
010106027,288.0,304.0,613,21.0,46.98,49.59
010106028,118.0,109.0,240,13.0,49.17,45.42
010107001,377.0,616.0,1032,39.0,36.53,59.69
010107002,866.0,1546.0,2505,93.0,34.57,61.72
010107003,137.0,218.0,383,28.0,35.77,56.92
010107005,238.0,286.0,548,24.0,43.43,52.19
010107006,583.0,794.0,1448,71.0,40.26,54.83
010107007,340.0,503.0,883,40.0,38.51,56.96
010107008,504.0,585.0,1138,49.0,44.29,51.41
010107010,737.0,1465.0,2298,96.0,32.07,63.75
010107012,253.0,678.0,953,22.0,26.55,71.14
010107013,304.0,886.0,1237,47.0,24.58,71.62
010107015,229.0,496.0,749,24.0,30.57,66.22
010107016,318.0,728.0,1079,33.0,29.47,67.47
010107017,688.0,1784.0,2554,82.0,26.94,69.85
010107018,477.0,1096.0,1629,56.0,29.28,67.28
010107020,336.0,844.0,1215,35.0,27.65,69.47
010107021,1034.0,2272.0,3416,110.0,30.27,66.51
010107022,482.0,1334.0,1876,60.0,25.69,71.11
010107023,501.0,1045.0,1594,48.0,31.43,65.56
010107024,344.0,1149.0,1538,45.0,22.37,74.71
010107026,701.0,774.0,1526,51.0,45.94,50.72
010107027,593.0,1100.0,1790,97.0,33.13,61.45
010107028,599.0,1353.0,2033,81.0,29.46,66.55
010107030,195.0,264.0,476,17.0,40.97,55.46
010107034,303.0,597.0,935,35.0,32.41,63.85
010107037,451.0,737.0,1242,54.0,36.31,59.34
010107043,142.0,199.0,349,8.0,40.69,57.02
010107045,346.0,493.0,891,52.0,38.83,55.33
010107051,241.0,258.0,527,28.0,45.73,48.96
010107052,339.0,794.0,1166,33.0,29.07,68.1
010107053,207.0,315.0,538,16.0,38.48,58.55
010107054,422.0,835.0,1299,42.0,32.49,64.28
010107056,81.0,116.0,202,5.0,40.1,57.43
010107066,151.0,109.0,276,16.0,54.71,39.49
010107068,80.0,116.0,207,11.0,38.65,56.04
010108001,187.0,313.0,505,5.0,37.03,61.98
010108002,366.0,1006.0,1412,40.0,25.92,71.25
010108004,304.0,696.0,1024,24.0,29.69,67.97
010108006,277.0,632.0,935,26.0,29.63,67.59
010108007,897.0,1407.0,2400,96.0,37.38,58.62
010108008,523.0,531.0,1100,46.0,47.55,48.27
010108010,1016.0,1456.0,2576,104.0,39.44,56.52
010108012,302.0,767.0,1112,43.0,27.16,68.97
010108014,176.0,405.0,610,29.0,28.85,66.39
010108015,105.0,260.0,387,22.0,27.13,67.18
010108016,381.0,1093.0,1515,41.0,25.15,72.15
010108020,391.0,980.0,1411,40.0,27.71,69.45
010108021,631.0,1279.0,1979,69.0,31.88,64.63
010108025,1027.0,2342.0,3472,103.0,29.58,67.45
010108026,553.0,1124.0,1731,54.0,31.95,64.93
010108027,410.0,708.0,1162,44.0,35.28,60.93
010108028,440.0,1111.0,1599,48.0,27.52,69.48
010108029,127.0,242.0,375,6.0,33.87,64.53
010108031,307.0,518.0,853,28.0,35.99,60.73
010108032,219.0,298.0,543,26.0,40.33,54.88
010108035,474.0,650.0,1164,40.0,40.72,55.84
010108036,696.0,772.0,1529,61.0,45.52,50.49
010108037,207.0,337.0,551,7.0,37.57,61.16
010108040,326.0,847.0,1227,54.0,26.57,69.03
010108041,107.0,226.0,346,13.0,30.92,65.32
010108043,63.0,94.0,160,3.0,39.38,58.75
010108044,289.0,164.0,485,32.0,59.59,33.81
010108047,535.0,922.0,1503,46.0,35.6,61.34
010108049,116.0,230.0,359,13.0,32.31,64.07
010108051,374.0,499.0,912,39.0,41.01,54.71
010108054,246.0,331.0,604,27.0,40.73,54.8
010108060,209.0,266.0,487,12.0,42.92,54.62
010108067,159.0,215.0,382,8.0,41.62,56.28
010108068,124.0,82.0,218,12.0,56.88,37.61
010108069,183.0,107.0,297,7.0,61.62,36.03
010108071,139.0,165.0,320,16.0,43.44,51.56
010108074,57.0,46.0,105,2.0,54.29,43.81
010108075,211.0,340.0,572,21.0,36.89,59.44
010108077,365.0,553.0,957,39.0,38.14,57.78
010109001,231.0,543.0,799,25.0,28.91,67.96
010109002,312.0,803.0,1159,44.0,26.92,69.28
010109003,360.0,691.0,1080,29.0,33.33,63.98
010109004,1047.0,2306.0,3465,112.0,30.22,66.55
010109005,306.0,708.0,1053,39.0,29.06,67.24
010109006,271.0,914.0,1231,46.0,22.01,74.25
010109007,225.0,273.0,524,26.0,42.94,52.1
010109008,254.0,309.0,580,17.0,43.79,53.28
010109009,161.0,259.0,436,16.0,36.93,59.4
010109010,115.0,184.0,306,7.0,37.58,60.13
010109011,252.0,344.0,619,23.0,40.71,55.57
010109012,97.0,140.0,241,4.0,40.25,58.09
010109014,81.0,69.0,152,2.0,53.29,45.39
010110006,708.0,1067.0,1845,70.0,38.37,57.83
010110007,520.0,1137.0,1717,60.0,30.29,66.22
010110009,514.0,1002.0,1575,59.0,32.63,63.62
010110015,110.0,281.0,408,17.0,26.96,68.87
010110021,638.0,1180.0,1884,66.0,33.86,62.63
010110022,789.0,1484.0,2361,88.0,33.42,62.85
010110024,163.0,470.0,653,20.0,24.96,71.98
010110025,328.0,663.0,1025,34.0,32.0,64.68
010110026,555.0,1418.0,2040,67.0,27.21,69.51
010110028,517.0,1165.0,1749,67.0,29.56,66.61
010110030,250.0,615.0,898,33.0,27.84,68.49
010110032,561.0,1137.0,1770,72.0,31.69,64.24
010110034,111.0,291.0,411,9.0,27.01,70.8
010110035,255.0,531.0,809,23.0,31.52,65.64
010110036,136.0,185.0,332,11.0,40.96,55.72
010110038,665.0,1619.0,2370,86.0,28.06,68.31
010110040,328.0,661.0,1028,39.0,31.91,64.3
010110041,394.0,1042.0,1486,50.0,26.51,70.12
010110042,117.0,245.0,374,12.0,31.28,65.51
010110045,166.0,340.0,534,28.0,31.09,63.67
010110048,341.0,842.0,1227,44.0,27.79,68.62
010110056,440.0,1254.0,1751,57.0,25.13,71.62
010110060,841.0,1201.0,2138,96.0,39.34,56.17
010110062,485.0,845.0,1399,69.0,34.67,60.4
010110064,476.0,1344.0,1875,55.0,25.39,71.68
010110067,562.0,1059.0,1688,67.0,33.29,62.74
010110071,356.0,817.0,1206,33.0,29.52,67.74
010110072,72.0,234.0,314,8.0,22.93,74.52
010110074,181.0,505.0,704,18.0,25.71,71.73
010110075,140.0,280.0,436,16.0,32.11,64.22
010110079,535.0,1549.0,2165,81.0,24.71,71.55
010110080,565.0,1245.0,1867,57.0,30.26,66.68
010110087,174.0,338.0,538,26.0,32.34,62.83
010110091,224.0,577.0,835,34.0,26.83,69.1
010110094,670.0,1189.0,1930,71.0,34.72,61.61
010110095,381.0,637.0,1063,45.0,35.84,59.92
010110097,203.0,333.0,560,24.0,36.25,59.46
010110100,327.0,551.0,910,32.0,35.93,60.55
010110101,511.0,1163.0,1723,49.0,29.66,67.5
010110104,539.0,1221.0,1816,56.0,29.68,67.24
010110108,159.0,284.0,468,25.0,33.97,60.68
010110112,203.0,302.0,525,20.0,38.67,57.52
010110128,224.0,465.0,720,31.0,31.11,64.58
010110135,241.0,320.0,586,25.0,41.13,54.61
010110138,169.0,164.0,346,13.0,48.84,47.4
010110146,375.0,606.0,1021,40.0,36.73,59.35
010110150,122.0,232.0,369,15.0,33.06,62.87
010110151,120.0,324.0,473,29.0,25.37,68.5
010110156,264.0,471.0,761,26.0,34.69,61.89
010110169,623.0,1379.0,2068,66.0,30.13,66.68
010110207,285.0,593.0,918,40.0,31.05,64.6
010110214,100.0,102.0,210,8.0,47.62,48.57
010110215,111.0,181.0,304,12.0,36.51,59.54
010110245,198.0,326.0,543,19.0,36.46,60.04
010110263,166.0,125.0,302,11.0,54.97,41.39
010110283,105.0,153.0,267,9.0,39.33,57.3
010110284,144.0,113.0,263,6.0,54.75,42.97
010111001,667.0,1172.0,1902,63.0,35.07,61.62
010111003,230.0,374.0,625,21.0,36.8,59.84
010111004,172.0,263.0,455,20.0,37.8,57.8
010111005,309.0,652.0,998,37.0,30.96,65.33
010111008,408.0,659.0,1111,44.0,36.72,59.32
010111012,178.0,336.0,529,15.0,33.65,63.52
010111013,1071.0,1802.0,2995,122.0,35.76,60.17
010111016,460.0,577.0,1086,49.0,42.36,53.13
010111018,93.0,189.0,294,12.0,31.63,64.29
010111020,274.0,575.0,897,48.0,30.55,64.1
010111022,703.0,692.0,1456,61.0,48.28,47.53
010111023,206.0,314.0,553,33.0,37.25,56.78
010111025,729.0,753.0,1547,65.0,47.12,48.67
010111037,268.0,495.0,785,22.0,34.14,63.06
010111043,152.0,178.0,345,15.0,44.06,51.59
010111044,108.0,170.0,286,8.0,37.76,59.44
010111046,127.0,160.0,301,14.0,42.19,53.16
010112001,204.0,357.0,586,25.0,34.81,60.92
010112003,159.0,240.0,414,15.0,38.41,57.97
010112004,188.0,238.0,451,25.0,41.69,52.77
010112006,359.0,558.0,965,48.0,37.2,57.82
010112007,504.0,687.0,1239,48.0,40.68,55.45
010112012,176.0,195.0,390,19.0,45.13,50.0
010112015,209.0,261.0,491,21.0,42.57,53.16
010112016,969.0,1540.0,2613,104.0,37.08,58.94
010112017,218.0,318.0,568,32.0,38.38,55.99
010112018,554.0,670.0,1269,45.0,43.66,52.8
010112019,219.0,861.0,1112,32.0,19.69,77.43
010112020,314.0,466.0,813,33.0,38.62,57.32
010112024,376.0,605.0,1016,35.0,37.01,59.55
010112025,591.0,1015.0,1655,49.0,35.71,61.33
010112027,241.0,314.0,581,26.0,41.48,54.04
010112034,695.0,1168.0,1951,88.0,35.62,59.87
010112036,806.0,1339.0,2241,96.0,35.97,59.75
010112037,548.0,621.0,1218,49.0,44.99,50.99
010112038,321.0,633.0,996,42.0,32.23,63.55
010112039,119.0,284.0,425,22.0,28.0,66.82
010112040,229.0,360.0,624,35.0,36.7,57.69
010112041,97.0,238.0,345,10.0,28.12,68.99
010112043,579.0,954.0,1590,57.0,36.42,60.0
010112047,236.0,400.0,660,24.0,35.76,60.61
010112049,399.0,588.0,1016,29.0,39.27,57.87
010112050,327.0,602.0,963,34.0,33.96,62.51
010112051,217.0,268.0,502,17.0,43.23,53.39
010112052,178.0,273.0,473,22.0,37.63,57.72
010112054,206.0,203.0,433,24.0,47.58,46.88
010112055,392.0,682.0,1114,40.0,35.19,61.22
010112057,211.0,228.0,455,16.0,46.37,50.11
010112061,208.0,152.0,376,16.0,55.32,40.43
010112077,129.0,120.0,258,9.0,50.0,46.51
010112079,141.0,254.0,414,19.0,34.06,61.35
010112080,408.0,204.0,627,15.0,65.07,32.54
010112086,238.0,280.0,549,31.0,43.35,51.0
010112100,140.0,108.0,256,8.0,54.69,42.19
010112111,143.0,149.0,306,14.0,46.73,48.69
010112114,74.0,70.0,147,3.0,50.34,47.62
010113002,305.0,756.0,1100,39.0,27.73,68.73
010113003,166.0,268.0,446,12.0,37.22,60.09
010113004,591.0,1014.0,1674,69.0,35.3,60.57
010113006,273.0,769.0,1082,40.0,25.23,71.07
010113008,274.0,246.0,542,22.0,50.55,45.39
010113009,335.0,344.0,709,30.0,47.25,48.52
010113010,129.0,794.0,938,15.0,13.75,84.65
010113011,617.0,2515.0,3215,83.0,19.19,78.23
010113012,312.0,813.0,1165,40.0,26.78,69.79
010113013,66.0,456.0,536,14.0,12.31,85.07
010113014,168.0,981.0,1182,33.0,14.21,82.99
010113015,160.0,1372.0,1556,24.0,10.28,88.17
010113016,243.0,421.0,695,31.0,34.96,60.58
010113017,206.0,554.0,784,24.0,26.28,70.66
010113018,34.0,199.0,238,5.0,14.29,83.61
010113019,924.0,1749.0,2757,84.0,33.51,63.44
010113020,138.0,389.0,542,15.0,25.46,71.77
010113023,150.0,229.0,393,14.0,38.17,58.27
010113024,364.0,1633.0,2062,65.0,17.65,79.19
010113025,86.0,419.0,514,9.0,16.73,81.52
010113028,597.0,2408.0,3097,92.0,19.28,77.75
010113029,163.0,490.0,665,12.0,24.51,73.68
010113030,420.0,1145.0,1612,47.0,26.05,71.03
010113031,177.0,640.0,839,22.0,21.1,76.28
010113034,319.0,483.0,822,20.0,38.81,58.76
010113035,1155.0,2884.0,4143,104.0,27.88,69.61
010113036,248.0,669.0,952,35.0,26.05,70.27
010113037,357.0,1269.0,1679,53.0,21.26,75.58
010113040,275.0,598.0,907,34.0,30.32,65.93
010113041,677.0,1031.0,1759,51.0,38.49,58.61
010113042,213.0,492.0,736,31.0,28.94,66.85
010113050,257.0,375.0,674,42.0,38.13,55.64
010113052,448.0,944.0,1438,46.0,31.15,65.65
010113063,202.0,118.0,329,9.0,61.4,35.87
010113064,143.0,130.0,278,5.0,51.44,46.76
010113067,46.0,70.0,118,2.0,38.98,59.32
010113068,91.0,82.0,177,4.0,51.41,46.33
010113072,76.0,86.0,165,3.0,46.06,52.12
010113073,241.0,283.0,543,19.0,44.38,52.12
010114002,639.0,1496.0,2207,72.0,28.95,67.78
010114003,138.0,237.0,386,11.0,35.75,61.4
010114005,378.0,1007.0,1450,65.0,26.07,69.45
010114008,260.0,420.0,711,31.0,36.57,59.07
010114009,188.0,220.0,424,16.0,44.34,51.89
010114013,388.0,623.0,1044,33.0,37.16,59.67
010114015,1282.0,1758.0,3141,101.0,40.82,55.97
010114016,784.0,1011.0,1854,59.0,42.29,54.53
010114017,645.0,1018.0,1740,77.0,37.07,58.51
010114018,784.0,985.0,1837,68.0,42.68,53.62
010114020,1381.0,2525.0,4045,139.0,34.14,62.42
010114021,638.0,1448.0,2160,74.0,29.54,67.04
010114022,438.0,1094.0,1590,58.0,27.55,68.81
010114023,589.0,1345.0,2006,72.0,29.36,67.05
010114024,909.0,973.0,1978,96.0,45.96,49.19
010114026,628.0,1564.0,2256,64.0,27.84,69.33
010114027,146.0,351.0,512,15.0,28.52,68.55
010114028,172.0,373.0,562,17.0,30.6,66.37
010114029,369.0,632.0,1033,32.0,35.72,61.18
010114030,446.0,666.0,1168,56.0,38.18,57.02
010114032,188.0,398.0,608,22.0,30.92,65.46
010114035,194.0,362.0,574,18.0,33.8,63.07
010114036,553.0,735.0,1337,49.0,41.36,54.97
010114037,237.0,296.0,554,21.0,42.78,53.43
010114038,134.0,279.0,423,10.0,31.68,65.96
010114039,210.0,439.0,674,25.0,31.16,65.13
010114040,966.0,1808.0,2903,129.0,33.28,62.28
010114041,119.0,266.0,399,14.0,29.82,66.67
010114044,140.0,272.0,427,15.0,32.79,63.7
010114045,521.0,1139.0,1733,73.0,30.06,65.72
010114046,105.0,127.0,239,7.0,43.93,53.14
010114047,149.0,291.0,452,12.0,32.96,64.38
010114048,214.0,333.0,568,21.0,37.68,58.63
010114049,148.0,158.0,318,12.0,46.54,49.69
010114050,85.0,98.0,186,3.0,45.7,52.69
010114054,236.0,380.0,638,22.0,36.99,59.56
010114055,218.0,202.0,435,15.0,50.11,46.44
010114056,231.0,414.0,673,28.0,34.32,61.52
010114069,196.0,233.0,443,14.0,44.24,52.6
010114072,151.0,159.0,327,17.0,46.18,48.62
010114076,160.0,154.0,326,12.0,49.08,47.24
010114078,102.0,160.0,269,7.0,37.92,59.48
010115001,160.0,388.0,577,29.0,27.73,67.24
010115002,1109.0,1527.0,2737,101.0,40.52,55.79
010115003,230.0,279.0,528,19.0,43.56,52.84
010115004,214.0,386.0,617,17.0,34.68,62.56
010115005,228.0,352.0,601,21.0,37.94,58.57
010115006,360.0,596.0,1004,48.0,35.86,59.36
010115007,491.0,1143.0,1683,49.0,29.17,67.91
010115008,304.0,469.0,811,38.0,37.48,57.83
010115009,318.0,2841.0,3195,36.0,9.95,88.92
010115010,856.0,1224.0,2156,76.0,39.7,56.77
010115011,192.0,1379.0,1608,37.0,11.94,85.76
010115012,126.0,374.0,519,19.0,24.28,72.06
010115013,239.0,409.0,670,22.0,35.67,61.04
010115014,193.0,468.0,685,24.0,28.18,68.32
010115015,312.0,1930.0,2283,41.0,13.67,84.54
010115016,209.0,1202.0,1443,32.0,14.48,83.3
010115017,131.0,282.0,435,22.0,30.11,64.83
010115018,201.0,299.0,523,23.0,38.43,57.17
010115021,720.0,1481.0,2247,46.0,32.04,65.91
010115023,172.0,293.0,484,19.0,35.54,60.54
010115028,534.0,884.0,1486,68.0,35.94,59.49
010115029,165.0,208.0,387,14.0,42.64,53.75
010115030,662.0,1070.0,1810,78.0,36.57,59.12
010115035,77.0,377.0,470,16.0,16.38,80.21
010115040,64.0,70.0,138,4.0,46.38,50.72
010115049,261.0,219.0,494,14.0,52.83,44.33
010115051,459.0,692.0,1196,45.0,38.38,57.86
010115054,406.0,245.0,674,23.0,60.24,36.35
010115065,348.0,520.0,913,45.0,38.12,56.96
010115066,77.0,102.0,189,10.0,40.74,53.97
010115075,153.0,140.0,305,12.0,50.16,45.9
010116001,1026.0,1697.0,2839,116.0,36.14,59.77
010116002,877.0,1517.0,2499,105.0,35.09,60.7
010116003,472.0,756.0,1295,67.0,36.45,58.38
010116006,739.0,1453.0,2285,93.0,32.34,63.59
010116007,112.0,310.0,441,19.0,25.4,70.29
010116009,910.0,1630.0,2662,122.0,34.18,61.23
010116012,674.0,1116.0,1851,61.0,36.41,60.29
010116013,246.0,354.0,620,20.0,39.68,57.1
010116014,463.0,813.0,1316,40.0,35.18,61.78
010116015,191.0,330.0,543,22.0,35.17,60.77
010116016,266.0,494.0,789,29.0,33.71,62.61
010116019,145.0,183.0,345,17.0,42.03,53.04
010116020,236.0,225.0,471,10.0,50.11,47.77
010116023,130.0,158.0,294,6.0,44.22,53.74
010116028,421.0,296.0,734,17.0,57.36,40.33
010116029,114.0,140.0,271,17.0,42.07,51.66
010116034,375.0,266.0,662,21.0,56.65,40.18
010116036,189.0,329.0,533,15.0,35.46,61.73
010116037,57.0,106.0,172,9.0,33.14,61.63
010116039,222.0,270.0,515,23.0,43.11,52.43
010116041,177.0,111.0,294,6.0,60.2,37.76
010116042,94.0,103.0,204,7.0,46.08,50.49
010116043,155.0,85.0,247,7.0,62.75,34.41
010116044,119.0,109.0,234,6.0,50.85,46.58
010116045,150.0,131.0,293,12.0,51.19,44.71
010116046,229.0,160.0,397,8.0,57.68,40.3
010116047,160.0,167.0,340,13.0,47.06,49.12
010116048,341.0,539.0,924,44.0,36.9,58.33
010117001,259.0,707.0,1000,34.0,25.9,70.7
010117002,188.0,528.0,748,32.0,25.13,70.59
010117004,107.0,329.0,448,12.0,23.88,73.44
010117005,372.0,856.0,1273,45.0,29.22,67.24
010117007,305.0,613.0,945,27.0,32.28,64.87
010117008,281.0,737.0,1062,44.0,26.46,69.4
010117010,67.0,234.0,307,6.0,21.82,76.22
010117012,812.0,2016.0,2902,74.0,27.98,69.47
010117015,499.0,1291.0,1856,66.0,26.89,69.56
010117016,173.0,322.0,527,32.0,32.83,61.1
010117017,225.0,730.0,985,30.0,22.84,74.11
010117018,731.0,1532.0,2354,91.0,31.05,65.08
010117020,460.0,1152.0,1687,75.0,27.27,68.29
010117022,693.0,1832.0,2612,87.0,26.53,70.14
010117024,301.0,619.0,945,25.0,31.85,65.5
010117026,172.0,300.0,485,13.0,35.46,61.86
010117027,296.0,1048.0,1382,38.0,21.42,75.83
010117029,649.0,1599.0,2333,85.0,27.82,68.54
010117032,219.0,879.0,1139,41.0,19.23,77.17
010117033,425.0,1470.0,1970,75.0,21.57,74.62
010117034,272.0,802.0,1115,41.0,24.39,71.93
010117037,132.0,425.0,570,13.0,23.16,74.56
010117042,179.0,417.0,620,24.0,28.87,67.26
010117049,101.0,142.0,253,10.0,39.92,56.13
010117050,215.0,302.0,541,24.0,39.74,55.82
010117055,247.0,285.0,554,22.0,44.58,51.44
010117058,191.0,282.0,490,17.0,38.98,57.55
010117062,264.0,230.0,514,20.0,51.36,44.75
010117066,185.0,225.0,426,16.0,43.43,52.82
010117067,242.0,886.0,1175,47.0,20.6,75.4
010117069,101.0,251.0,363,11.0,27.82,69.15
010117071,128.0,156.0,302,18.0,42.38,51.66
010117072,113.0,92.0,213,8.0,53.05,43.19
010117073,95.0,63.0,164,6.0,57.93,38.41
010117074,91.0,136.0,239,12.0,38.08,56.9
010117075,144.0,107.0,266,15.0,54.14,40.23
010117076,114.0,108.0,229,7.0,49.78,47.16
010117078,148.0,139.0,294,7.0,50.34,47.28
010117079,55.0,88.0,153,10.0,35.95,57.52
010117080,124.0,103.0,237,10.0,52.32,43.46
010117081,113.0,104.0,226,9.0,50.0,46.02
010117082,84.0,111.0,205,10.0,40.98,54.15
010117087,93.0,92.0,191,6.0,48.69,48.17
010117089,146.0,116.0,276,14.0,52.9,42.03
010118001,89.0,334.0,439,16.0,20.27,76.08
010118002,221.0,811.0,1071,39.0,20.63,75.72
010118004,386.0,989.0,1430,55.0,26.99,69.16
010118005,539.0,1336.0,1954,79.0,27.58,68.37
010118006,585.0,1658.0,2312,69.0,25.3,71.71
010118007,82.0,274.0,367,11.0,22.34,74.66
010118008,242.0,606.0,872,24.0,27.75,69.5
010118010,240.0,978.0,1260,42.0,19.05,77.62
010118017,247.0,455.0,730,28.0,33.84,62.33
010118018,185.0,333.0,526,8.0,35.17,63.31
010118019,155.0,293.0,471,23.0,32.91,62.21
010118020,113.0,339.0,470,18.0,24.04,72.13
010118022,168.0,376.0,564,20.0,29.79,66.67
010118023,293.0,519.0,841,29.0,34.84,61.71
010118027,272.0,438.0,736,26.0,36.96,59.51
010118028,117.0,247.0,378,14.0,30.95,65.34
010118029,260.0,727.0,1022,35.0,25.44,71.14
010118032,216.0,1131.0,1384,37.0,15.61,81.72
010118034,144.0,297.0,454,13.0,31.72,65.42
010118038,119.0,181.0,310,10.0,38.39,58.39
010118040,133.0,302.0,459,24.0,28.98,65.8
010118041,73.0,52.0,133,8.0,54.89,39.1
010118042,121.0,121.0,247,5.0,48.99,48.99
010118044,56.0,99.0,159,4.0,35.22,62.26
010119001,283.0,946.0,1264,35.0,22.39,74.84
010119002,111.0,334.0,456,11.0,24.34,73.25
010119003,1541.0,2334.0,3980,105.0,38.72,58.64
010119004,187.0,677.0,885,21.0,21.13,76.5
010119005,382.0,1111.0,1550,57.0,24.65,71.68
010119007,701.0,1130.0,1901,70.0,36.88,59.44
010119008,306.0,876.0,1227,45.0,24.94,71.39
010119009,670.0,888.0,1623,65.0,41.28,54.71
010119012,400.0,1080.0,1516,36.0,26.39,71.24
010119013,563.0,1323.0,1943,57.0,28.98,68.09
010119019,274.0,602.0,905,29.0,30.28,66.52
010119020,144.0,289.0,449,16.0,32.07,64.37
010119023,153.0,294.0,461,14.0,33.19,63.77
010119024,204.0,252.0,472,16.0,43.22,53.39
010119030,223.0,208.0,448,17.0,49.78,46.43
010119033,175.0,121.0,309,13.0,56.63,39.16
010119044,337.0,179.0,538,22.0,62.64,33.27
010119050,207.0,146.0,365,12.0,56.71,40.0
010119056,135.0,159.0,305,11.0,44.26,52.13
010120001,243.0,341.0,603,19.0,40.3,56.55
010120002,207.0,1260.0,1495,28.0,13.85,84.28
010120005,101.0,343.0,457,13.0,22.1,75.05
010120006,481.0,1349.0,1879,49.0,25.6,71.79
010120007,150.0,618.0,785,17.0,19.11,78.73
010120008,596.0,2046.0,2702,60.0,22.06,75.72
010120009,117.0,361.0,501,23.0,23.35,72.06
010120010,232.0,817.0,1092,43.0,21.25,74.82
010120012,210.0,574.0,816,32.0,25.74,70.34
010120013,134.0,357.0,503,12.0,26.64,70.97
010120014,446.0,1356.0,1852,50.0,24.08,73.22
010120015,340.0,1133.0,1521,48.0,22.35,74.49
010120016,83.0,394.0,488,11.0,17.01,80.74
010120017,172.0,309.0,487,6.0,35.32,63.45
010120018,212.0,537.0,769,20.0,27.57,69.83
010120019,202.0,659.0,890,29.0,22.7,74.04
010120022,619.0,2259.0,2913,35.0,21.25,77.55
010120023,303.0,1410.0,1751,38.0,17.3,80.53
010120024,88.0,259.0,354,7.0,24.86,73.16
010120025,272.0,1250.0,1556,34.0,17.48,80.33
010120027,201.0,714.0,935,20.0,21.5,76.36
010120033,499.0,998.0,1537,40.0,32.47,64.93
010121001,216.0,473.0,713,24.0,30.29,66.34
010121002,510.0,1047.0,1611,54.0,31.66,64.99
010121004,231.0,1424.0,1701,46.0,13.58,83.72
010121007,198.0,769.0,987,20.0,20.06,77.91
010121008,486.0,1607.0,2141,48.0,22.7,75.06
010121009,123.0,521.0,658,14.0,18.69,79.18
010121011,211.0,501.0,732,20.0,28.83,68.44
010121012,112.0,237.0,353,4.0,31.73,67.14
010121013,179.0,362.0,556,15.0,32.19,65.11
010121014,43.0,128.0,178,7.0,24.16,71.91
010121015,265.0,227.0,506,14.0,52.37,44.86
010121016,273.0,308.0,604,23.0,45.2,50.99
010121018,122.0,346.0,473,5.0,25.79,73.15
010121021,128.0,81.0,218,9.0,58.72,37.16
010121022,101.0,128.0,230,1.0,43.91,55.65
010121023,170.0,232.0,412,10.0,41.26,56.31
010122001,269.0,609.0,918,40.0,29.3,66.34
010122002,365.0,670.0,1059,24.0,34.47,63.27
010122003,1137.0,821.0,1991,33.0,57.11,41.24
010122004,457.0,565.0,1055,33.0,43.32,53.55
010122005,47.0,350.0,408,11.0,11.52,85.78
010122006,40.0,221.0,270,9.0,14.81,81.85
010122007,53.0,250.0,311,8.0,17.04,80.39
010122008,528.0,1713.0,2292,51.0,23.04,74.74
010122009,296.0,1091.0,1418,31.0,20.87,76.94
010122010,110.0,616.0,739,13.0,14.88,83.36
010122011,229.0,1031.0,1288,28.0,17.78,80.05
010122012,58.0,245.0,304,1.0,19.08,80.59
010122013,156.0,1089.0,1273,28.0,12.25,85.55
010122014,299.0,908.0,1233,26.0,24.25,73.64
010122015,362.0,1077.0,1492,53.0,24.26,72.18
010122016,97.0,271.0,380,12.0,25.53,71.32
010122018,205.0,377.0,611,29.0,33.55,61.7
010122019,193.0,412.0,632,27.0,30.54,65.19
010122021,485.0,1862.0,2407,60.0,20.15,77.36
010122025,166.0,426.0,618,26.0,26.86,68.93
010122026,255.0,1039.0,1326,32.0,19.23,78.36
010122027,121.0,612.0,745,12.0,16.24,82.15
010122028,145.0,1081.0,1245,19.0,11.65,86.83
010122029,476.0,906.0,1431,49.0,33.26,63.31
010122030,150.0,273.0,441,18.0,34.01,61.9
010122032,232.0,606.0,875,37.0,26.51,69.26
010122033,205.0,765.0,1004,34.0,20.42,76.2
010122036,194.0,349.0,569,26.0,34.09,61.34
010122038,95.0,268.0,369,6.0,25.75,72.63
010122041,355.0,506.0,902,41.0,39.36,56.1
010122043,228.0,1281.0,1537,28.0,14.83,83.34
010122044,264.0,354.0,658,40.0,40.12,53.8
010122047,157.0,251.0,425,17.0,36.94,59.06
010122049,287.0,173.0,474,14.0,60.55,36.5
010122055,346.0,356.0,735,33.0,47.07,48.44
010122061,262.0,312.0,605,31.0,43.31,51.57
010122067,166.0,278.0,471,27.0,35.24,59.02
010122068,146.0,730.0,900,24.0,16.22,81.11
010122069,196.0,198.0,410,16.0,47.8,48.29
010122073,112.0,233.0,363,18.0,30.85,64.19
010122076,156.0,264.0,437,17.0,35.7,60.41
020101001,263.0,1226.0,1518,29.0,17.33,80.76
020101002,32.0,233.0,270,5.0,11.85,86.3
020101003,267.0,949.0,1250,34.0,21.36,75.92
020101004,259.0,625.0,914,30.0,28.34,68.38
020101005,129.0,360.0,500,11.0,25.8,72.0
020101006,467.0,1834.0,2350,49.0,19.87,78.04
020101007,169.0,736.0,924,19.0,18.29,79.65
020101009,392.0,1677.0,2131,62.0,18.4,78.7
020101010,289.0,1106.0,1435,40.0,20.14,77.07
020101011,103.0,383.0,497,11.0,20.72,77.06
020101013,864.0,1972.0,2921,85.0,29.58,67.51
020101014,182.0,544.0,744,18.0,24.46,73.12
020101015,307.0,1377.0,1727,43.0,17.78,79.73
020101016,278.0,1251.0,1562,33.0,17.8,80.09
020101018,494.0,1961.0,2501,46.0,19.75,78.41
020101019,707.0,1691.0,2487,89.0,28.43,67.99
020101020,385.0,1386.0,1809,38.0,21.28,76.62
020101021,271.0,782.0,1080,27.0,25.09,72.41
020101022,500.0,1600.0,2156,56.0,23.19,74.21
020101023,256.0,634.0,916,26.0,27.95,69.21
020101024,266.0,802.0,1107,39.0,24.03,72.45
020101030,193.0,364.0,571,14.0,33.8,63.75
020101031,370.0,554.0,960,36.0,38.54,57.71
020101032,303.0,702.0,1027,22.0,29.5,68.35
020101034,124.0,295.0,444,25.0,27.93,66.44
020101035,289.0,572.0,883,22.0,32.73,64.78
020101037,131.0,235.0,377,11.0,34.75,62.33
020101039,218.0,206.0,446,22.0,48.88,46.19
020101041,177.0,351.0,542,14.0,32.66,64.76
020101042,187.0,370.0,564,7.0,33.16,65.6
020101044,153.0,251.0,425,21.0,36.0,59.06
020101045,138.0,242.0,386,6.0,35.75,62.69
020101046,118.0,183.0,317,16.0,37.22,57.73
020101047,78.0,117.0,199,4.0,39.2,58.79
020101048,234.0,198.0,449,17.0,52.12,44.1
020101049,233.0,289.0,539,17.0,43.23,53.62
020101053,71.0,61.0,139,7.0,51.08,43.88
020101054,307.0,268.0,602,27.0,51.0,44.52
020101055,86.0,111.0,201,4.0,42.79,55.22
020101056,154.0,217.0,387,16.0,39.79,56.07
020101058,483.0,1256.0,1799,60.0,26.85,69.82
020101059,121.0,123.0,250,6.0,48.4,49.2
020101060,258.0,159.0,425,8.0,60.71,37.41
020101061,245.0,282.0,548,21.0,44.71,51.46
020101062,96.0,145.0,258,17.0,37.21,56.2
020101063,112.0,136.0,260,12.0,43.08,52.31
020101064,250.0,840.0,1125,35.0,22.22,74.67
020102001,438.0,1062.0,1542,42.0,28.4,68.87
020102002,369.0,536.0,938,33.0,39.34,57.14
020201001,140.0,284.0,441,17.0,31.75,64.4
020201002,219.0,845.0,1089,25.0,20.11,77.59
020201003,169.0,309.0,490,12.0,34.49,63.06
020201004,557.0,1164.0,1759,38.0,31.67,66.17
020201005,277.0,605.0,900,18.0,30.78,67.22
020201006,136.0,159.0,304,9.0,44.74,52.3
020201008,179.0,326.0,522,17.0,34.29,62.45
020201009,82.0,63.0,151,6.0,54.3,41.72
020201010,238.0,83.0,330,9.0,72.12,25.15
020201011,89.0,70.0,167,8.0,53.29,41.92
020201012,398.0,296.0,713,19.0,55.82,41.51
020201013,96.0,70.0,169,3.0,56.8,41.42
020201015,118.0,55.0,185,12.0,63.78,29.73
020201016,133.0,46.0,186,7.0,71.51,24.73
020201019,485.0,579.0,1089,25.0,44.54,53.17
020201020,130.0,127.0,266,9.0,48.87,47.74
020201021,181.0,223.0,424,20.0,42.69,52.59
020201022,89.0,115.0,207,3.0,43.0,55.56
020201023,62.0,85.0,155,8.0,40.0,54.84
020201024,94.0,83.0,191,14.0,49.21,43.46
020201026,64.0,18.0,83,1.0,77.11,21.69
020201027,428.0,492.0,949,29.0,45.1,51.84
020201028,124.0,282.0,415,9.0,29.88,67.95
020201029,176.0,195.0,378,7.0,46.56,51.59
020201030,116.0,141.0,260,3.0,44.62,54.23
020201031,108.0,96.0,206,2.0,52.43,46.6
020201032,115.0,126.0,246,5.0,46.75,51.22
020202001,225.0,278.0,523,20.0,43.02,53.15
020301001,182.0,1030.0,1229,17.0,14.81,83.81
020301002,387.0,879.0,1309,43.0,29.56,67.15
020301003,95.0,769.0,879,15.0,10.81,87.49
020301004,525.0,685.0,1254,44.0,41.87,54.63
020301006,406.0,1768.0,2210,36.0,18.37,80.0
020301007,245.0,907.0,1169,17.0,20.96,77.59
020301009,175.0,776.0,965,14.0,18.13,80.41
020301010,255.0,947.0,1233,31.0,20.68,76.8
020301011,340.0,1296.0,1678,42.0,20.26,77.23
020301012,913.0,2621.0,3643,109.0,25.06,71.95
020301013,838.0,1914.0,2863,111.0,29.27,66.85
020301015,390.0,1052.0,1478,36.0,26.39,71.18
020301017,586.0,1933.0,2586,67.0,22.66,74.75
020301018,819.0,1876.0,2783,88.0,29.43,67.41
020301019,399.0,854.0,1306,53.0,30.55,65.39
020301020,608.0,1512.0,2208,88.0,27.54,68.48
020301021,535.0,1167.0,1746,44.0,30.64,66.84
020301022,369.0,718.0,1135,48.0,32.51,63.26
020301023,609.0,1370.0,2034,55.0,29.94,67.35
020301024,783.0,1879.0,2750,88.0,28.47,68.33
020301025,543.0,1108.0,1730,79.0,31.39,64.05
020301026,413.0,1712.0,2166,41.0,19.07,79.04
020301027,923.0,2278.0,3314,113.0,27.85,68.74
020301028,522.0,1530.0,2118,66.0,24.65,72.24
020301029,603.0,2060.0,2734,71.0,22.06,75.35
020301030,558.0,1675.0,2295,62.0,24.31,72.98
020301031,700.0,1779.0,2554,75.0,27.41,69.66
020301032,725.0,1784.0,2573,64.0,28.18,69.34
020301033,248.0,489.0,759,22.0,32.67,64.43
020301034,629.0,1358.0,2064,77.0,30.47,65.79
020301037,289.0,892.0,1213,32.0,23.83,73.54
020301040,284.0,937.0,1247,26.0,22.77,75.14
020301043,305.0,409.0,753,39.0,40.5,54.32
020301044,526.0,1309.0,1869,34.0,28.14,70.04
020301045,422.0,1529.0,1992,41.0,21.18,76.76
020301046,331.0,651.0,1023,41.0,32.36,63.64
020301048,377.0,520.0,923,26.0,40.85,56.34
020301052,228.0,1113.0,1369,28.0,16.65,81.3
020301053,360.0,1316.0,1724,48.0,20.88,76.33
020301054,301.0,924.0,1266,41.0,23.78,72.99
020301055,350.0,746.0,1116,20.0,31.36,66.85
020301058,206.0,354.0,605,45.0,34.05,58.51
020301060,83.0,262.0,353,8.0,23.51,74.22
020301062,289.0,1710.0,2035,36.0,14.2,84.03
020301063,184.0,416.0,615,15.0,29.92,67.64
020301065,116.0,204.0,331,11.0,35.05,61.63
020301067,68.0,111.0,189,10.0,35.98,58.73
020301069,296.0,229.0,539,14.0,54.92,42.49
020301070,185.0,251.0,448,12.0,41.29,56.03
020301073,115.0,88.0,217,14.0,53.0,40.55
020301075,173.0,214.0,396,9.0,43.69,54.04
020302001,613.0,1556.0,2232,63.0,27.46,69.71
020302002,477.0,839.0,1358,42.0,35.13,61.78
020302004,912.0,1318.0,2342,112.0,38.94,56.28
020302006,434.0,300.0,757,23.0,57.33,39.63
020302010,621.0,1280.0,1962,61.0,31.65,65.24
020302011,362.0,477.0,878,39.0,41.23,54.33
020302012,383.0,631.0,1049,35.0,36.51,60.15
020302013,816.0,2507.0,3411,88.0,23.92,73.5
020302014,458.0,1446.0,1956,52.0,23.42,73.93
020302016,556.0,1443.0,2070,71.0,26.86,69.71
020302017,209.0,1002.0,1248,37.0,16.75,80.29
020302020,441.0,674.0,1147,32.0,38.45,58.76
020302022,449.0,1274.0,1763,40.0,25.47,72.26
020302023,308.0,901.0,1238,29.0,24.88,72.78
020302024,784.0,2458.0,3320,78.0,23.61,74.04
020302025,95.0,402.0,515,18.0,18.45,78.06
020302026,302.0,794.0,1124,28.0,26.87,70.64
020302027,383.0,867.0,1268,18.0,30.21,68.38
020302028,347.0,2896.0,3287,44.0,10.56,88.1
020302029,649.0,1598.0,2312,65.0,28.07,69.12
020302030,116.0,294.0,422,12.0,27.49,69.67
020302032,559.0,1496.0,2126,71.0,26.29,70.37
020302033,441.0,819.0,1321,61.0,33.38,62.0
020302034,176.0,544.0,742,22.0,23.72,73.32
020302036,559.0,1505.0,2134,70.0,26.19,70.52
020302038,562.0,1986.0,2631,83.0,21.36,75.48
020302039,149.0,69.0,223,5.0,66.82,30.94
020302040,575.0,971.0,1621,75.0,35.47,59.9
020302041,885.0,1925.0,2925,115.0,30.26,65.81
020302042,352.0,538.0,932,42.0,37.77,57.73
020302043,174.0,139.0,330,17.0,52.73,42.12
020302044,133.0,1041.0,1191,17.0,11.17,87.41
020302045,364.0,388.0,773,21.0,47.09,50.19
020302046,275.0,306.0,610,29.0,45.08,50.16
020302049,233.0,451.0,711,27.0,32.77,63.43
020302050,115.0,189.0,318,14.0,36.16,59.43
020302051,195.0,353.0,559,11.0,34.88,63.15
020302054,304.0,339.0,674,31.0,45.1,50.3
020302055,190.0,236.0,447,21.0,42.51,52.8
020302058,372.0,514.0,911,25.0,40.83,56.42
020302060,1240.0,1732.0,3103,131.0,39.96,55.82
020302062,267.0,144.0,426,15.0,62.68,33.8
020302063,268.0,543.0,840,29.0,31.9,64.64
020302064,455.0,1208.0,1694,31.0,26.86,71.31
020302065,142.0,426.0,578,10.0,24.57,73.7
020302068,266.0,154.0,445,25.0,59.78,34.61
020302069,615.0,681.0,1342,46.0,45.83,50.75
020302070,439.0,885.0,1356,32.0,32.37,65.27
020302075,686.0,606.0,1353,61.0,50.7,44.79
020302077,277.0,171.0,460,12.0,60.22,37.17
020302081,225.0,110.0,345,10.0,65.22,31.88
020302084,321.0,240.0,585,24.0,54.87,41.03
020302085,128.0,137.0,273,8.0,46.89,50.18
020303001,368.0,503.0,901,30.0,40.84,55.83
020303002,372.0,384.0,783,27.0,47.51,49.04
020304001,978.0,1062.0,2103,63.0,46.5,50.5
020305001,593.0,533.0,1170,44.0,50.68,45.56
020305003,79.0,66.0,146,1.0,54.11,45.21
020306001,251.0,258.0,533,24.0,47.09,48.41
020306002,256.0,436.0,713,21.0,35.9,61.15
020306003,210.0,382.0,607,15.0,34.6,62.93
020306004,622.0,987.0,1669,60.0,37.27,59.14
020306005,460.0,550.0,1055,45.0,43.6,52.13
020306006,376.0,551.0,957,30.0,39.29,57.58
020306007,206.0,281.0,511,24.0,40.31,54.99
020306008,96.0,60.0,160,4.0,60.0,37.5
020306009,78.0,142.0,241,21.0,32.37,58.92
020306012,86.0,90.0,180,4.0,47.78,50.0
020306013,144.0,162.0,308,2.0,46.75,52.6
020306014,109.0,22.0,137,6.0,79.56,16.06
020401001,241.0,553.0,813,19.0,29.64,68.02
020401002,918.0,1845.0,2833,70.0,32.4,65.13
020401003,473.0,812.0,1316,31.0,35.94,61.7
020401004,186.0,360.0,558,12.0,33.33,64.52
020401005,259.0,314.0,595,22.0,43.53,52.77
020401006,523.0,969.0,1541,49.0,33.94,62.88
020401009,300.0,311.0,624,13.0,48.08,49.84
020401010,192.0,182.0,386,12.0,49.74,47.15
020402001,121.0,116.0,245,8.0,49.39,47.35
020402002,748.0,1207.0,2007,52.0,37.27,60.14
020402003,179.0,259.0,452,14.0,39.6,57.3
020402004,205.0,302.0,517,10.0,39.65,58.41
020402005,136.0,103.0,246,7.0,55.28,41.87
020403001,114.0,140.0,262,8.0,43.51,53.44
020403002,590.0,897.0,1515,28.0,38.94,59.21
020403003,78.0,171.0,255,6.0,30.59,67.06
020403005,92.0,93.0,187,2.0,49.2,49.73
020501001,508.0,801.0,1333,24.0,38.11,60.09
020501002,98.0,164.0,267,5.0,36.7,61.42
020501003,240.0,140.0,382,2.0,62.83,36.65
020501004,89.0,159.0,259,11.0,34.36,61.39
020501005,48.0,101.0,150,1.0,32.0,67.33
020501007,126.0,285.0,414,3.0,30.43,68.84
020501008,57.0,102.0,162,3.0,35.19,62.96
020501011,343.0,412.0,768,13.0,44.66,53.65
020501012,285.0,318.0,614,11.0,46.42,51.79
020501013,95.0,60.0,157,2.0,60.51,38.22
020501014,114.0,116.0,231,1.0,49.35,50.22
020501016,26.0,50.0,79,3.0,32.91,63.29
020501017,75.0,53.0,129,1.0,58.14,41.09
020502001,546.0,550.0,1107,11.0,49.32,49.68
020502002,102.0,42.0,147,3.0,69.39,28.57
020502003,126.0,53.0,182,3.0,69.23,29.12
020502004,121.0,29.0,150,0.0,80.67,19.33
020601001,328.0,992.0,1350,30.0,24.3,73.48
020601002,273.0,1161.0,1460,26.0,18.7,79.52
020601003,349.0,1213.0,1613,51.0,21.64,75.2
020601004,315.0,736.0,1068,17.0,29.49,68.91
020601005,366.0,969.0,1372,37.0,26.68,70.63
020601006,514.0,967.0,1517,36.0,33.88,63.74
020601007,371.0,1021.0,1426,34.0,26.02,71.6
020601008,352.0,700.0,1079,27.0,32.62,64.87
020601009,309.0,837.0,1162,16.0,26.59,72.03
020601010,464.0,1314.0,1816,38.0,25.55,72.36
020601011,139.0,278.0,430,13.0,32.33,64.65
020601015,100.0,128.0,239,11.0,41.84,53.56
020601017,794.0,193.0,1008,21.0,78.77,19.15
020601018,378.0,475.0,886,33.0,42.66,53.61
020601020,1017.0,1257.0,2350,76.0,43.28,53.49
020601021,75.0,114.0,197,8.0,38.07,57.87
020601023,495.0,106.0,614,13.0,80.62,17.26
020601026,189.0,251.0,473,33.0,39.96,53.07
020601027,476.0,57.0,541,8.0,87.99,10.54
020601028,397.0,808.0,1246,41.0,31.86,64.85
020601029,294.0,566.0,893,33.0,32.92,63.38
020601030,244.0,97.0,350,9.0,69.71,27.71
020601031,160.0,42.0,205,3.0,78.05,20.49
020601032,371.0,78.0,458,9.0,81.0,17.03
020601033,397.0,722.0,1157,38.0,34.31,62.4
020601035,73.0,58.0,142,11.0,51.41,40.85
020601036,162.0,170.0,344,12.0,47.09,49.42
020601039,115.0,10.0,126,1.0,91.27,7.94
020601040,113.0,61.0,185,11.0,61.08,32.97
020601043,98.0,91.0,196,7.0,50.0,46.43
020602001,244.0,227.0,472,1.0,51.69,48.09
020602003,46.0,65.0,113,2.0,40.71,57.52
020603001,530.0,1040.0,1596,26.0,33.21,65.16
020603002,257.0,102.0,366,7.0,70.22,27.87
020603003,171.0,206.0,379,2.0,45.12,54.35
020603004,422.0,115.0,554,17.0,76.17,20.76
020603005,67.0,41.0,110,2.0,60.91,37.27
020604001,472.0,584.0,1076,20.0,43.87,54.28
020604002,394.0,627.0,1042,21.0,37.81,60.17
020604003,396.0,313.0,710,1.0,55.77,44.08
020604004,61.0,44.0,109,4.0,55.96,40.37
020604006,119.0,41.0,165,5.0,72.12,24.85
020701001,306.0,654.0,989,29.0,30.94,66.13
020701002,659.0,1107.0,1808,42.0,36.45,61.23
020701003,521.0,1113.0,1680,46.0,31.01,66.25
020701004,211.0,361.0,583,11.0,36.19,61.92
020701005,509.0,1103.0,1646,34.0,30.92,67.01
020701006,331.0,450.0,799,18.0,41.43,56.32
020701009,128.0,93.0,235,14.0,54.47,39.57
020701015,71.0,67.0,145,7.0,48.97,46.21
020701016,171.0,136.0,318,11.0,53.77,42.77
020701017,274.0,416.0,709,19.0,38.65,58.67
020701019,106.0,111.0,226,9.0,46.9,49.12
020701020,281.0,408.0,710,21.0,39.58,57.46
020701021,76.0,167.0,249,6.0,30.52,67.07
020701022,123.0,270.0,400,7.0,30.75,67.5
020702002,225.0,121.0,354,8.0,63.56,34.18
020702003,120.0,161.0,288,7.0,41.67,55.9
020702004,273.0,227.0,513,13.0,53.22,44.25
020702008,159.0,167.0,334,8.0,47.6,50.0
020702009,91.0,85.0,179,3.0,50.84,47.49
020702010,93.0,83.0,182,6.0,51.1,45.6
020801001,567.0,916.0,1500,17.0,37.8,61.07
020801002,777.0,1127.0,1938,34.0,40.09,58.15
020801003,436.0,533.0,984,15.0,44.31,54.17
020801004,334.0,263.0,603,6.0,55.39,43.62
020801006,400.0,256.0,673,17.0,59.44,38.04
020801007,212.0,71.0,283,0.0,74.91,25.09
020802001,279.0,335.0,617,3.0,45.22,54.29
020803001,810.0,762.0,1592,20.0,50.88,47.86
020803002,84.0,90.0,174,0.0,48.28,51.72
020901001,620.0,1313.0,1979,46.0,31.33,66.35
020901002,732.0,2140.0,2926,54.0,25.02,73.14
020901003,394.0,529.0,951,28.0,41.43,55.63
020901004,342.0,1143.0,1529,44.0,22.37,74.75
020901005,603.0,1455.0,2112,54.0,28.55,68.89
020901006,624.0,1767.0,2430,39.0,25.68,72.72
020901007,564.0,1156.0,1765,45.0,31.95,65.5
020901010,389.0,429.0,830,12.0,46.87,51.69
020901011,160.0,269.0,437,8.0,36.61,61.56
020901012,81.0,50.0,136,5.0,59.56,36.76
020901013,153.0,217.0,385,15.0,39.74,56.36
020901014,299.0,336.0,655,20.0,45.65,51.3
020902001,637.0,899.0,1574,38.0,40.47,57.12
020902002,51.0,77.0,134,6.0,38.06,57.46
020902003,167.0,199.0,371,5.0,45.01,53.64
020902004,70.0,160.0,236,6.0,29.66,67.8
020902005,79.0,136.0,222,7.0,35.59,61.26
020903001,546.0,464.0,1021,11.0,53.48,45.45
020903003,81.0,52.0,133,0.0,60.9,39.1
020904001,707.0,832.0,1563,24.0,45.23,53.23
021001001,336.0,431.0,786,19.0,42.75,54.83
021001002,194.0,196.0,400,10.0,48.5,49.0
021002001,438.0,283.0,727,6.0,60.25,38.93
021002002,25.0,42.0,69,2.0,36.23,60.87
021003001,458.0,784.0,1297,55.0,35.31,60.45
021003003,103.0,136.0,250,11.0,41.2,54.4
021004001,497.0,674.0,1196,25.0,41.56,56.35
021004002,211.0,106.0,326,9.0,64.72,32.52
021005001,452.0,521.0,994,21.0,45.47,52.41
021006001,454.0,675.0,1143,14.0,39.72,59.06
021006002,31.0,26.0,59,2.0,52.54,44.07
021101001,468.0,1165.0,1678,45.0,27.89,69.43
021101002,414.0,980.0,1425,31.0,29.05,68.77
021101003,347.0,255.0,610,8.0,56.89,41.8
021101004,619.0,955.0,1619,45.0,38.23,58.99
021101007,492.0,1272.0,1794,30.0,27.42,70.9
021101008,302.0,850.0,1170,18.0,25.81,72.65
021101009,294.0,895.0,1205,16.0,24.4,74.27
021101010,361.0,193.0,565,11.0,63.89,34.16
021101011,462.0,769.0,1263,32.0,36.58,60.89
021101012,128.0,185.0,320,7.0,40.0,57.81
021101013,72.0,200.0,279,7.0,25.81,71.68
021102001,895.0,825.0,1741,21.0,51.41,47.39
021102002,126.0,63.0,190,1.0,66.32,33.16
021103001,412.0,517.0,944,15.0,43.64,54.77
021103002,139.0,78.0,222,5.0,62.61,35.14
021103004,118.0,85.0,207,4.0,57.0,41.06
021103005,91.0,47.0,143,5.0,63.64,32.87
021201001,109.0,341.0,457,7.0,23.85,74.62
021201002,429.0,1413.0,1906,64.0,22.51,74.13
021201003,218.0,671.0,912,23.0,23.9,73.57
021201005,201.0,610.0,833,22.0,24.13,73.23
021201006,392.0,1052.0,1493,49.0,26.26,70.46
021201007,105.0,424.0,544,15.0,19.3,77.94
021201008,299.0,660.0,982,23.0,30.45,67.21
021201010,182.0,391.0,595,22.0,30.59,65.71
021201011,523.0,1385.0,1971,63.0,26.53,70.27
021201012,300.0,578.0,911,33.0,32.93,63.45
021201013,249.0,719.0,989,21.0,25.18,72.7
021201014,374.0,1601.0,2014,39.0,18.57,79.49
021201017,229.0,736.0,994,29.0,23.04,74.04
021201018,304.0,1107.0,1456,45.0,20.88,76.03
021201019,106.0,435.0,557,16.0,19.03,78.1
021201020,202.0,762.0,991,27.0,20.38,76.89
021201021,329.0,2158.0,2559,72.0,12.86,84.33
021201022,109.0,325.0,446,12.0,24.44,72.87
021201023,187.0,749.0,968,32.0,19.32,77.38
021201024,315.0,1211.0,1561,35.0,20.18,77.58
021201025,288.0,1418.0,1740,34.0,16.55,81.49
021201026,213.0,766.0,1008,29.0,21.13,75.99
021201027,130.0,401.0,552,21.0,23.55,72.64
021201028,311.0,1614.0,1987,62.0,15.65,81.23
021201030,205.0,663.0,892,24.0,22.98,74.33
021201031,118.0,461.0,607,28.0,19.44,75.95
021201032,171.0,636.0,834,27.0,20.5,76.26
021201034,326.0,1406.0,1788,56.0,18.23,78.64
021201035,528.0,1516.0,2105,61.0,25.08,72.02
021201036,462.0,2335.0,2853,56.0,16.19,81.84
021201039,157.0,546.0,713,10.0,22.02,76.58
021201044,145.0,426.0,580,9.0,25.0,73.45
021201046,114.0,609.0,743,20.0,15.34,81.97
021201047,93.0,129.0,228,6.0,40.79,56.58
021201048,155.0,165.0,329,9.0,47.11,50.15
021201049,377.0,1008.0,1422,37.0,26.51,70.89
021201050,591.0,1597.0,2254,66.0,26.22,70.85
021201051,404.0,1134.0,1587,49.0,25.46,71.46
021201053,131.0,353.0,495,11.0,26.46,71.31
021201054,103.0,169.0,283,11.0,36.4,59.72
021201055,316.0,744.0,1089,29.0,29.02,68.32
021201056,86.0,359.0,452,7.0,19.03,79.42
021201057,160.0,204.0,374,10.0,42.78,54.55
021201058,240.0,153.0,427,34.0,56.21,35.83
021201059,205.0,228.0,459,26.0,44.66,49.67
021201060,175.0,180.0,360,5.0,48.61,50.0
021201062,125.0,190.0,325,10.0,38.46,58.46
021201063,175.0,210.0,401,16.0,43.64,52.37
021201066,213.0,154.0,377,10.0,56.5,40.85
021201068,203.0,202.0,415,10.0,48.92,48.67
021201070,213.0,258.0,484,13.0,44.01,53.31
021301001,399.0,1341.0,1794,54.0,22.24,74.75
021301002,493.0,1225.0,1779,61.0,27.71,68.86
021301003,421.0,1109.0,1601,71.0,26.3,69.27
021301004,750.0,2020.0,2843,73.0,26.38,71.05
021301007,179.0,350.0,548,19.0,32.66,63.87
021301008,290.0,672.0,979,17.0,29.62,68.64
021301010,247.0,830.0,1101,24.0,22.43,75.39
021301011,840.0,2547.0,3476,89.0,24.17,73.27
021301012,302.0,866.0,1201,33.0,25.15,72.11
021301014,631.0,1788.0,2505,86.0,25.19,71.38
021301015,827.0,1859.0,2782,96.0,29.73,66.82
021301016,419.0,634.0,1087,34.0,38.55,58.33
021301017,315.0,640.0,993,38.0,31.72,64.45
021301018,355.0,738.0,1143,50.0,31.06,64.57
021301019,390.0,782.0,1222,50.0,31.91,63.99
021301020,308.0,874.0,1209,27.0,25.48,72.29
021301021,939.0,2622.0,3662,101.0,25.64,71.6
021301022,187.0,451.0,659,21.0,28.38,68.44
021301025,375.0,1410.0,1824,39.0,20.56,77.3
021301026,267.0,938.0,1233,28.0,21.65,76.07
021301027,170.0,873.0,1063,20.0,15.99,82.13
021301028,925.0,1859.0,2878,94.0,32.14,64.59
021301029,675.0,1271.0,2013,67.0,33.53,63.14
021301030,882.0,1715.0,2684,87.0,32.86,63.9
021301032,482.0,1803.0,2342,57.0,20.58,76.99
021301033,234.0,594.0,849,21.0,27.56,69.96
021301035,794.0,1423.0,2302,85.0,34.49,61.82
021301036,799.0,1270.0,2169,100.0,36.84,58.55
021301040,215.0,363.0,618,40.0,34.79,58.74
021301042,172.0,297.0,516,47.0,33.33,57.56
021301050,213.0,742.0,986,31.0,21.6,75.25
021301057,376.0,1167.0,1585,42.0,23.72,73.63
021301058,140.0,499.0,652,13.0,21.47,76.53
021301060,244.0,494.0,759,21.0,32.15,65.09
021301069,100.0,391.0,501,10.0,19.96,78.04
021301071,258.0,497.0,792,37.0,32.58,62.75
021301072,143.0,326.0,473,4.0,30.23,68.92
021301073,139.0,427.0,577,11.0,24.09,74.0
021301081,106.0,188.0,302,8.0,35.1,62.25
021301082,149.0,297.0,462,16.0,32.25,64.29
021301084,345.0,460.0,821,16.0,42.02,56.03
021301085,99.0,188.0,293,6.0,33.79,64.16
021301086,242.0,1002.0,1274,30.0,19.0,78.65
021301087,551.0,1383.0,1985,51.0,27.76,69.67
021301092,403.0,482.0,918,33.0,43.9,52.51
021301093,161.0,371.0,545,13.0,29.54,68.07
021301094,251.0,640.0,912,21.0,27.52,70.18
021301096,126.0,153.0,292,13.0,43.15,52.4
021301098,175.0,251.0,443,17.0,39.5,56.66
021301106,164.0,163.0,336,9.0,48.81,48.51
021301109,144.0,151.0,302,7.0,47.68,50.0
021301110,55.0,112.0,169,2.0,32.54,66.27
021302002,648.0,1788.0,2494,58.0,25.98,71.69
021302003,625.0,1810.0,2491,56.0,25.09,72.66
021302004,582.0,1116.0,1750,52.0,33.26,63.77
021302005,354.0,1009.0,1403,40.0,25.23,71.92
021302006,149.0,1098.0,1263,16.0,11.8,86.94
021302007,320.0,621.0,971,30.0,32.96,63.95
021302008,412.0,1234.0,1688,42.0,24.41,73.1
021302009,258.0,943.0,1230,29.0,20.98,76.67
021302010,394.0,1131.0,1559,34.0,25.27,72.55
021302011,223.0,1025.0,1265,17.0,17.63,81.03
021302013,423.0,1476.0,1927,28.0,21.95,76.6
021302015,125.0,476.0,611,10.0,20.46,77.91
021302016,159.0,819.0,988,10.0,16.09,82.89
021302017,110.0,662.0,790,18.0,13.92,83.8
021302018,803.0,1463.0,2358,92.0,34.05,62.04
021302019,204.0,481.0,702,17.0,29.06,68.52
021302020,352.0,862.0,1243,29.0,28.32,69.35
021302021,118.0,555.0,679,6.0,17.38,81.74
021302022,460.0,1511.0,2019,48.0,22.78,74.84
021302025,153.0,355.0,518,10.0,29.54,68.53
021302026,159.0,415.0,584,10.0,27.23,71.06
021302028,220.0,259.0,493,14.0,44.62,52.54
021401001,434.0,1172.0,1654,48.0,26.24,70.86
021401002,320.0,1157.0,1521,44.0,21.04,76.07
021401003,365.0,1299.0,1702,38.0,21.45,76.32
021401004,85.0,396.0,493,12.0,17.24,80.32
021401005,430.0,1056.0,1536,50.0,27.99,68.75
021401006,594.0,1792.0,2463,77.0,24.12,72.76
021401007,265.0,660.0,954,29.0,27.78,69.18
021401008,289.0,810.0,1127,28.0,25.64,71.87
021401009,423.0,1343.0,1810,44.0,23.37,74.2
021401010,133.0,660.0,810,17.0,16.42,81.48
021401011,127.0,205.0,343,11.0,37.03,59.77
021401012,310.0,707.0,1058,41.0,29.3,66.82
021401013,431.0,1187.0,1644,26.0,26.22,72.2
021401014,531.0,1574.0,2150,45.0,24.7,73.21
021401016,302.0,653.0,981,26.0,30.78,66.56
021401019,250.0,603.0,897,44.0,27.87,67.22
021401020,409.0,671.0,1119,39.0,36.55,59.96
021401022,453.0,1616.0,2106,37.0,21.51,76.73
021401023,153.0,352.0,519,14.0,29.48,67.82
021401026,255.0,747.0,1021,19.0,24.98,73.16
021401027,223.0,264.0,510,23.0,43.73,51.76
021401028,174.0,435.0,636,27.0,27.36,68.4
021401029,313.0,635.0,981,33.0,31.91,64.73
021401030,182.0,287.0,474,5.0,38.4,60.55
021401031,141.0,126.0,280,13.0,50.36,45.0
021401032,258.0,233.0,514,23.0,50.19,45.33
021401036,127.0,202.0,339,10.0,37.46,59.59
021401037,81.0,227.0,315,7.0,25.71,72.06
021401040,133.0,164.0,305,8.0,43.61,53.77
021401042,96.0,155.0,258,7.0,37.21,60.08
021501001,139.0,526.0,684,19.0,20.32,76.9
021501002,292.0,1134.0,1459,33.0,20.01,77.72
021501003,246.0,878.0,1147,23.0,21.45,76.55
021501004,277.0,824.0,1135,34.0,24.41,72.6
021501005,120.0,347.0,477,10.0,25.16,72.75
021501007,522.0,981.0,1563,60.0,33.4,62.76
021501010,403.0,405.0,829,21.0,48.61,48.85
021501013,153.0,446.0,616,17.0,24.84,72.4
021501014,337.0,220.0,577,20.0,58.41,38.13
021501016,332.0,960.0,1331,39.0,24.94,72.13
021501017,229.0,627.0,885,29.0,25.88,70.85
021502001,587.0,1193.0,1858,78.0,31.59,64.21
021502002,458.0,713.0,1199,28.0,38.2,59.47
021502004,110.0,174.0,286,2.0,38.46,60.84
021502005,114.0,215.0,343,14.0,33.24,62.68
021502006,328.0,612.0,969,29.0,33.85,63.16
021502007,392.0,474.0,890,24.0,44.04,53.26
021502008,170.0,390.0,576,16.0,29.51,67.71
021502009,150.0,284.0,451,17.0,33.26,62.97
021502011,191.0,112.0,311,8.0,61.41,36.01
021601001,472.0,1100.0,1597,25.0,29.56,68.88
021601003,247.0,316.0,580,17.0,42.59,54.48
021601004,274.0,288.0,572,10.0,47.9,50.35
021601005,458.0,608.0,1082,16.0,42.33,56.19
021601006,698.0,1446.0,2200,56.0,31.73,65.73
021601007,804.0,1417.0,2267,46.0,35.47,62.51
021601009,277.0,310.0,606,19.0,45.71,51.16
021601010,394.0,756.0,1172,22.0,33.62,64.51
021601011,341.0,348.0,714,25.0,47.76,48.74
021601012,156.0,153.0,320,11.0,48.75,47.81
021601013,477.0,582.0,1091,32.0,43.72,53.35
021602001,222.0,340.0,575,13.0,38.61,59.13
021701001,378.0,2008.0,2431,45.0,15.55,82.6
021701002,247.0,1431.0,1711,33.0,14.44,83.64
021701003,245.0,2722.0,2987,20.0,8.2,91.13
021701004,283.0,2247.0,2554,24.0,11.08,87.98
021701005,126.0,761.0,903,16.0,13.95,84.27
021701007,167.0,1491.0,1673,15.0,9.98,89.12
021701010,111.0,456.0,578,11.0,19.2,78.89
021701011,265.0,1032.0,1328,31.0,19.95,77.71
021701012,118.0,958.0,1097,21.0,10.76,87.33
021702001,117.0,1080.0,1215,18.0,9.63,88.89
021702002,177.0,1171.0,1365,17.0,12.97,85.79
021801001,798.0,1296.0,2128,34.0,37.5,60.9
021801002,565.0,889.0,1488,34.0,37.97,59.74
021801003,194.0,203.0,408,11.0,47.55,49.75
021801004,569.0,1048.0,1658,41.0,34.32,63.21
021801005,183.0,193.0,384,8.0,47.66,50.26
021801008,177.0,87.0,269,5.0,65.8,32.34
021801009,105.0,96.0,206,5.0,50.97,46.6
021801010,172.0,118.0,294,4.0,58.5,40.14
021802001,288.0,277.0,575,10.0,50.09,48.17
021901001,179.0,339.0,532,14.0,33.65,63.72
021901002,608.0,1132.0,1794,54.0,33.89,63.1
021901003,582.0,972.0,1593,39.0,36.53,61.02
021901005,110.0,85.0,203,8.0,54.19,41.87
021901006,94.0,61.0,158,3.0,59.49,38.61
021901007,70.0,91.0,168,7.0,41.67,54.17
021902001,214.0,314.0,554,26.0,38.63,56.68
022001001,808.0,957.0,1795,30.0,45.01,53.31
022001002,157.0,112.0,290,21.0,54.14,38.62
022001003,361.0,361.0,734,12.0,49.18,49.18
022001007,319.0,361.0,691,11.0,46.16,52.24
022101001,1139.0,1243.0,2451,69.0,46.47,50.71
022101002,721.0,921.0,1686,44.0,42.76,54.63
022101004,210.0,182.0,405,13.0,51.85,44.94
022102002,152.0,186.0,348,10.0,43.68,53.45
030101001,718.0,1245.0,2005,42.0,35.81,62.09
030101002,564.0,1231.0,1827,32.0,30.87,67.38
030101003,73.0,30.0,103,0.0,70.87,29.13
030101004,35.0,36.0,71,0.0,49.3,50.7
030101005,365.0,349.0,725,11.0,50.34,48.14
030101006,469.0,1027.0,1522,26.0,30.81,67.48
030101007,241.0,251.0,504,12.0,47.82,49.8
030101009,288.0,332.0,629,9.0,45.79,52.78
030101010,358.0,211.0,577,8.0,62.05,36.57
030101011,29.0,58.0,90,3.0,32.22,64.44
030101018,82.0,100.0,183,1.0,44.81,54.64
030101019,369.0,333.0,710,8.0,51.97,46.9
030101020,455.0,794.0,1274,25.0,35.71,62.32
030101021,240.0,461.0,711,10.0,33.76,64.84
030101022,296.0,315.0,622,11.0,47.59,50.64
030101023,283.0,428.0,723,12.0,39.14,59.2
030101024,319.0,367.0,703,17.0,45.38,52.2
030101025,193.0,184.0,387,10.0,49.87,47.55
030101028,184.0,85.0,277,8.0,66.43,30.69
030101030,161.0,105.0,271,5.0,59.41,38.75
030101031,256.0,153.0,412,3.0,62.14,37.14
030101032,142.0,100.0,244,2.0,58.2,40.98
030101033,113.0,51.0,166,2.0,68.07,30.72
030101035,78.0,32.0,113,3.0,69.03,28.32
030102001,319.0,556.0,879,4.0,36.29,63.25
030102002,126.0,229.0,357,2.0,35.29,64.15
030102003,75.0,95.0,172,2.0,43.6,55.23
030102004,152.0,137.0,294,5.0,51.7,46.6
030102005,210.0,204.0,421,7.0,49.88,48.46
030102006,141.0,98.0,240,1.0,58.75,40.83
030103002,109.0,51.0,161,1.0,67.7,31.68
030103004,224.0,111.0,336,1.0,66.67,33.04
030103005,203.0,177.0,385,5.0,52.73,45.97
030103006,95.0,73.0,170,2.0,55.88,42.94
030103008,206.0,253.0,464,5.0,44.4,54.53
030104001,448.0,725.0,1177,4.0,38.06,61.6
030104004,185.0,125.0,310,0.0,59.68,40.32
030104007,111.0,84.0,195,0.0,56.92,43.08
030104009,5.0,35.0,40,0.0,12.5,87.5
030105001,428.0,661.0,1096,7.0,39.05,60.31
030105002,77.0,128.0,207,2.0,37.2,61.84
030105003,184.0,324.0,514,6.0,35.8,63.04
030105005,145.0,134.0,282,3.0,51.42,47.52
030105006,248.0,253.0,506,5.0,49.01,50.0
030106001,228.0,288.0,519,3.0,43.93,55.49
030106003,235.0,272.0,511,4.0,45.99,53.23
030106005,235.0,99.0,337,3.0,69.73,29.38
030106006,184.0,106.0,295,5.0,62.37,35.93
030106007,81.0,59.0,141,1.0,57.45,41.84
030201001,246.0,608.0,863,9.0,28.51,70.45
030201002,47.0,49.0,97,1.0,48.45,50.52
030201003,270.0,207.0,483,6.0,55.9,42.86
030201005,130.0,171.0,303,2.0,42.9,56.44
030201008,120.0,58.0,179,1.0,67.04,32.4
030201009,128.0,73.0,202,1.0,63.37,36.14
030202002,639.0,1072.0,1749,38.0,36.54,61.29
030202003,601.0,1109.0,1742,32.0,34.5,63.66
030202004,335.0,592.0,952,25.0,35.19,62.18
030202005,350.0,490.0,860,20.0,40.7,56.98
030202006,177.0,193.0,376,6.0,47.07,51.33
030202007,310.0,548.0,877,19.0,35.35,62.49
030202008,177.0,165.0,348,6.0,50.86,47.41
030202009,128.0,105.0,236,3.0,54.24,44.49
030202010,118.0,156.0,277,3.0,42.6,56.32
030202011,94.0,79.0,177,4.0,53.11,44.63
030202012,156.0,121.0,278,1.0,56.12,43.53
030204001,182.0,238.0,421,1.0,43.23,56.53
030204006,71.0,66.0,137,0.0,51.82,48.18
030205002,83.0,92.0,185,10.0,44.86,49.73
030205003,539.0,559.0,1116,18.0,48.3,50.09
030205004,189.0,207.0,396,0.0,47.73,52.27
030205005,186.0,59.0,248,3.0,75.0,23.79
030205007,74.0,146.0,224,4.0,33.04,65.18
030301001,206.0,1152.0,1386,28.0,14.86,83.12
030301002,211.0,838.0,1072,23.0,19.68,78.17
030301003,46.0,278.0,330,6.0,13.94,84.24
030301004,45.0,216.0,266,5.0,16.92,81.2
030301005,113.0,400.0,531,18.0,21.28,75.33
030301006,82.0,256.0,346,8.0,23.7,73.99
030301008,209.0,667.0,903,27.0,23.15,73.86
030301009,83.0,287.0,375,5.0,22.13,76.53
030301010,139.0,759.0,919,21.0,15.13,82.59
030301011,53.0,191.0,253,9.0,20.95,75.49
030301013,417.0,1771.0,2228,40.0,18.72,79.49
030301014,195.0,501.0,709,13.0,27.5,70.66
030301015,178.0,937.0,1147,32.0,15.52,81.69
030301016,154.0,663.0,836,19.0,18.42,79.31
030301017,140.0,602.0,759,17.0,18.45,79.31
030301018,315.0,981.0,1332,36.0,23.65,73.65
030301020,69.0,150.0,228,9.0,30.26,65.79
030301021,242.0,1059.0,1327,26.0,18.24,79.8
030301022,273.0,608.0,915,34.0,29.84,66.45
030301024,234.0,837.0,1098,27.0,21.31,76.23
030301026,126.0,363.0,501,12.0,25.15,72.46
030301027,324.0,1270.0,1633,39.0,19.84,77.77
030301028,144.0,421.0,582,17.0,24.74,72.34
030301029,169.0,374.0,548,5.0,30.84,68.25
030301031,320.0,790.0,1138,28.0,28.12,69.42
030301032,36.0,127.0,169,6.0,21.3,75.15
030301035,117.0,563.0,690,10.0,16.96,81.59
030301038,42.0,40.0,86,4.0,48.84,46.51
030302001,116.0,245.0,362,1.0,32.04,67.68
030302003,14.0,48.0,62,0.0,22.58,77.42
030302005,141.0,262.0,406,3.0,34.73,64.53
030302007,46.0,66.0,125,13.0,36.8,52.8
030303001,285.0,990.0,1306,31.0,21.82,75.8
030303002,32.0,144.0,177,1.0,18.08,81.36
030303004,87.0,275.0,367,5.0,23.71,74.93
030303007,88.0,317.0,412,7.0,21.36,76.94
030303008,54.0,194.0,260,12.0,20.77,74.62
030303009,132.0,497.0,638,9.0,20.69,77.9
030303011,107.0,113.0,232,12.0,46.12,48.71
030303012,85.0,45.0,131,1.0,64.89,34.35
030303013,8.0,32.0,43,3.0,18.6,74.42
030303014,47.0,98.0,158,13.0,29.75,62.03
030304001,341.0,1532.0,1904,31.0,17.91,80.46
030304002,181.0,601.0,799,17.0,22.65,75.22
030304003,98.0,561.0,678,19.0,14.45,82.74
030304004,231.0,991.0,1249,27.0,18.49,79.34
030304005,272.0,663.0,956,21.0,28.45,69.35
030304006,64.0,389.0,460,7.0,13.91,84.57
030304007,116.0,319.0,449,14.0,25.84,71.05
030304008,63.0,236.0,310,11.0,20.32,76.13
030304009,81.0,168.0,257,8.0,31.52,65.37
030304010,64.0,152.0,219,3.0,29.22,69.41
030304012,32.0,64.0,100,4.0,32.0,64.0
030304013,50.0,153.0,211,8.0,23.7,72.51
030305001,69.0,165.0,243,9.0,28.4,67.9
030305002,300.0,982.0,1324,42.0,22.66,74.17
030305004,138.0,286.0,448,24.0,30.8,63.84
030305006,150.0,300.0,456,6.0,32.89,65.79
030305007,314.0,398.0,734,22.0,42.78,54.22
030305010,67.0,204.0,276,5.0,24.28,73.91
030305011,93.0,195.0,300,12.0,31.0,65.0
030305013,64.0,464.0,537,9.0,11.92,86.41
030305014,85.0,65.0,158,8.0,53.8,41.14
030305016,427.0,13.0,443,3.0,96.39,2.93
030305019,193.0,164.0,370,13.0,52.16,44.32
030401001,630.0,1182.0,1825,13.0,34.52,64.77
030401002,47.0,202.0,249,0.0,18.88,81.12
030401003,605.0,1127.0,1746,14.0,34.65,64.55
030401004,299.0,427.0,742,16.0,40.3,57.55
030401006,169.0,222.0,391,0.0,43.22,56.78
030401007,58.0,49.0,108,1.0,53.7,45.37
030401008,107.0,235.0,350,8.0,30.57,67.14
030401010,33.0,37.0,82,12.0,40.24,45.12
030401011,88.0,94.0,183,1.0,48.09,51.37
030401012,111.0,75.0,190,4.0,58.42,39.47
030402001,494.0,697.0,1211,20.0,40.79,57.56
030402007,293.0,380.0,688,15.0,42.59,55.23
030402009,53.0,70.0,127,4.0,41.73,55.12
030403001,431.0,716.0,1165,18.0,37.0,61.46
030403002,94.0,270.0,367,3.0,25.61,73.57
030403003,64.0,135.0,202,3.0,31.68,66.83
030403004,86.0,85.0,184,13.0,46.74,46.2
030403006,364.0,644.0,1013,5.0,35.93,63.57
030403008,123.0,144.0,273,6.0,45.05,52.75
030403009,217.0,392.0,615,6.0,35.28,63.74
030403010,480.0,631.0,1128,17.0,42.55,55.94
030403011,63.0,56.0,120,1.0,52.5,46.67
030403015,75.0,73.0,148,0.0,50.68,49.32
030501001,300.0,993.0,1325,32.0,22.64,74.94
030501003,49.0,135.0,189,5.0,25.93,71.43
030501004,176.0,374.0,577,27.0,30.5,64.82
030501005,164.0,671.0,854,19.0,19.2,78.57
030501007,140.0,315.0,467,12.0,29.98,67.45
030501008,105.0,95.0,200,0.0,52.5,47.5
030501012,299.0,690.0,1009,20.0,29.63,68.38
030501013,494.0,1691.0,2231,46.0,22.14,75.8
030501014,101.0,308.0,415,6.0,24.34,74.22
030501017,64.0,124.0,196,8.0,32.65,63.27
030501019,107.0,61.0,168,0.0,63.69,36.31
030501021,47.0,64.0,121,10.0,38.84,52.89
030502002,99.0,100.0,201,2.0,49.25,49.75
030502003,345.0,469.0,827,13.0,41.72,56.71
030502004,213.0,249.0,475,13.0,44.84,52.42
030502005,85.0,103.0,191,3.0,44.5,53.93
030502006,12.0,50.0,64,2.0,18.75,78.12
030601001,160.0,151.0,316,5.0,50.63,47.78
030601002,104.0,86.0,194,4.0,53.61,44.33
030601003,528.0,1262.0,1835,45.0,28.77,68.77
030601004,428.0,1363.0,1827,36.0,23.43,74.6
030601005,618.0,1698.0,2362,46.0,26.16,71.89
030601006,172.0,271.0,459,16.0,37.47,59.04
030601007,350.0,1435.0,1817,32.0,19.26,78.98
030601008,315.0,1167.0,1515,33.0,20.79,77.03
030601009,246.0,872.0,1130,12.0,21.77,77.17
030601010,644.0,1297.0,1972,31.0,32.66,65.77
030601011,751.0,984.0,1777,42.0,42.26,55.37
030601012,627.0,1340.0,2009,42.0,31.21,66.7
030601013,329.0,1061.0,1417,27.0,23.22,74.88
030601014,242.0,808.0,1068,18.0,22.66,75.66
030601015,153.0,454.0,621,14.0,24.64,73.11
030601016,317.0,845.0,1182,20.0,26.82,71.49
030601017,240.0,744.0,1002,18.0,23.95,74.25
030601018,271.0,597.0,879,11.0,30.83,67.92
030601019,587.0,764.0,1376,25.0,42.66,55.52
030601020,142.0,619.0,769,8.0,18.47,80.49
030601021,531.0,457.0,1000,12.0,53.1,45.7
030601022,311.0,604.0,929,14.0,33.48,65.02
030601023,146.0,211.0,363,6.0,40.22,58.13
030601024,326.0,782.0,1129,21.0,28.88,69.26
030601025,1297.0,1517.0,2880,66.0,45.03,52.67
030601027,224.0,158.0,385,3.0,58.18,41.04
030601028,442.0,957.0,1423,24.0,31.06,67.25
030601029,297.0,754.0,1074,23.0,27.65,70.2
030601030,564.0,747.0,1338,27.0,42.15,55.83
030601031,307.0,626.0,953,20.0,32.21,65.69
030601032,309.0,722.0,1052,21.0,29.37,68.63
030601033,131.0,258.0,397,8.0,33.0,64.99
030601034,649.0,815.0,1506,42.0,43.09,54.12
030601035,447.0,604.0,1078,27.0,41.47,56.03
030601036,139.0,462.0,604,3.0,23.01,76.49
030601037,283.0,611.0,914,20.0,30.96,66.85
030601038,159.0,360.0,530,11.0,30.0,67.92
030601039,162.0,453.0,619,4.0,26.17,73.18
030601040,567.0,1017.0,1612,28.0,35.17,63.09
030601041,112.0,422.0,541,7.0,20.7,78.0
030601042,306.0,214.0,531,11.0,57.63,40.3
030601043,340.0,363.0,718,15.0,47.35,50.56
030601044,268.0,266.0,546,12.0,49.08,48.72
030601045,170.0,253.0,434,11.0,39.17,58.29
030601046,210.0,394.0,614,10.0,34.2,64.17
030601047,247.0,311.0,567,9.0,43.56,54.85
030601048,420.0,511.0,943,12.0,44.54,54.19
030601049,72.0,170.0,247,5.0,29.15,68.83
030601050,482.0,501.0,1005,22.0,47.96,49.85
030601053,139.0,276.0,420,5.0,33.1,65.71
030601055,159.0,61.0,224,4.0,70.98,27.23
030601057,390.0,436.0,847,21.0,46.04,51.48
030601061,573.0,570.0,1167,24.0,49.1,48.84
030601062,341.0,137.0,488,10.0,69.88,28.07
030601064,110.0,119.0,233,4.0,47.21,51.07
030602001,476.0,939.0,1424,9.0,33.43,65.94
030602002,417.0,124.0,546,5.0,76.37,22.71
030602003,228.0,158.0,394,8.0,57.87,40.1
030602004,90.0,99.0,190,1.0,47.37,52.11
030602005,221.0,104.0,330,5.0,66.97,31.52
030602006,35.0,79.0,114,0.0,30.7,69.3
030602007,78.0,43.0,124,3.0,62.9,34.68
030602009,100.0,49.0,149,0.0,67.11,32.89
030602010,193.0,150.0,346,3.0,55.78,43.35
030602011,193.0,52.0,246,1.0,78.46,21.14
030603001,166.0,266.0,438,6.0,37.9,60.73
030603002,232.0,336.0,584,16.0,39.73,57.53
030603003,1090.0,1498.0,2637,49.0,41.33,56.81
030603004,626.0,1298.0,1980,56.0,31.62,65.56
030603007,178.0,131.0,316,7.0,56.33,41.46
030603009,319.0,589.0,929,21.0,34.34,63.4
030603010,445.0,348.0,832,39.0,53.49,41.83
030603011,278.0,411.0,714,25.0,38.94,57.56
030603012,95.0,113.0,208,0.0,45.67,54.33
030603013,268.0,212.0,498,18.0,53.82,42.57
030603014,219.0,385.0,617,13.0,35.49,62.4
030603015,310.0,430.0,764,24.0,40.58,56.28
030603016,183.0,36.0,224,5.0,81.7,16.07
030603017,206.0,263.0,484,15.0,42.56,54.34
030603018,176.0,143.0,330,11.0,53.33,43.33
030603019,310.0,235.0,562,17.0,55.16,41.81
030603020,108.0,60.0,170,2.0,63.53,35.29
030603021,171.0,132.0,307,4.0,55.7,43.0
030604001,522.0,808.0,1337,7.0,39.04,60.43
030604002,89.0,53.0,142,0.0,62.68,37.32
030604003,78.0,78.0,158,2.0,49.37,49.37
030604004,44.0,66.0,113,3.0,38.94,58.41
030604005,91.0,73.0,168,4.0,54.17,43.45
030604007,137.0,236.0,377,4.0,36.34,62.6
030604008,128.0,103.0,233,2.0,54.94,44.21
030701003,376.0,608.0,1003,19.0,37.49,60.62
030701004,129.0,182.0,314,3.0,41.08,57.96
030701006,214.0,222.0,438,2.0,48.86,50.68
030701007,533.0,968.0,1547,46.0,34.45,62.57
030701008,176.0,420.0,612,16.0,28.76,68.63
030701009,316.0,394.0,730,20.0,43.29,53.97
030701010,128.0,322.0,462,12.0,27.71,69.7
030701011,327.0,509.0,853,17.0,38.34,59.67
030701012,174.0,244.0,421,3.0,41.33,57.96
030701013,183.0,371.0,557,3.0,32.85,66.61
030701014,358.0,1049.0,1445,38.0,24.78,72.6
030701015,481.0,1054.0,1557,22.0,30.89,67.69
030701016,304.0,217.0,527,6.0,57.69,41.18
030701017,157.0,136.0,299,6.0,52.51,45.48
030701018,190.0,272.0,472,10.0,40.25,57.63
030701019,181.0,525.0,721,15.0,25.1,72.82
030701020,278.0,272.0,560,10.0,49.64,48.57
030701021,437.0,882.0,1338,19.0,32.66,65.92
030701022,144.0,357.0,507,6.0,28.4,70.41
030701023,291.0,543.0,856,22.0,34.0,63.43
030701025,260.0,375.0,642,7.0,40.5,58.41
030701026,289.0,403.0,709,17.0,40.76,56.84
030701027,452.0,829.0,1313,32.0,34.42,63.14
030701028,391.0,794.0,1201,16.0,32.56,66.11
030701029,126.0,244.0,377,7.0,33.42,64.72
030701031,104.0,241.0,348,3.0,29.89,69.25
030701032,171.0,365.0,547,11.0,31.26,66.73
030701033,105.0,211.0,328,12.0,32.01,64.33
030701034,145.0,195.0,348,8.0,41.67,56.03
030701035,162.0,108.0,273,3.0,59.34,39.56
030701037,67.0,90.0,162,5.0,41.36,55.56
030701039,123.0,167.0,295,5.0,41.69,56.61
030701040,108.0,142.0,253,3.0,42.69,56.13
030701041,106.0,56.0,164,2.0,64.63,34.15
030701043,202.0,252.0,458,4.0,44.1,55.02
030701048,195.0,134.0,334,5.0,58.38,40.12
030701050,255.0,350.0,624,19.0,40.87,56.09
030701051,150.0,123.0,281,8.0,53.38,43.77
030701052,81.0,113.0,196,2.0,41.33,57.65
030701053,68.0,144.0,216,4.0,31.48,66.67
030701055,108.0,112.0,227,7.0,47.58,49.34
030701056,88.0,66.0,157,3.0,56.05,42.04
030701058,153.0,103.0,266,10.0,57.52,38.72
030701060,94.0,82.0,178,2.0,52.81,46.07
040101001,407.0,1688.0,2166,71.0,18.79,77.93
040101002,290.0,1138.0,1456,28.0,19.92,78.16
040101003,237.0,886.0,1151,28.0,20.59,76.98
040101004,150.0,767.0,949,32.0,15.81,80.82
040101006,529.0,2352.0,2953,72.0,17.91,79.65
040101009,529.0,1965.0,2556,62.0,20.7,76.88
040101010,313.0,1052.0,1408,43.0,22.23,74.72
040101011,781.0,2687.0,3575,107.0,21.85,75.16
040101012,444.0,1617.0,2134,73.0,20.81,75.77
040101013,162.0,1230.0,1418,26.0,11.42,86.74
040101019,243.0,655.0,920,22.0,26.41,71.2
040101020,436.0,876.0,1352,40.0,32.25,64.79
040101021,134.0,254.0,395,7.0,33.92,64.3
040101022,39.0,84.0,125,2.0,31.2,67.2
040101023,72.0,120.0,195,3.0,36.92,61.54
040101024,248.0,660.0,931,23.0,26.64,70.89
040102001,481.0,874.0,1396,41.0,34.46,62.61
040102002,353.0,432.0,831,46.0,42.48,51.99
040102003,203.0,508.0,741,30.0,27.4,68.56
040103002,496.0,2783.0,3346,67.0,14.82,83.17
040103003,496.0,1355.0,1894,43.0,26.19,71.54
040103004,176.0,719.0,908,13.0,19.38,79.19
040103005,273.0,1867.0,2178,38.0,12.53,85.72
040103006,101.0,965.0,1082,16.0,9.33,89.19
040103007,292.0,715.0,1037,30.0,28.16,68.95
040103008,456.0,1727.0,2241,58.0,20.35,77.06
040103010,502.0,1434.0,2010,74.0,24.98,71.34
040103012,165.0,981.0,1163,17.0,14.19,84.35
040103013,737.0,2056.0,2863,70.0,25.74,71.81
040103014,249.0,1656.0,1942,37.0,12.82,85.27
040103015,427.0,1138.0,1607,42.0,26.57,70.82
040103016,117.0,376.0,511,18.0,22.9,73.58
040103017,107.0,772.0,893,14.0,11.98,86.45
040103018,98.0,460.0,574,16.0,17.07,80.14
040103020,288.0,1438.0,1753,27.0,16.43,82.03
040103021,117.0,668.0,805,20.0,14.53,82.98
040103022,157.0,362.0,531,12.0,29.57,68.17
040103023,129.0,376.0,518,13.0,24.9,72.59
040103024,134.0,108.0,247,5.0,54.25,43.72
040103025,16.0,39.0,56,1.0,28.57,69.64
040104001,548.0,1480.0,2093,65.0,26.18,70.71
040104003,249.0,1155.0,1430,26.0,17.41,80.77
040104005,266.0,816.0,1106,24.0,24.05,73.78
040104007,85.0,430.0,530,15.0,16.04,81.13
040104008,287.0,1371.0,1706,48.0,16.82,80.36
040104009,95.0,327.0,433,11.0,21.94,75.52
040104011,376.0,2018.0,2429,35.0,15.48,83.08
040104013,709.0,2587.0,3384,88.0,20.95,76.45
040104015,441.0,1549.0,2046,56.0,21.55,75.71
040104016,324.0,1322.0,1689,43.0,19.18,78.27
040104019,330.0,1240.0,1604,34.0,20.57,77.31
040104020,114.0,441.0,562,7.0,20.28,78.47
040104021,111.0,387.0,507,9.0,21.89,76.33
040104026,1325.0,2460.0,3901,116.0,33.97,63.06
040104027,293.0,606.0,936,37.0,31.3,64.74
040105001,539.0,1196.0,1796,61.0,30.01,66.59
040105003,582.0,1422.0,2087,83.0,27.89,68.14
040105004,706.0,1509.0,2313,98.0,30.52,65.24
040105005,663.0,1500.0,2245,82.0,29.53,66.82
040105006,363.0,739.0,1153,51.0,31.48,64.09
040105007,217.0,459.0,704,28.0,30.82,65.2
040105008,401.0,1029.0,1483,53.0,27.04,69.39
040105010,156.0,739.0,915,20.0,17.05,80.77
040105011,329.0,864.0,1231,38.0,26.73,70.19
040105013,136.0,571.0,720,13.0,18.89,79.31
040105014,698.0,1300.0,2086,88.0,33.46,62.32
040105015,399.0,785.0,1235,51.0,32.31,63.56
040105016,191.0,1085.0,1308,32.0,14.6,82.95
040105018,154.0,202.0,369,13.0,41.73,54.74
040105019,463.0,1225.0,1743,55.0,26.56,70.28
040105020,154.0,243.0,411,14.0,37.47,59.12
040105021,105.0,221.0,336,10.0,31.25,65.77
040105022,98.0,230.0,335,7.0,29.25,68.66
040105023,217.0,417.0,648,14.0,33.49,64.35
040105024,83.0,457.0,557,17.0,14.9,82.05
040105025,164.0,336.0,512,12.0,32.03,65.62
040106001,271.0,1119.0,1413,23.0,19.18,79.19
040106002,567.0,1451.0,2071,53.0,27.38,70.06
040106004,371.0,1560.0,1966,35.0,18.87,79.35
040106005,177.0,1507.0,1705,21.0,10.38,88.39
040106006,110.0,501.0,616,5.0,17.86,81.33
040106007,301.0,754.0,1086,31.0,27.72,69.43
040106008,184.0,1413.0,1639,42.0,11.23,86.21
040106010,434.0,1188.0,1677,55.0,25.88,70.84
040106011,434.0,1161.0,1626,31.0,26.69,71.4
040106012,581.0,1420.0,2083,82.0,27.89,68.17
040106014,631.0,1702.0,2406,73.0,26.23,70.74
040106015,245.0,652.0,926,29.0,26.46,70.41
040106016,667.0,1491.0,2216,58.0,30.1,67.28
040106018,177.0,387.0,585,21.0,30.26,66.15
040106019,70.0,282.0,361,9.0,19.39,78.12
040106020,169.0,443.0,634,22.0,26.66,69.87
040106021,240.0,456.0,715,19.0,33.57,63.78
040106022,385.0,943.0,1370,42.0,28.1,68.83
040106023,132.0,139.0,280,9.0,47.14,49.64
040107001,311.0,1217.0,1563,35.0,19.9,77.86
040107002,305.0,1053.0,1406,48.0,21.69,74.89
040107003,247.0,827.0,1110,36.0,22.25,74.5
040107004,239.0,899.0,1168,30.0,20.46,76.97
040107005,577.0,1780.0,2417,60.0,23.87,73.65
040107006,204.0,658.0,887,25.0,23.0,74.18
040107007,673.0,1754.0,2506,79.0,26.86,69.99
040107008,333.0,1030.0,1410,47.0,23.62,73.05
040107012,182.0,1137.0,1337,18.0,13.61,85.04
040107013,115.0,729.0,863,19.0,13.33,84.47
040107014,255.0,767.0,1045,23.0,24.4,73.4
040107017,44.0,256.0,309,9.0,14.24,82.85
040107018,307.0,712.0,1044,25.0,29.41,68.2
040107019,191.0,638.0,857,28.0,22.29,74.45
040107020,203.0,417.0,650,30.0,31.23,64.15
040107022,46.0,312.0,366,8.0,12.57,85.25
040107023,64.0,165.0,239,10.0,26.78,69.04
040107025,227.0,822.0,1065,16.0,21.31,77.18
040108001,177.0,723.0,915,15.0,19.34,79.02
040108002,438.0,1464.0,1945,43.0,22.52,75.27
040108003,169.0,530.0,727,28.0,23.25,72.9
040108004,182.0,733.0,937,22.0,19.42,78.23
040108005,376.0,1043.0,1459,40.0,25.77,71.49
040108006,606.0,1203.0,1871,62.0,32.39,64.3
040108007,506.0,1045.0,1631,80.0,31.02,64.07
040108009,743.0,1343.0,2198,112.0,33.8,61.1
040108010,753.0,1580.0,2413,80.0,31.21,65.48
040108011,328.0,540.0,915,47.0,35.85,59.02
040108012,377.0,985.0,1416,54.0,26.62,69.56
040108013,749.0,1696.0,2525,80.0,29.66,67.17
040108014,474.0,1701.0,2242,67.0,21.14,75.87
040108015,355.0,698.0,1081,28.0,32.84,64.57
040108017,257.0,524.0,804,23.0,31.97,65.17
040108018,75.0,62.0,147,10.0,51.02,42.18
040108022,357.0,609.0,1008,42.0,35.42,60.42
040108023,469.0,541.0,1068,58.0,43.91,50.66
040108024,229.0,332.0,573,12.0,39.97,57.94
040108027,325.0,536.0,899,38.0,36.15,59.62
040108028,154.0,376.0,549,19.0,28.05,68.49
040108030,63.0,142.0,211,6.0,29.86,67.3
040108031,92.0,155.0,256,9.0,35.94,60.55
040108032,190.0,333.0,549,26.0,34.61,60.66
040108033,124.0,347.0,495,24.0,25.05,70.1
040108034,54.0,55.0,112,3.0,48.21,49.11
040108035,166.0,377.0,557,14.0,29.8,67.68
040108036,82.0,170.0,264,12.0,31.06,64.39
040108039,244.0,213.0,474,17.0,51.48,44.94
040108043,166.0,255.0,429,8.0,38.69,59.44
040201003,1305.0,2675.0,4143,163.0,31.5,64.57
040201004,349.0,1327.0,1730,54.0,20.17,76.71
040201005,405.0,1537.0,2003,61.0,20.22,76.73
040201006,390.0,1991.0,2426,45.0,16.08,82.07
040201008,505.0,1921.0,2475,49.0,20.4,77.62
040201009,250.0,1370.0,1653,33.0,15.12,82.88
040201010,569.0,1914.0,2545,62.0,22.36,75.21
040201011,627.0,2269.0,2992,96.0,20.96,75.84
040201012,408.0,2719.0,3177,50.0,12.84,85.58
040201014,311.0,136.0,453,6.0,68.65,30.02
040201015,138.0,254.0,404,12.0,34.16,62.87
040201016,462.0,815.0,1305,28.0,35.4,62.45
040202001,918.0,2477.0,3495,100.0,26.27,70.87
040202002,595.0,1357.0,2015,63.0,29.53,67.34
040202003,586.0,1721.0,2414,107.0,24.28,71.29
040202005,338.0,2055.0,2439,46.0,13.86,84.26
040202008,421.0,1466.0,1958,71.0,21.5,74.87
040202009,573.0,1776.0,2426,77.0,23.62,73.21
040202010,944.0,2085.0,3170,141.0,29.78,65.77
040202011,812.0,2358.0,3267,97.0,24.85,72.18
040202013,417.0,1004.0,1483,62.0,28.12,67.7
040202014,552.0,1510.0,2148,86.0,25.7,70.3
040202015,308.0,538.0,871,25.0,35.36,61.77
040202016,405.0,873.0,1331,53.0,30.43,65.59
040202018,274.0,405.0,705,26.0,38.87,57.45
040202019,285.0,453.0,772,34.0,36.92,58.68
040202020,232.0,401.0,660,27.0,35.15,60.76
040202021,143.0,276.0,435,16.0,32.87,63.45
040203001,557.0,1201.0,1825,67.0,30.52,65.81
040203002,658.0,1258.0,1967,51.0,33.45,63.96
040203003,810.0,1994.0,2904,100.0,27.89,68.66
040203004,525.0,963.0,1542,54.0,34.05,62.45
040203005,223.0,253.0,492,16.0,45.33,51.42
040203006,192.0,267.0,469,10.0,40.94,56.93
040204001,495.0,405.0,925,25.0,53.51,43.78
040205001,355.0,1125.0,1544,64.0,22.99,72.86
040205003,664.0,1201.0,1980,115.0,33.54,60.66
040205005,871.0,1335.0,2296,90.0,37.94,58.14
040205006,131.0,262.0,410,17.0,31.95,63.9
040205008,357.0,831.0,1239,51.0,28.81,67.07
040205009,667.0,1218.0,1966,81.0,33.93,61.95
040205011,489.0,544.0,1091,58.0,44.82,49.86
040205012,499.0,751.0,1309,59.0,38.12,57.37
040205013,411.0,622.0,1091,58.0,37.67,57.01
040205014,384.0,417.0,831,30.0,46.21,50.18
040205015,395.0,501.0,930,34.0,42.47,53.87
040205017,440.0,297.0,761,24.0,57.82,39.03
040205018,249.0,409.0,680,22.0,36.62,60.15
040301001,317.0,476.0,822,29.0,38.56,57.91
040301002,529.0,1212.0,1832,91.0,28.88,66.16
040301003,219.0,1057.0,1314,38.0,16.67,80.44
040301004,240.0,1070.0,1329,19.0,18.06,80.51
040301007,344.0,948.0,1328,36.0,25.9,71.39
040301008,107.0,380.0,507,20.0,21.1,74.95
040301009,342.0,866.0,1244,36.0,27.49,69.61
040301010,540.0,960.0,1557,57.0,34.68,61.66
040301011,423.0,936.0,1420,61.0,29.79,65.92
040301012,524.0,1033.0,1615,58.0,32.45,63.96
040301013,599.0,543.0,1186,44.0,50.51,45.78
040301014,257.0,425.0,717,35.0,35.84,59.27
040301016,112.0,703.0,822,7.0,13.63,85.52
040301018,742.0,788.0,1585,55.0,46.81,49.72
040301019,411.0,586.0,1030,33.0,39.9,56.89
040301022,280.0,511.0,817,26.0,34.27,62.55
040301023,227.0,452.0,691,12.0,32.85,65.41
040301024,180.0,216.0,405,9.0,44.44,53.33
040301025,214.0,167.0,392,11.0,54.59,42.6
040301026,546.0,1115.0,1708,47.0,31.97,65.28
040302001,614.0,919.0,1618,85.0,37.95,56.8
040302002,702.0,902.0,1672,68.0,41.99,53.95
040302003,688.0,668.0,1445,89.0,47.61,46.23
040302005,769.0,863.0,1720,88.0,44.71,50.17
040302006,585.0,453.0,1081,43.0,54.12,41.91
040302007,124.0,179.0,314,11.0,39.49,57.01
040302008,247.0,217.0,478,14.0,51.67,45.4
040302010,301.0,266.0,591,24.0,50.93,45.01
040302011,218.0,200.0,438,20.0,49.77,45.66
040302013,100.0,67.0,170,3.0,58.82,39.41
040302014,107.0,166.0,286,13.0,37.41,58.04
040302016,182.0,99.0,292,11.0,62.33,33.9
040302017,111.0,87.0,205,7.0,54.15,42.44
040303001,742.0,539.0,1315,34.0,56.43,40.99
040303003,160.0,66.0,233,7.0,68.67,28.33
040303004,58.0,27.0,93,8.0,62.37,29.03
040303005,106.0,57.0,172,9.0,61.63,33.14
040304001,579.0,2130.0,2771,62.0,20.89,76.87
040304002,579.0,1799.0,2458,80.0,23.56,73.19
040304003,339.0,1336.0,1723,48.0,19.67,77.54
040304005,669.0,2138.0,2882,75.0,23.21,74.18
040304006,234.0,613.0,890,43.0,26.29,68.88
040304007,246.0,733.0,1011,32.0,24.33,72.5
040304008,285.0,758.0,1080,37.0,26.39,70.19
040304009,403.0,1132.0,1573,38.0,25.62,71.96
040304010,484.0,1695.0,2247,68.0,21.54,75.43
040304011,327.0,988.0,1346,31.0,24.29,73.4
040304012,467.0,413.0,918,38.0,50.87,44.99
040304013,493.0,553.0,1067,21.0,46.2,51.83
040304015,252.0,183.0,446,11.0,56.5,41.03
040304016,221.0,208.0,438,9.0,50.46,47.49
040305001,700.0,1357.0,2130,73.0,32.86,63.71
040305003,351.0,478.0,862,33.0,40.72,55.45
040401001,605.0,1043.0,1710,62.0,35.38,60.99
040401002,184.0,431.0,637,22.0,28.89,67.66
040401003,402.0,465.0,890,23.0,45.17,52.25
040401005,420.0,610.0,1069,39.0,39.29,57.06
040401006,613.0,311.0,969,45.0,63.26,32.09
040401009,465.0,451.0,952,36.0,48.84,47.37
040401010,91.0,247.0,350,12.0,26.0,70.57
040401011,144.0,95.0,247,8.0,58.3,38.46
040401012,482.0,376.0,890,32.0,54.16,42.25
040401013,316.0,341.0,686,29.0,46.06,49.71
040401014,306.0,295.0,619,18.0,49.43,47.66
040401015,56.0,54.0,116,6.0,48.28,46.55
040401016,270.0,424.0,725,31.0,37.24,58.48
040401017,180.0,126.0,313,7.0,57.51,40.26
040402002,25.0,57.0,85,3.0,29.41,67.06
040403001,215.0,162.0,396,19.0,54.29,40.91
040403002,141.0,79.0,230,10.0,61.3,34.35
040403003,93.0,52.0,149,4.0,62.42,34.9
040501001,761.0,1382.0,2262,119.0,33.64,61.1
040501002,439.0,1076.0,1583,68.0,27.73,67.97
040501006,175.0,182.0,382,25.0,45.81,47.64
040501010,473.0,630.0,1143,40.0,41.38,55.12
040501011,336.0,862.0,1240,42.0,27.1,69.52
040501012,265.0,389.0,680,26.0,38.97,57.21
040501013,344.0,394.0,769,31.0,44.73,51.24
040501014,335.0,463.0,837,39.0,40.02,55.32
040501015,355.0,213.0,607,39.0,58.48,35.09
040501017,400.0,883.0,1337,54.0,29.92,66.04
040601001,696.0,1104.0,1864,64.0,37.34,59.23
040601002,736.0,1263.0,2051,52.0,35.88,61.58
040601003,540.0,1580.0,2167,47.0,24.92,72.91
040601004,684.0,1539.0,2284,61.0,29.95,67.38
040601007,313.0,1512.0,1852,27.0,16.9,81.64
040601008,861.0,1463.0,2379,55.0,36.19,61.5
040601009,535.0,1829.0,2417,53.0,22.13,75.67
040601010,405.0,1106.0,1548,37.0,26.16,71.45
040601011,878.0,1506.0,2463,79.0,35.65,61.14
040601012,506.0,1047.0,1608,55.0,31.47,65.11
040601013,449.0,1128.0,1625,48.0,27.63,69.42
040601014,567.0,1823.0,2447,57.0,23.17,74.5
040601016,273.0,1595.0,1914,46.0,14.26,83.33
040601017,794.0,1420.0,2283,69.0,34.78,62.2
040601018,523.0,989.0,1559,47.0,33.55,63.44
040601019,233.0,972.0,1233,28.0,18.9,78.83
040601021,488.0,1474.0,2011,49.0,24.27,73.3
040601022,362.0,2181.0,2589,46.0,13.98,84.24
040601024,204.0,772.0,999,23.0,20.42,77.28
040601025,715.0,1084.0,1833,34.0,39.01,59.14
040601026,333.0,578.0,933,22.0,35.69,61.95
040601027,338.0,554.0,911,19.0,37.1,60.81
040601028,309.0,586.0,919,24.0,33.62,63.76
040601031,354.0,1028.0,1423,41.0,24.88,72.24
040601033,452.0,653.0,1136,31.0,39.79,57.48
040601034,214.0,243.0,464,7.0,46.12,52.37
040601035,255.0,223.0,485,7.0,52.58,45.98
040602001,476.0,1039.0,1558,43.0,30.55,66.69
040602002,209.0,414.0,640,17.0,32.66,64.69
040602004,349.0,449.0,816,18.0,42.77,55.02
040602005,197.0,451.0,661,13.0,29.8,68.23
040701001,345.0,663.0,1035,27.0,33.33,64.06
040701002,424.0,839.0,1295,32.0,32.74,64.79
040701003,257.0,85.0,355,13.0,72.39,23.94
040701004,255.0,251.0,515,9.0,49.51,48.74
040701005,123.0,112.0,242,7.0,50.83,46.28
040701007,293.0,623.0,930,14.0,31.51,66.99
040701008,253.0,515.0,775,7.0,32.65,66.45
040701009,146.0,194.0,346,6.0,42.2,56.07
040702001,394.0,673.0,1106,39.0,35.62,60.85
040703001,438.0,795.0,1265,32.0,34.62,62.85
040703002,340.0,230.0,582,12.0,58.42,39.52
040703004,212.0,156.0,375,7.0,56.53,41.6
040703005,97.0,140.0,242,5.0,40.08,57.85
040704001,107.0,103.0,211,1.0,50.71,48.82
040704002,257.0,556.0,822,9.0,31.27,67.64
040704003,110.0,170.0,290,10.0,37.93,58.62
040801001,455.0,1170.0,1676,51.0,27.15,69.81
040801002,242.0,692.0,966,32.0,25.05,71.64
040801003,374.0,1648.0,2073,51.0,18.04,79.5
040801004,617.0,1299.0,1999,83.0,30.87,64.98
040801007,174.0,388.0,590,28.0,29.49,65.76
040801008,822.0,1236.0,2118,60.0,38.81,58.36
040801009,489.0,1319.0,1870,62.0,26.15,70.53
040801011,668.0,1628.0,2368,72.0,28.21,68.75
040801012,300.0,675.0,1000,25.0,30.0,67.5
040801013,328.0,855.0,1213,30.0,27.04,70.49
040801014,933.0,1371.0,2390,86.0,39.04,57.36
040801015,971.0,1703.0,2786,112.0,34.85,61.13
040801016,255.0,415.0,691,21.0,36.9,60.06
040801017,45.0,21.0,72,6.0,62.5,29.17
040801018,289.0,451.0,766,26.0,37.73,58.88
040801019,71.0,200.0,277,6.0,25.63,72.2
040801020,511.0,1068.0,1635,56.0,31.25,65.32
040801021,234.0,495.0,752,23.0,31.12,65.82
040801022,318.0,894.0,1240,28.0,25.65,72.1
040801023,260.0,747.0,1023,16.0,25.42,73.02
040801024,380.0,723.0,1134,31.0,33.51,63.76
040801025,83.0,41.0,134,10.0,61.94,30.6
040801026,164.0,365.0,544,15.0,30.15,67.1
040801027,329.0,486.0,841,26.0,39.12,57.79
040801028,152.0,380.0,541,9.0,28.1,70.24
040801029,154.0,266.0,435,15.0,35.4,61.15
040801030,159.0,310.0,485,16.0,32.78,63.92
040801032,163.0,175.0,355,17.0,45.92,49.3
040801033,234.0,497.0,751,20.0,31.16,66.18
040801034,113.0,200.0,323,10.0,34.98,61.92
040801037,107.0,188.0,305,10.0,35.08,61.64
040801040,186.0,207.0,413,20.0,45.04,50.12
040801042,214.0,152.0,385,19.0,55.58,39.48
040802001,397.0,694.0,1139,48.0,34.86,60.93
040802003,550.0,1007.0,1618,61.0,33.99,62.24
040802004,256.0,471.0,761,34.0,33.64,61.89
040802006,278.0,296.0,595,21.0,46.72,49.75
040802007,540.0,970.0,1556,46.0,34.7,62.34
040802009,227.0,308.0,553,18.0,41.05,55.7
040803001,709.0,1459.0,2240,72.0,31.65,65.13
040803002,313.0,783.0,1128,32.0,27.75,69.41
040803003,163.0,366.0,551,22.0,29.58,66.42
040803004,272.0,554.0,852,26.0,31.92,65.02
040803005,158.0,169.0,341,14.0,46.33,49.56
040803006,386.0,429.0,837,22.0,46.12,51.25
040803009,222.0,143.0,375,10.0,59.2,38.13
040804001,221.0,259.0,497,17.0,44.47,52.11
040804002,497.0,1008.0,1562,57.0,31.82,64.53
040804004,266.0,261.0,542,15.0,49.08,48.15
040805001,614.0,952.0,1616,50.0,38.0,58.91
040805003,293.0,406.0,726,27.0,40.36,55.92
040805004,153.0,264.0,429,12.0,35.66,61.54
040805005,184.0,201.0,397,12.0,46.35,50.63
040901001,425.0,1216.0,1723,82.0,24.67,70.57
040901002,400.0,1350.0,1830,80.0,21.86,73.77
040901003,209.0,777.0,1038,52.0,20.13,74.86
040901004,365.0,1424.0,1869,80.0,19.53,76.19
040901007,426.0,1545.0,2087,116.0,20.41,74.03
040901008,665.0,845.0,1670,160.0,39.82,50.6
040901009,430.0,1207.0,1697,60.0,25.34,71.13
040901011,150.0,350.0,530,30.0,28.3,66.04
040901013,277.0,484.0,788,27.0,35.15,61.42
040901014,205.0,620.0,865,40.0,23.7,71.68
040901015,392.0,682.0,1129,55.0,34.72,60.41
040901016,132.0,239.0,380,9.0,34.74,62.89
040901017,208.0,142.0,363,13.0,57.3,39.12
040902001,378.0,659.0,1118,81.0,33.81,58.94
040902002,458.0,927.0,1497,112.0,30.59,61.92
040902003,1015.0,2053.0,3240,172.0,31.33,63.36
040902004,427.0,1197.0,1703,79.0,25.07,70.29
040902007,637.0,1735.0,2465,93.0,25.84,70.39
040902010,220.0,397.0,650,33.0,33.85,61.08
040902011,159.0,655.0,840,26.0,18.93,77.98
040902013,167.0,332.0,519,20.0,32.18,63.97
040902014,392.0,909.0,1336,35.0,29.34,68.04
040902015,415.0,741.0,1273,117.0,32.6,58.21
040902016,266.0,438.0,747,43.0,35.61,58.63
040902018,451.0,743.0,1254,60.0,35.96,59.25
040902019,339.0,564.0,970,67.0,34.95,58.14
040902020,284.0,614.0,939,41.0,30.24,65.39
040902021,271.0,720.0,1034,43.0,26.21,69.63
040902022,409.0,1478.0,1954,67.0,20.93,75.64
040902024,1510.0,2121.0,3792,161.0,39.82,55.93
040902025,315.0,493.0,833,25.0,37.82,59.18
040902026,79.0,96.0,181,6.0,43.65,53.04
040902027,137.0,281.0,433,15.0,31.64,64.9
041001002,391.0,1739.0,2193,63.0,17.83,79.3
041001003,412.0,1461.0,1929,56.0,21.36,75.74
041001005,267.0,1057.0,1360,36.0,19.63,77.72
041001006,416.0,1577.0,2050,57.0,20.29,76.93
041001010,255.0,926.0,1216,35.0,20.97,76.15
041001011,303.0,1174.0,1528,51.0,19.83,76.83
041001014,408.0,984.0,1438,46.0,28.37,68.43
041001015,198.0,466.0,692,28.0,28.61,67.34
041001016,284.0,873.0,1190,33.0,23.87,73.36
041001017,262.0,707.0,1002,33.0,26.15,70.56
041001018,518.0,1278.0,1840,44.0,28.15,69.46
041001019,130.0,529.0,691,32.0,18.81,76.56
041001020,169.0,392.0,574,13.0,29.44,68.29
041101001,136.0,296.0,450,18.0,30.22,65.78
041101002,483.0,631.0,1146,32.0,42.15,55.06
041101003,562.0,1093.0,1716,61.0,32.75,63.69
041101004,344.0,983.0,1356,29.0,25.37,72.49
041101005,455.0,762.0,1267,50.0,35.91,60.14
041101006,591.0,1216.0,1869,62.0,31.62,65.06
041101007,273.0,629.0,927,25.0,29.45,67.85
041101008,283.0,601.0,921,37.0,30.73,65.26
041101009,432.0,523.0,973,18.0,44.4,53.75
041101010,432.0,786.0,1285,67.0,33.62,61.17
041101012,197.0,227.0,437,13.0,45.08,51.95
041101014,363.0,382.0,768,23.0,47.27,49.74
041101015,151.0,232.0,392,9.0,38.52,59.18
041101016,201.0,281.0,488,6.0,41.19,57.58
041101017,313.0,574.0,906,19.0,34.55,63.36
041101018,147.0,211.0,371,13.0,39.62,56.87
041101019,203.0,206.0,430,21.0,47.21,47.91
041101020,238.0,258.0,512,16.0,46.48,50.39
041101021,165.0,237.0,418,16.0,39.47,56.7
041201001,523.0,1077.0,1637,37.0,31.95,65.79
041201002,333.0,671.0,1030,26.0,32.33,65.15
041201003,573.0,852.0,1471,46.0,38.95,57.92
041201004,422.0,595.0,1047,30.0,40.31,56.83
041201005,117.0,265.0,398,16.0,29.4,66.58
041201007,596.0,838.0,1491,57.0,39.97,56.2
041201008,475.0,500.0,1015,40.0,46.8,49.26
041201012,257.0,250.0,528,21.0,48.67,47.35
041201013,173.0,110.0,296,13.0,58.45,37.16
041201014,117.0,145.0,276,14.0,42.39,52.54
041201015,221.0,149.0,379,9.0,58.31,39.31
041201016,190.0,124.0,326,12.0,58.28,38.04
041202001,192.0,180.0,382,10.0,50.26,47.12
041202002,50.0,29.0,92,13.0,54.35,31.52
041202004,86.0,129.0,228,13.0,37.72,56.58
041202005,223.0,197.0,435,15.0,51.26,45.29
041301002,384.0,1689.0,2130,57.0,18.03,79.3
041301006,484.0,1232.0,1766,50.0,27.41,69.76
041301007,540.0,2579.0,3200,81.0,16.88,80.59
041301009,436.0,1503.0,1999,60.0,21.81,75.19
041301010,223.0,1654.0,1923,46.0,11.6,86.01
041301011,290.0,730.0,1046,26.0,27.72,69.79
041301012,519.0,1982.0,2559,58.0,20.28,77.45
041301013,292.0,969.0,1296,35.0,22.53,74.77
041301015,203.0,784.0,1012,25.0,20.06,77.47
041301016,83.0,129.0,216,4.0,38.43,59.72
041302001,451.0,1433.0,1935,51.0,23.31,74.06
041302004,276.0,689.0,986,21.0,27.99,69.88
041302005,198.0,671.0,905,36.0,21.88,74.14
041302006,159.0,547.0,730,24.0,21.78,74.93
041302007,458.0,1415.0,1921,48.0,23.84,73.66
041302008,381.0,1038.0,1467,48.0,25.97,70.76
041302009,476.0,1604.0,2144,64.0,22.2,74.81
041302010,653.0,1669.0,2398,76.0,27.23,69.6
041302012,666.0,1912.0,2649,71.0,25.14,72.18
041302013,294.0,1067.0,1399,38.0,21.02,76.27
041302014,530.0,2062.0,2676,84.0,19.81,77.06
041302015,241.0,698.0,968,29.0,24.9,72.11
041302018,379.0,1253.0,1690,58.0,22.43,74.14
041302019,270.0,669.0,973,34.0,27.75,68.76
041302022,561.0,1830.0,2444,53.0,22.95,74.88
041302024,184.0,619.0,825,22.0,22.3,75.03
041302025,229.0,525.0,777,23.0,29.47,67.57
041302027,226.0,614.0,884,44.0,25.57,69.46
041302028,116.0,240.0,367,11.0,31.61,65.4
041302029,266.0,597.0,900,37.0,29.56,66.33
041302031,175.0,344.0,529,10.0,33.08,65.03
041302032,172.0,288.0,475,15.0,36.21,60.63
041302033,491.0,265.0,777,21.0,63.19,34.11
041302034,166.0,255.0,432,11.0,38.43,59.03
041302035,138.0,167.0,320,15.0,43.12,52.19
041302036,165.0,220.0,401,16.0,41.15,54.86
041302037,192.0,125.0,326,9.0,58.9,38.34
041302038,133.0,183.0,324,8.0,41.05,56.48
041302039,158.0,224.0,404,22.0,39.11,55.45
041401001,105.0,1064.0,1201,32.0,8.74,88.59
041401002,81.0,1027.0,1129,21.0,7.17,90.97
041401004,175.0,442.0,643,26.0,27.22,68.74
041401005,88.0,432.0,563,43.0,15.63,76.73
041401006,151.0,58.0,220,11.0,68.64,26.36
041401007,127.0,108.0,251,16.0,50.6,43.03
041401008,30.0,97.0,133,6.0,22.56,72.93
041401009,187.0,378.0,580,15.0,32.24,65.17
041401010,87.0,60.0,150,3.0,58.0,40.0
041401011,102.0,91.0,201,8.0,50.75,45.27
041401013,41.0,409.0,467,17.0,8.78,87.58
041401014,81.0,243.0,329,5.0,24.62,73.86
041401015,79.0,293.0,390,18.0,20.26,75.13
041401016,50.0,1023.0,1096,23.0,4.56,93.34
041401017,108.0,561.0,693,24.0,15.58,80.95
041401018,46.0,475.0,531,10.0,8.66,89.45
041401019,21.0,169.0,194,4.0,10.82,87.11
041401020,159.0,255.0,428,14.0,37.15,59.58
041401021,83.0,176.0,266,7.0,31.2,66.17
041401022,81.0,75.0,169,13.0,47.93,44.38
041401024,128.0,189.0,332,15.0,38.55,56.93
041401025,106.0,386.0,509,17.0,20.83,75.83
041401026,76.0,94.0,179,9.0,42.46,52.51
041401027,40.0,106.0,152,6.0,26.32,69.74
041401028,65.0,92.0,161,4.0,40.37,57.14
041401029,85.0,26.0,113,2.0,75.22,23.01
041401030,68.0,40.0,111,3.0,61.26,36.04
041501001,1031.0,1601.0,2700,68.0,38.19,59.3
041501002,468.0,732.0,1227,27.0,38.14,59.66
041501005,461.0,303.0,780,16.0,59.1,38.85
041501006,146.0,139.0,293,8.0,49.83,47.44
041501007,306.0,240.0,564,18.0,54.26,42.55
041501008,142.0,74.0,222,6.0,63.96,33.33
041501009,78.0,51.0,131,2.0,59.54,38.93
041502001,445.0,1178.0,1688,65.0,26.36,69.79
041502002,131.0,130.0,282,21.0,46.45,46.1
041502003,145.0,247.0,406,14.0,35.71,60.84
041601001,676.0,1345.0,2075,54.0,32.58,64.82
041601002,592.0,1076.0,1712,44.0,34.58,62.85
041601003,331.0,606.0,957,20.0,34.59,63.32
041601004,426.0,873.0,1344,45.0,31.7,64.96
041601005,455.0,386.0,870,29.0,52.3,44.37
041601006,223.0,236.0,474,15.0,47.05,49.79
041601007,1071.0,1474.0,2632,87.0,40.69,56.0
041601008,762.0,761.0,1582,59.0,48.17,48.1
041601010,134.0,169.0,331,28.0,40.48,51.06
041601013,349.0,567.0,953,37.0,36.62,59.5
041601014,203.0,234.0,468,31.0,43.38,50.0
041601015,329.0,685.0,1040,26.0,31.63,65.87
041601016,155.0,294.0,456,7.0,33.99,64.47
041601019,313.0,379.0,715,23.0,43.78,53.01
041601021,268.0,242.0,532,22.0,50.38,45.49
041601023,265.0,331.0,616,20.0,43.02,53.73
041601025,530.0,501.0,1085,54.0,48.85,46.18
041701001,518.0,1144.0,1723,61.0,30.06,66.4
041701002,579.0,1175.0,1832,78.0,31.6,64.14
041701003,523.0,1233.0,1842,86.0,28.39,66.94
041701004,630.0,1497.0,2217,90.0,28.42,67.52
041701005,477.0,1164.0,1718,77.0,27.76,67.75
041701006,729.0,1889.0,2743,125.0,26.58,68.87
041701007,453.0,1081.0,1595,61.0,28.4,67.77
041701008,337.0,819.0,1190,34.0,28.32,68.82
041701009,585.0,2109.0,2785,91.0,21.01,75.73
041701012,334.0,806.0,1182,42.0,28.26,68.19
041701013,428.0,988.0,1468,52.0,29.16,67.3
041701015,432.0,825.0,1305,48.0,33.1,63.22
041701016,247.0,665.0,933,21.0,26.47,71.28
041701017,243.0,794.0,1066,29.0,22.8,74.48
041701018,172.0,386.0,574,16.0,29.97,67.25
041701020,259.0,672.0,962,31.0,26.92,69.85
041701021,378.0,779.0,1197,40.0,31.58,65.08
041701023,127.0,247.0,392,18.0,32.4,63.01
041701025,319.0,829.0,1181,33.0,27.01,70.19
041701026,342.0,1035.0,1416,39.0,24.15,73.09
041701027,202.0,328.0,556,26.0,36.33,58.99
041701028,154.0,323.0,500,23.0,30.8,64.6
041701029,165.0,372.0,566,29.0,29.15,65.72
041701030,363.0,413.0,808,32.0,44.93,51.11
041701032,143.0,292.0,453,18.0,31.57,64.46
041701033,153.0,364.0,533,16.0,28.71,68.29
041701034,224.0,612.0,865,29.0,25.9,70.75
041701035,907.0,1114.0,2135,114.0,42.48,52.18
041701036,339.0,429.0,803,35.0,42.22,53.42
041701037,682.0,728.0,1466,56.0,46.52,49.66
041701040,372.0,730.0,1145,43.0,32.49,63.76
041701041,372.0,972.0,1385,41.0,26.86,70.18
041701042,234.0,618.0,871,19.0,26.87,70.95
041702001,494.0,1642.0,2209,73.0,22.36,74.33
041702003,322.0,801.0,1171,48.0,27.5,68.4
041702004,283.0,664.0,983,36.0,28.79,67.55
041702005,400.0,949.0,1391,42.0,28.76,68.22
041702006,347.0,885.0,1267,35.0,27.39,69.85
041702007,154.0,278.0,447,15.0,34.45,62.19
041702008,489.0,1187.0,1740,64.0,28.1,68.22
041702009,104.0,309.0,423,10.0,24.59,73.05
041702010,146.0,250.0,412,16.0,35.44,60.68
041703003,742.0,1538.0,2368,88.0,31.33,64.95
041703005,187.0,326.0,529,16.0,35.35,61.63
041703007,384.0,603.0,1024,37.0,37.5,58.89
041801001,448.0,1057.0,1552,47.0,28.87,68.11
041801002,159.0,137.0,300,4.0,53.0,45.67
041801003,200.0,273.0,491,18.0,40.73,55.6
041801004,186.0,332.0,538,20.0,34.57,61.71
041801005,343.0,204.0,561,14.0,61.14,36.36
041801006,175.0,136.0,318,7.0,55.03,42.77
041801007,137.0,131.0,279,11.0,49.1,46.95
041801008,466.0,720.0,1224,38.0,38.07,58.82
050101001,236.0,593.0,840,11.0,28.1,70.6
050101002,36.0,59.0,101,6.0,35.64,58.42
050101003,32.0,56.0,89,1.0,35.96,62.92
050101007,51.0,155.0,208,2.0,24.52,74.52
050101008,33.0,84.0,118,1.0,27.97,71.19
050101010,368.0,749.0,1136,19.0,32.39,65.93
050101013,130.0,115.0,247,2.0,52.63,46.56
050101014,168.0,294.0,465,3.0,36.13,63.23
050101015,19.0,43.0,68,6.0,27.94,63.24
050101016,149.0,247.0,401,5.0,37.16,61.6
050101018,24.0,30.0,54,0.0,44.44,55.56
050101019,90.0,119.0,225,16.0,40.0,52.89
050101020,29.0,28.0,59,2.0,49.15,47.46
050101021,43.0,104.0,155,8.0,27.74,67.1
050101025,25.0,8.0,33,0.0,75.76,24.24
050101027,8.0,6.0,14,0.0,57.14,42.86
050101030,36.0,25.0,63,2.0,57.14,39.68
050101032,67.0,50.0,118,1.0,56.78,42.37
050101033,23.0,29.0,54,2.0,42.59,53.7
050101034,74.0,21.0,98,3.0,75.51,21.43
050102008,22.0,4.0,28,2.0,78.57,14.29
050103015,50.0,89.0,144,5.0,34.72,61.81
050201001,349.0,1555.0,1933,29.0,18.05,80.44
050201002,98.0,210.0,311,3.0,31.51,67.52
050201003,195.0,565.0,773,13.0,25.23,73.09
050201004,53.0,232.0,290,5.0,18.28,80.0
050201005,48.0,68.0,120,4.0,40.0,56.67
050201006,189.0,207.0,407,11.0,46.44,50.86
050201007,63.0,67.0,134,4.0,47.01,50.0
050202001,206.0,1163.0,1392,23.0,14.8,83.55
050202002,289.0,931.0,1251,31.0,23.1,74.42
050202003,110.0,409.0,526,7.0,20.91,77.76
050202004,139.0,705.0,853,9.0,16.3,82.65
050202005,51.0,350.0,405,4.0,12.59,86.42
050202007,213.0,819.0,1054,22.0,20.21,77.7
050202009,70.0,294.0,371,7.0,18.87,79.25
050203001,252.0,915.0,1186,19.0,21.25,77.15
050203002,125.0,291.0,425,9.0,29.41,68.47
050203003,110.0,374.0,493,9.0,22.31,75.86
050203004,65.0,239.0,313,9.0,20.77,76.36
050203005,88.0,148.0,243,7.0,36.21,60.91
050203006,79.0,157.0,244,8.0,32.38,64.34
050203007,79.0,280.0,370,11.0,21.35,75.68
050203008,104.0,162.0,274,8.0,37.96,59.12
050203009,70.0,271.0,347,6.0,20.17,78.1
050203010,58.0,117.0,180,5.0,32.22,65.0
050203012,72.0,60.0,137,5.0,52.55,43.8
050204001,250.0,1252.0,1519,17.0,16.46,82.42
050204002,26.0,139.0,165,0.0,15.76,84.24
050204005,34.0,42.0,78,2.0,43.59,53.85
050204006,59.0,60.0,121,2.0,48.76,49.59
050206001,325.0,1058.0,1399,16.0,23.23,75.63
050206002,87.0,238.0,334,9.0,26.05,71.26
050206003,103.0,255.0,367,9.0,28.07,69.48
050206007,93.0,66.0,163,4.0,57.06,40.49
050207001,219.0,1432.0,1677,26.0,13.06,85.39
050207002,303.0,1879.0,2221,39.0,13.64,84.6
050207003,265.0,666.0,951,20.0,27.87,70.03
050207004,304.0,1360.0,1694,30.0,17.95,80.28
050207005,271.0,1148.0,1444,25.0,18.77,79.5
050207006,211.0,844.0,1074,19.0,19.65,78.58
050207008,419.0,1903.0,2359,37.0,17.76,80.67
050207010,217.0,1486.0,1719,16.0,12.62,86.45
050207011,292.0,1860.0,2172,20.0,13.44,85.64
050207012,330.0,1231.0,1587,26.0,20.79,77.57
050207013,342.0,1130.0,1506,34.0,22.71,75.03
050207014,79.0,130.0,213,4.0,37.09,61.03
050207015,41.0,102.0,145,2.0,28.28,70.34
050207016,92.0,124.0,219,3.0,42.01,56.62
050207017,46.0,106.0,154,2.0,29.87,68.83
050207018,50.0,158.0,209,1.0,23.92,75.6
050207019,51.0,129.0,182,2.0,28.02,70.88
050208001,344.0,1537.0,1924,43.0,17.88,79.89
050208002,313.0,1405.0,1748,30.0,17.91,80.38
050208003,229.0,1428.0,1692,35.0,13.53,84.4
050208004,206.0,852.0,1085,27.0,18.99,78.53
050208005,85.0,305.0,395,5.0,21.52,77.22
050208006,128.0,540.0,675,7.0,18.96,80.0
050208007,251.0,1612.0,1888,25.0,13.29,85.38
050208008,96.0,489.0,592,7.0,16.22,82.6
050208009,415.0,1684.0,2142,43.0,19.37,78.62
050208010,213.0,800.0,1038,25.0,20.52,77.07
050208011,409.0,1120.0,1569,40.0,26.07,71.38
050208012,127.0,325.0,457,5.0,27.79,71.12
050208013,72.0,260.0,336,4.0,21.43,77.38
050208014,152.0,429.0,591,10.0,25.72,72.59
050208015,117.0,275.0,401,9.0,29.18,68.58
050208017,82.0,88.0,175,5.0,46.86,50.29
050208018,103.0,209.0,318,6.0,32.39,65.72
050208019,30.0,104.0,137,3.0,21.9,75.91
050208020,94.0,102.0,203,7.0,46.31,50.25
050208021,54.0,122.0,183,7.0,29.51,66.67
050208022,37.0,83.0,124,4.0,29.84,66.94
050208023,134.0,278.0,422,10.0,31.75,65.88
050209001,252.0,1246.0,1519,21.0,16.59,82.03
050209002,281.0,1315.0,1628,32.0,17.26,80.77
050209003,139.0,793.0,946,14.0,14.69,83.83
050209004,357.0,1279.0,1678,42.0,21.28,76.22
050209005,334.0,952.0,1314,28.0,25.42,72.45
050209006,364.0,1717.0,2120,39.0,17.17,80.99
050209008,380.0,892.0,1305,33.0,29.12,68.35
050209009,204.0,900.0,1127,23.0,18.1,79.86
050209010,356.0,1117.0,1508,35.0,23.61,74.07
050209011,189.0,604.0,815,22.0,23.19,74.11
050209013,65.0,288.0,361,8.0,18.01,79.78
050209014,108.0,317.0,438,13.0,24.66,72.37
050209015,119.0,292.0,413,2.0,28.81,70.7
050209016,208.0,513.0,734,13.0,28.34,69.89
050209017,188.0,474.0,676,14.0,27.81,70.12
050209018,241.0,595.0,863,27.0,27.93,68.95
050209019,131.0,443.0,583,9.0,22.47,75.99
050209020,131.0,237.0,370,2.0,35.41,64.05
050209022,143.0,367.0,518,8.0,27.61,70.85
050209023,97.0,170.0,272,5.0,35.66,62.5
050209024,171.0,375.0,568,22.0,30.11,66.02
050209025,55.0,201.0,258,2.0,21.32,77.91
050209026,98.0,306.0,411,7.0,23.84,74.45
050209027,109.0,198.0,312,5.0,34.94,63.46
050209028,214.0,435.0,659,10.0,32.47,66.01
050209029,74.0,84.0,162,4.0,45.68,51.85
050209030,58.0,74.0,136,4.0,42.65,54.41
050209031,36.0,70.0,108,2.0,33.33,64.81
050209033,106.0,126.0,242,10.0,43.8,52.07
050210001,141.0,527.0,681,13.0,20.7,77.39
050210002,310.0,1778.0,2114,26.0,14.66,84.11
050210003,264.0,1088.0,1405,53.0,18.79,77.44
050210004,279.0,1842.0,2161,40.0,12.91,85.24
050210005,554.0,2193.0,2799,52.0,19.79,78.35
050210006,209.0,926.0,1151,16.0,18.16,80.45
050210007,323.0,1150.0,1510,37.0,21.39,76.16
050210008,389.0,1357.0,1793,47.0,21.7,75.68
050210009,264.0,877.0,1169,28.0,22.58,75.02
050210010,234.0,781.0,1028,13.0,22.76,75.97
050210011,381.0,1655.0,2071,35.0,18.4,79.91
050210012,75.0,251.0,333,7.0,22.52,75.38
050210014,176.0,511.0,717,30.0,24.55,71.27
050210015,104.0,330.0,443,9.0,23.48,74.49
050210016,165.0,646.0,835,24.0,19.76,77.37
050210017,91.0,283.0,380,6.0,23.95,74.47
050210018,132.0,373.0,525,20.0,25.14,71.05
050210019,72.0,175.0,254,7.0,28.35,68.9
050210020,159.0,167.0,337,11.0,47.18,49.55
050210021,135.0,226.0,373,12.0,36.19,60.59
050210022,274.0,711.0,1017,32.0,26.94,69.91
050210023,96.0,247.0,347,4.0,27.67,71.18
050210025,258.0,290.0,568,20.0,45.42,51.06
050210026,86.0,149.0,244,9.0,35.25,61.07
050210027,59.0,180.0,242,3.0,24.38,74.38
050210029,81.0,207.0,304,16.0,26.64,68.09
050210030,92.0,134.0,231,5.0,39.83,58.01
050210032,96.0,206.0,307,5.0,31.27,67.1
050210034,201.0,271.0,483,11.0,41.61,56.11
050210035,75.0,160.0,241,6.0,31.12,66.39
050211001,286.0,2470.0,2774,18.0,10.31,89.04
050211002,115.0,494.0,634,25.0,18.14,77.92
050211003,130.0,208.0,343,5.0,37.9,60.64
050211004,98.0,299.0,401,4.0,24.44,74.56
050211005,273.0,1857.0,2153,23.0,12.68,86.25
050211006,228.0,1693.0,1933,12.0,11.8,87.58
050211007,187.0,1323.0,1524,14.0,12.27,86.81
050211008,288.0,1211.0,1517,18.0,18.98,79.83
050211009,519.0,1213.0,1765,33.0,29.41,68.73
050211010,248.0,1044.0,1328,36.0,18.67,78.61
050211011,79.0,272.0,357,6.0,22.13,76.19
050211012,378.0,1938.0,2352,36.0,16.07,82.4
050211013,187.0,469.0,672,16.0,27.83,69.79
050211014,273.0,1770.0,2064,21.0,13.23,85.76
050211015,184.0,1084.0,1281,13.0,14.36,84.62
050211016,265.0,1362.0,1655,28.0,16.01,82.3
050211019,450.0,974.0,1453,29.0,30.97,67.03
050211020,134.0,480.0,627,13.0,21.37,76.56
050211021,222.0,430.0,663,11.0,33.48,64.86
050211023,498.0,903.0,1436,35.0,34.68,62.88
050211024,137.0,508.0,657,12.0,20.85,77.32
050211025,106.0,553.0,668,9.0,15.87,82.78
050211026,291.0,868.0,1182,23.0,24.62,73.43
050211027,208.0,696.0,916,12.0,22.71,75.98
050211028,107.0,317.0,434,10.0,24.65,73.04
050211029,67.0,146.0,216,3.0,31.02,67.59
050211030,79.0,116.0,201,6.0,39.3,57.71
050211031,54.0,141.0,200,5.0,27.0,70.5
050211033,112.0,209.0,325,4.0,34.46,64.31
050211035,79.0,186.0,273,8.0,28.94,68.13
050211036,42.0,66.0,113,5.0,37.17,58.41
050211037,62.0,58.0,125,5.0,49.6,46.4
050211038,68.0,181.0,251,2.0,27.09,72.11
050211039,106.0,148.0,267,13.0,39.7,55.43
050212001,444.0,1657.0,2135,34.0,20.8,77.61
050212002,30.0,58.0,91,3.0,32.97,63.74
050212004,164.0,269.0,436,3.0,37.61,61.7
050212005,109.0,243.0,360,8.0,30.28,67.5
050212006,79.0,175.0,257,3.0,30.74,68.09
050212007,63.0,137.0,205,5.0,30.73,66.83
050213001,182.0,673.0,869,14.0,20.94,77.45
050213002,35.0,232.0,275,8.0,12.73,84.36
050213003,83.0,135.0,224,6.0,37.05,60.27
050214001,79.0,402.0,490,9.0,16.12,82.04
050214002,81.0,276.0,365,8.0,22.19,75.62
050214003,377.0,1020.0,1421,24.0,26.53,71.78
050214004,164.0,401.0,573,8.0,28.62,69.98
050214005,77.0,167.0,245,1.0,31.43,68.16
050214007,33.0,117.0,150,0.0,22.0,78.0
050301001,70.0,208.0,281,3.0,24.91,74.02
050301002,121.0,246.0,370,3.0,32.7,66.49
050301003,31.0,32.0,64,1.0,48.44,50.0
050301004,74.0,97.0,179,8.0,41.34,54.19
050301005,25.0,66.0,94,3.0,26.6,70.21
050301006,13.0,85.0,99,1.0,13.13,85.86
050301007,100.0,175.0,282,7.0,35.46,62.06
050301008,18.0,33.0,52,1.0,34.62,63.46
050301009,122.0,190.0,315,3.0,38.73,60.32
050302001,291.0,1225.0,1551,35.0,18.76,78.98
050302002,384.0,1043.0,1466,39.0,26.19,71.15
050302003,320.0,1551.0,1905,34.0,16.8,81.42
050302004,260.0,874.0,1159,25.0,22.43,75.41
050302005,323.0,1396.0,1750,31.0,18.46,79.77
050302006,260.0,1047.0,1321,14.0,19.68,79.26
050302007,405.0,1703.0,2134,26.0,18.98,79.8
050302008,322.0,948.0,1284,14.0,25.08,73.83
050302009,219.0,139.0,365,7.0,60.0,38.08
050302010,99.0,128.0,227,0.0,43.61,56.39
050302012,110.0,332.0,451,9.0,24.39,73.61
050302013,46.0,70.0,119,3.0,38.66,58.82
050302014,288.0,749.0,1070,33.0,26.92,70.0
050302015,338.0,1287.0,1648,23.0,20.51,78.09
050302016,192.0,632.0,838,14.0,22.91,75.42
050302017,215.0,611.0,845,19.0,25.44,72.31
050302018,139.0,223.0,371,9.0,37.47,60.11
050302019,146.0,191.0,344,7.0,42.44,55.52
050302020,113.0,257.0,378,8.0,29.89,67.99
050302021,68.0,170.0,244,6.0,27.87,69.67
050302022,141.0,269.0,415,5.0,33.98,64.82
050302023,96.0,128.0,227,3.0,42.29,56.39
050302024,79.0,104.0,185,2.0,42.7,56.22
050302025,100.0,84.0,188,4.0,53.19,44.68
050302026,99.0,145.0,253,9.0,39.13,57.31
050302028,51.0,76.0,131,4.0,38.93,58.02
050303001,202.0,392.0,603,9.0,33.5,65.01
050303002,76.0,89.0,165,0.0,46.06,53.94
050303003,123.0,160.0,287,4.0,42.86,55.75
050303004,107.0,146.0,255,2.0,41.96,57.25
050303005,46.0,80.0,129,3.0,35.66,62.02
050303006,36.0,39.0,77,2.0,46.75,50.65
050303007,65.0,58.0,125,2.0,52.0,46.4
050303008,154.0,157.0,313,2.0,49.2,50.16
050303009,25.0,43.0,68,0.0,36.76,63.24
050303010,39.0,20.0,59,0.0,66.1,33.9
050303011,80.0,129.0,214,5.0,37.38,60.28
050303012,43.0,32.0,76,1.0,56.58,42.11
050303013,110.0,65.0,182,7.0,60.44,35.71
050303014,56.0,94.0,153,3.0,36.6,61.44
050303015,49.0,59.0,109,1.0,44.95,54.13
050303016,38.0,35.0,75,2.0,50.67,46.67
050303018,76.0,165.0,243,2.0,31.28,67.9
050303019,75.0,193.0,275,7.0,27.27,70.18
050401002,239.0,1578.0,1836,19.0,13.02,85.95
050401003,29.0,52.0,82,1.0,35.37,63.41
050401004,166.0,1618.0,1807,23.0,9.19,89.54
050401005,304.0,2151.0,2473,18.0,12.29,86.98
050401006,199.0,1212.0,1432,21.0,13.9,84.64
050401007,37.0,198.0,242,7.0,15.29,81.82
050401009,67.0,176.0,249,6.0,26.91,70.68
050401011,104.0,489.0,606,13.0,17.16,80.69
050401013,27.0,119.0,149,3.0,18.12,79.87
050401014,28.0,77.0,105,0.0,26.67,73.33
050401016,55.0,359.0,416,2.0,13.22,86.3
050401017,22.0,110.0,136,4.0,16.18,80.88
050401019,34.0,229.0,269,6.0,12.64,85.13
050401020,44.0,140.0,186,2.0,23.66,75.27
050401022,45.0,166.0,214,3.0,21.03,77.57
050401023,290.0,1219.0,1527,18.0,18.99,79.83
050401024,402.0,1651.0,2082,29.0,19.31,79.3
050401025,65.0,365.0,441,11.0,14.74,82.77
050401026,264.0,1059.0,1341,18.0,19.69,78.97
050401027,331.0,1280.0,1630,19.0,20.31,78.53
050401028,158.0,981.0,1151,12.0,13.73,85.23
050401029,60.0,202.0,264,2.0,22.73,76.52
050401030,45.0,162.0,212,5.0,21.23,76.42
050401031,132.0,269.0,403,2.0,32.75,66.75
050401032,55.0,126.0,186,5.0,29.57,67.74
050401033,56.0,149.0,207,2.0,27.05,71.98
050401034,189.0,147.0,339,3.0,55.75,43.36
050401035,58.0,121.0,182,3.0,31.87,66.48
050401036,17.0,21.0,38,0.0,44.74,55.26
050402001,255.0,1149.0,1409,5.0,18.1,81.55
050402003,27.0,239.0,267,1.0,10.11,89.51
050402004,31.0,179.0,213,3.0,14.55,84.04
050403001,194.0,850.0,1063,19.0,18.25,79.96
050403002,114.0,245.0,369,10.0,30.89,66.4
050404001,34.0,160.0,198,4.0,17.17,80.81
050404002,206.0,1669.0,1897,22.0,10.86,87.98
050404004,29.0,437.0,470,4.0,6.17,92.98
050404006,46.0,81.0,129,2.0,35.66,62.79
050501001,444.0,712.0,1193,37.0,37.22,59.68
050501002,216.0,194.0,418,8.0,51.67,46.41
050501003,38.0,34.0,78,6.0,48.72,43.59
050502001,394.0,920.0,1333,19.0,29.56,69.02
050502002,172.0,141.0,315,2.0,54.6,44.76
050502003,191.0,370.0,567,6.0,33.69,65.26
050502004,75.0,138.0,224,11.0,33.48,61.61
050502005,64.0,38.0,104,2.0,61.54,36.54
050502006,62.0,114.0,179,3.0,34.64,63.69
050502007,182.0,71.0,259,6.0,70.27,27.41
050502008,95.0,51.0,153,7.0,62.09,33.33
050502009,40.0,96.0,139,3.0,28.78,69.06
050502010,46.0,51.0,101,4.0,45.54,50.5
050502011,132.0,47.0,180,1.0,73.33,26.11
050502012,60.0,54.0,115,1.0,52.17,46.96
050502013,30.0,44.0,76,2.0,39.47,57.89
050502015,69.0,25.0,95,1.0,72.63,26.32
050503001,401.0,1448.0,1893,44.0,21.18,76.49
050503004,142.0,316.0,471,13.0,30.15,67.09
050503005,94.0,171.0,267,2.0,35.21,64.04
050503006,141.0,381.0,534,12.0,26.4,71.35
050503007,419.0,1065.0,1503,19.0,27.88,70.86
050503009,82.0,20.0,105,3.0,78.1,19.05
050503010,54.0,72.0,127,1.0,42.52,56.69
050503012,47.0,182.0,231,2.0,20.35,78.79
050503013,124.0,184.0,320,12.0,38.75,57.5
050503014,158.0,567.0,744,19.0,21.24,76.21
050503018,147.0,171.0,331,13.0,44.41,51.66
050503019,121.0,67.0,195,7.0,62.05,34.36
050503020,153.0,198.0,365,14.0,41.92,54.25
050503021,32.0,86.0,120,2.0,26.67,71.67
050503022,34.0,46.0,83,3.0,40.96,55.42
050503025,68.0,80.0,153,5.0,44.44,52.29
050504001,452.0,1793.0,2300,55.0,19.65,77.96
050504002,52.0,227.0,282,3.0,18.44,80.5
050504003,116.0,129.0,249,4.0,46.59,51.81
050504004,108.0,208.0,331,15.0,32.63,62.84
050504005,208.0,708.0,940,24.0,22.13,75.32
050504006,195.0,474.0,681,12.0,28.63,69.6
050601001,242.0,1902.0,2183,39.0,11.09,87.13
050601005,170.0,1411.0,1599,18.0,10.63,88.24
050601007,196.0,1775.0,1985,14.0,9.87,89.42
050601009,112.0,656.0,779,11.0,14.38,84.21
050601011,89.0,472.0,564,3.0,15.78,83.69
050601013,145.0,1042.0,1210,23.0,11.98,86.12
050601015,29.0,153.0,183,1.0,15.85,83.61
050601017,44.0,332.0,380,4.0,11.58,87.37
050601018,54.0,225.0,284,5.0,19.01,79.23
050601019,86.0,402.0,491,3.0,17.52,81.87
050601020,216.0,1068.0,1309,25.0,16.5,81.59
050601021,59.0,129.0,194,6.0,30.41,66.49
050601022,95.0,489.0,589,5.0,16.13,83.02
050601023,209.0,1004.0,1230,17.0,16.99,81.63
050601024,163.0,806.0,986,17.0,16.53,81.74
050601025,173.0,824.0,1010,13.0,17.13,81.58
050601026,80.0,470.0,564,14.0,14.18,83.33
050601028,131.0,452.0,596,13.0,21.98,75.84
050601029,151.0,1019.0,1192,22.0,12.67,85.49
050601032,33.0,149.0,182,0.0,18.13,81.87
050601033,50.0,116.0,170,4.0,29.41,68.24
050601034,160.0,392.0,567,15.0,28.22,69.14
050601036,79.0,727.0,811,5.0,9.74,89.64
050601037,98.0,474.0,580,8.0,16.9,81.72
050601038,71.0,176.0,254,7.0,27.95,69.29
050601039,122.0,500.0,637,15.0,19.15,78.49
050601040,61.0,207.0,272,4.0,22.43,76.1
050601041,64.0,58.0,123,1.0,52.03,47.15
050601042,41.0,75.0,118,2.0,34.75,63.56
050601043,70.0,96.0,170,4.0,41.18,56.47
050601044,95.0,136.0,244,13.0,38.93,55.74
050601045,88.0,126.0,217,3.0,40.55,58.06
050601047,53.0,87.0,143,3.0,37.06,60.84
050601048,107.0,136.0,252,9.0,42.46,53.97
050601049,21.0,108.0,131,2.0,16.03,82.44
050601050,17.0,32.0,49,0.0,34.69,65.31
050602001,84.0,874.0,985,27.0,8.53,88.73
050602004,69.0,146.0,216,1.0,31.94,67.59
050602005,59.0,91.0,151,1.0,39.07,60.26
050602006,12.0,130.0,144,2.0,8.33,90.28
050602008,16.0,40.0,60,4.0,26.67,66.67
050602009,3.0,84.0,87,0.0,3.45,96.55
050603001,397.0,1730.0,2186,59.0,18.16,79.14
050603004,61.0,124.0,189,4.0,32.28,65.61
050603005,28.0,223.0,254,3.0,11.02,87.8
050603006,55.0,138.0,196,3.0,28.06,70.41
050603009,24.0,83.0,108,1.0,22.22,76.85
050603010,53.0,93.0,151,5.0,35.1,61.59
050604001,325.0,1149.0,1497,23.0,21.71,76.75
050604002,84.0,185.0,278,9.0,30.22,66.55
050604004,71.0,254.0,334,9.0,21.26,76.05
050604005,87.0,256.0,348,5.0,25.0,73.56
050604006,99.0,125.0,227,3.0,43.61,55.07
050604007,19.0,71.0,91,1.0,20.88,78.02
050604008,8.0,64.0,73,1.0,10.96,87.67
050604010,79.0,174.0,255,2.0,30.98,68.24
050604011,34.0,59.0,95,2.0,35.79,62.11
050604013,95.0,187.0,284,2.0,33.45,65.85
050604014,89.0,224.0,316,3.0,28.16,70.89
050604015,36.0,126.0,173,11.0,20.81,72.83
050604016,87.0,28.0,117,2.0,74.36,23.93
050701001,507.0,1184.0,1724,33.0,29.41,68.68
050701002,198.0,336.0,541,7.0,36.6,62.11
050701003,81.0,236.0,319,2.0,25.39,73.98
050701004,130.0,94.0,227,3.0,57.27,41.41
050701005,217.0,405.0,637,15.0,34.07,63.58
050701006,59.0,157.0,217,1.0,27.19,72.35
050701007,122.0,74.0,196,0.0,62.24,37.76
050701008,27.0,58.0,86,1.0,31.4,67.44
050702001,552.0,1577.0,2160,31.0,25.56,73.01
050702002,71.0,114.0,191,6.0,37.17,59.69
050702003,265.0,891.0,1172,16.0,22.61,76.02
050702004,151.0,183.0,343,9.0,44.02,53.35
050702005,183.0,186.0,377,8.0,48.54,49.34
050702006,107.0,121.0,235,7.0,45.53,51.49
050702007,87.0,106.0,196,3.0,44.39,54.08
050702008,149.0,167.0,321,5.0,46.42,52.02
050702010,43.0,79.0,126,4.0,34.13,62.7
050702012,195.0,211.0,415,9.0,46.99,50.84
050702013,72.0,116.0,189,1.0,38.1,61.38
050703001,415.0,818.0,1264,31.0,32.83,64.72
050703003,310.0,412.0,738,16.0,42.01,55.83
050703005,149.0,189.0,343,5.0,43.44,55.1
050703009,63.0,41.0,107,3.0,58.88,38.32
050704001,439.0,868.0,1333,26.0,32.93,65.12
050704002,43.0,87.0,134,4.0,32.09,64.93
050704003,191.0,180.0,394,23.0,48.48,45.69
050704004,48.0,124.0,175,3.0,27.43,70.86
050704005,112.0,187.0,307,8.0,36.48,60.91
050704006,46.0,110.0,159,3.0,28.93,69.18
050704007,59.0,89.0,151,3.0,39.07,58.94
050704008,160.0,235.0,401,6.0,39.9,58.6
050704009,30.0,96.0,127,1.0,23.62,75.59
050704010,331.0,675.0,1020,14.0,32.45,66.18
050704011,138.0,167.0,309,4.0,44.66,54.05
050704013,95.0,94.0,190,1.0,50.0,49.47
050704015,103.0,79.0,186,4.0,55.38,42.47
050705001,670.0,952.0,1648,26.0,40.66,57.77
050705002,182.0,163.0,347,2.0,52.45,46.97
050705003,55.0,68.0,125,2.0,44.0,54.4
050705004,144.0,122.0,269,3.0,53.53,45.35
050801001,338.0,1038.0,1399,23.0,24.16,74.2
050801002,204.0,436.0,658,18.0,31.0,66.26
050801006,117.0,202.0,327,8.0,35.78,61.77
050801008,167.0,334.0,504,3.0,33.13,66.27
050801010,43.0,61.0,104,0.0,41.35,58.65
050801013,186.0,266.0,458,6.0,40.61,58.08
050801014,16.0,38.0,55,1.0,29.09,69.09
050802001,189.0,923.0,1119,7.0,16.89,82.48
050802005,36.0,184.0,224,4.0,16.07,82.14
050802006,83.0,88.0,172,1.0,48.26,51.16
050802007,57.0,41.0,98,0.0,58.16,41.84
050803001,470.0,681.0,1163,12.0,40.41,58.56
050803002,59.0,43.0,106,4.0,55.66,40.57
050804003,56.0,203.0,260,1.0,21.54,78.08
050805001,401.0,548.0,955,6.0,41.99,57.38
050805002,220.0,457.0,692,15.0,31.79,66.04
050805003,338.0,701.0,1057,18.0,31.98,66.32
050805004,227.0,270.0,505,8.0,44.95,53.47
050805006,62.0,89.0,152,1.0,40.79,58.55
050805007,241.0,500.0,757,16.0,31.84,66.05
050805008,335.0,333.0,688,20.0,48.69,48.4
050805009,125.0,254.0,381,2.0,32.81,66.67
050805010,74.0,129.0,206,3.0,35.92,62.62
050805012,53.0,34.0,90,3.0,58.89,37.78
050805013,40.0,18.0,62,4.0,64.52,29.03
050901001,252.0,823.0,1093,18.0,23.06,75.3
050901003,148.0,267.0,426,11.0,34.74,62.68
050901004,316.0,532.0,858,10.0,36.83,62.0
050901005,126.0,88.0,222,8.0,56.76,39.64
050901006,47.0,50.0,100,3.0,47.0,50.0
050901008,71.0,91.0,163,1.0,43.56,55.83
050901009,177.0,319.0,499,3.0,35.47,63.93
050901010,65.0,71.0,137,1.0,47.45,51.82
050901011,104.0,37.0,146,5.0,71.23,25.34
050902001,316.0,859.0,1204,29.0,26.25,71.35
050902002,367.0,863.0,1248,18.0,29.41,69.15
050902003,238.0,204.0,452,10.0,52.65,45.13
050902004,331.0,559.0,899,9.0,36.82,62.18
050902005,346.0,485.0,840,9.0,41.19,57.74
050902006,274.0,343.0,631,14.0,43.42,54.36
050902007,333.0,920.0,1264,11.0,26.34,72.78
050902008,143.0,198.0,355,14.0,40.28,55.77
050902009,374.0,271.0,661,16.0,56.58,41.0
050902010,208.0,389.0,612,15.0,33.99,63.56
050902011,189.0,389.0,595,17.0,31.76,65.38
050902012,204.0,215.0,428,9.0,47.66,50.23
050902013,220.0,570.0,796,6.0,27.64,71.61
050902014,258.0,161.0,425,6.0,60.71,37.88
050902015,601.0,935.0,1566,30.0,38.38,59.71
050902017,185.0,270.0,471,16.0,39.28,57.32
050902018,133.0,312.0,449,4.0,29.62,69.49
050902019,194.0,450.0,651,7.0,29.8,69.12
050902020,297.0,179.0,483,7.0,61.49,37.06
050902021,76.0,115.0,197,6.0,38.58,58.38
050902022,363.0,762.0,1136,11.0,31.95,67.08
050902023,245.0,148.0,400,7.0,61.25,37.0
050902025,77.0,136.0,219,6.0,35.16,62.1
050902027,182.0,133.0,320,5.0,56.88,41.56
050902029,89.0,163.0,254,2.0,35.04,64.17
050902030,169.0,103.0,280,8.0,60.36,36.79
050902031,51.0,80.0,132,1.0,38.64,60.61
050902032,97.0,67.0,169,5.0,57.4,39.64
050902033,114.0,39.0,154,1.0,74.03,25.32
050902034,171.0,154.0,329,4.0,51.98,46.81
051001001,255.0,2028.0,2316,33.0,11.01,87.56
051001002,241.0,1981.0,2250,28.0,10.71,88.04
051001003,179.0,1517.0,1711,15.0,10.46,88.66
051001005,285.0,1623.0,1931,23.0,14.76,84.05
051001006,226.0,1384.0,1629,19.0,13.87,84.96
051001007,145.0,1257.0,1425,23.0,10.18,88.21
051001008,28.0,450.0,486,8.0,5.76,92.59
051001009,146.0,962.0,1124,16.0,12.99,85.59
051001010,224.0,1123.0,1371,24.0,16.34,81.91
051001011,201.0,1748.0,1969,20.0,10.21,88.78
051001012,324.0,2657.0,3009,28.0,10.77,88.3
051001014,27.0,242.0,273,4.0,9.89,88.64
051001016,249.0,930.0,1206,27.0,20.65,77.11
051001017,203.0,857.0,1088,28.0,18.66,78.77
051001018,181.0,732.0,922,9.0,19.63,79.39
051001019,184.0,493.0,690,13.0,26.67,71.45
051001020,191.0,707.0,922,24.0,20.72,76.68
051001021,133.0,342.0,483,8.0,27.54,70.81
051001022,152.0,399.0,558,7.0,27.24,71.51
051001023,22.0,191.0,214,1.0,10.28,89.25
051001024,84.0,281.0,365,0.0,23.01,76.99
051001025,26.0,179.0,206,1.0,12.62,86.89
051001026,33.0,187.0,227,7.0,14.54,82.38
051001027,43.0,192.0,237,2.0,18.14,81.01
051001028,36.0,311.0,350,3.0,10.29,88.86
051002001,186.0,1336.0,1543,21.0,12.05,86.58
051002002,343.0,886.0,1243,14.0,27.59,71.28
051002003,114.0,294.0,415,7.0,27.47,70.84
051002004,69.0,174.0,247,4.0,27.94,70.45
051002006,76.0,342.0,423,5.0,17.97,80.85
051003001,62.0,416.0,481,3.0,12.89,86.49
051003002,349.0,1862.0,2245,34.0,15.55,82.94
051003003,59.0,107.0,168,2.0,35.12,63.69
051003005,30.0,180.0,212,2.0,14.15,84.91
051003007,93.0,300.0,402,9.0,23.13,74.63
051101001,199.0,703.0,917,15.0,21.7,76.66
051101002,299.0,949.0,1260,12.0,23.73,75.32
051101003,239.0,624.0,873,10.0,27.38,71.48
051101004,156.0,221.0,381,4.0,40.94,58.01
051101005,95.0,262.0,362,5.0,26.24,72.38
051101007,239.0,554.0,811,18.0,29.47,68.31
051101008,160.0,306.0,471,5.0,33.97,64.97
051101009,33.0,94.0,127,0.0,25.98,74.02
051101010,202.0,840.0,1047,5.0,19.29,80.23
051101012,81.0,153.0,243,9.0,33.33,62.96
051101013,23.0,86.0,113,4.0,20.35,76.11
051101014,49.0,160.0,212,3.0,23.11,75.47
051101015,35.0,127.0,162,0.0,21.6,78.4
051101016,312.0,867.0,1200,21.0,26.0,72.25
051101018,58.0,85.0,144,1.0,40.28,59.03
051101022,84.0,188.0,274,2.0,30.66,68.61
051101023,89.0,165.0,260,6.0,34.23,63.46
051101024,85.0,87.0,173,1.0,49.13,50.29
051101025,74.0,42.0,117,1.0,63.25,35.9
051101026,64.0,92.0,156,0.0,41.03,58.97
051101027,80.0,104.0,185,1.0,43.24,56.22
051101028,105.0,104.0,215,6.0,48.84,48.37
051101029,95.0,121.0,222,6.0,42.79,54.5
051102002,165.0,480.0,652,7.0,25.31,73.62
051102003,97.0,259.0,361,5.0,26.87,71.75
051102004,58.0,189.0,247,0.0,23.48,76.52
051102006,31.0,130.0,164,3.0,18.9,79.27
051103003,25.0,53.0,78,0.0,32.05,67.95
051201001,253.0,1314.0,1584,17.0,15.97,82.95
051201002,28.0,167.0,201,6.0,13.93,83.08
051201003,72.0,530.0,606,4.0,11.88,87.46
051201005,81.0,422.0,510,7.0,15.88,82.75
051201006,71.0,471.0,547,5.0,12.98,86.11
051201007,48.0,165.0,215,2.0,22.33,76.74
051201008,104.0,100.0,207,3.0,50.24,48.31
051201009,84.0,79.0,164,1.0,51.22,48.17
051202001,182.0,1257.0,1460,21.0,12.47,86.1
051202002,14.0,88.0,104,2.0,13.46,84.62
051202003,37.0,284.0,330,9.0,11.21,86.06
051202004,16.0,270.0,288,2.0,5.56,93.75
051202005,7.0,39.0,49,3.0,14.29,79.59
051202006,42.0,64.0,108,2.0,38.89,59.26
051202007,84.0,94.0,183,5.0,45.9,51.37
051203001,93.0,397.0,493,3.0,18.86,80.53
051203002,78.0,289.0,374,7.0,20.86,77.27
051203003,98.0,138.0,239,3.0,41.0,57.74
051203004,15.0,128.0,145,2.0,10.34,88.28
051203005,71.0,205.0,278,2.0,25.54,73.74
051203006,49.0,145.0,195,1.0,25.13,74.36
051203007,49.0,42.0,94,3.0,52.13,44.68
060101003,250.0,688.0,956,18.0,26.15,71.97
060101005,348.0,1309.0,1691,34.0,20.58,77.41
060101006,423.0,973.0,1440,44.0,29.38,67.57
060101007,452.0,2131.0,2633,50.0,17.17,80.93
060101008,203.0,558.0,783,22.0,25.93,71.26
060101009,62.0,193.0,260,5.0,23.85,74.23
060101012,168.0,710.0,892,14.0,18.83,79.6
060101014,93.0,328.0,431,10.0,21.58,76.1
060101016,507.0,1381.0,1942,54.0,26.11,71.11
060101018,227.0,660.0,901,14.0,25.19,73.25
060101019,335.0,981.0,1344,28.0,24.93,72.99
060101020,347.0,1225.0,1607,35.0,21.59,76.23
060101022,628.0,1203.0,1883,52.0,33.35,63.89
060101023,595.0,1358.0,1996,43.0,29.81,68.04
060101025,185.0,491.0,699,23.0,26.47,70.24
060101026,92.0,244.0,345,9.0,26.67,70.72
060101027,420.0,1730.0,2196,46.0,19.13,78.78
060101033,104.0,180.0,288,4.0,36.11,62.5
060101034,47.0,112.0,163,4.0,28.83,68.71
060101035,107.0,186.0,299,6.0,35.79,62.21
060101037,443.0,1417.0,1897,37.0,23.35,74.7
060101038,64.0,129.0,194,1.0,32.99,66.49
060101044,84.0,120.0,206,2.0,40.78,58.25
060101045,64.0,118.0,188,6.0,34.04,62.77
060101050,131.0,151.0,290,8.0,45.17,52.07
060101051,75.0,131.0,211,5.0,35.55,62.09
060101054,75.0,84.0,163,4.0,46.01,51.53
060102001,315.0,676.0,1029,38.0,30.61,65.69
060102009,210.0,380.0,625,35.0,33.6,60.8
060102013,267.0,575.0,877,35.0,30.44,65.56
060102019,231.0,260.0,515,24.0,44.85,50.49
060102023,178.0,296.0,490,16.0,36.33,60.41
060102037,122.0,287.0,426,17.0,28.64,67.37
060103002,869.0,1919.0,2874,86.0,30.24,66.77
060103006,125.0,412.0,553,16.0,22.6,74.5
060103007,491.0,1165.0,1704,48.0,28.81,68.37
060103010,754.0,1080.0,1920,86.0,39.27,56.25
060103011,659.0,1091.0,1830,80.0,36.01,59.62
060103013,123.0,320.0,455,12.0,27.03,70.33
060103017,132.0,133.0,278,13.0,47.48,47.84
060103019,245.0,245.0,508,18.0,48.23,48.23
060103032,200.0,208.0,429,21.0,46.62,48.48
060103033,71.0,124.0,201,6.0,35.32,61.69
060103036,138.0,170.0,316,8.0,43.67,53.8
060104001,415.0,1156.0,1620,49.0,25.62,71.36
060104002,225.0,690.0,942,27.0,23.89,73.25
060104004,165.0,430.0,607,12.0,27.18,70.84
060104005,243.0,505.0,765,17.0,31.76,66.01
060104012,269.0,552.0,846,25.0,31.8,65.25
060104014,465.0,1103.0,1610,42.0,28.88,68.51
060104015,146.0,302.0,470,22.0,31.06,64.26
060104019,243.0,205.0,465,17.0,52.26,44.09
060104021,498.0,866.0,1420,56.0,35.07,60.99
060104023,152.0,180.0,352,20.0,43.18,51.14
060104025,134.0,193.0,336,9.0,39.88,57.44
060104032,94.0,244.0,350,12.0,26.86,69.71
060104033,96.0,221.0,323,6.0,29.72,68.42
060104042,87.0,186.0,276,3.0,31.52,67.39
060104045,100.0,131.0,247,16.0,40.49,53.04
060104050,109.0,126.0,239,4.0,45.61,52.72
060104051,132.0,214.0,359,13.0,36.77,59.61
060105001,164.0,406.0,580,10.0,28.28,70.0
060105002,173.0,411.0,603,19.0,28.69,68.16
060105004,655.0,1716.0,2444,73.0,26.8,70.21
060105005,122.0,392.0,524,10.0,23.28,74.81
060105007,330.0,797.0,1161,34.0,28.42,68.65
060105009,613.0,1490.0,2179,76.0,28.13,68.38
060105010,519.0,1505.0,2070,46.0,25.07,72.71
060105013,216.0,654.0,895,25.0,24.13,73.07
060105015,375.0,1260.0,1668,33.0,22.48,75.54
060105016,526.0,1430.0,2001,45.0,26.29,71.46
060105021,223.0,592.0,837,22.0,26.64,70.73
060105023,534.0,1467.0,2045,44.0,26.11,71.74
060105025,79.0,129.0,212,4.0,37.26,60.85
060105032,155.0,230.0,392,7.0,39.54,58.67
060105043,110.0,98.0,215,7.0,51.16,45.58
060105044,63.0,131.0,196,2.0,32.14,66.84
060105048,134.0,129.0,273,10.0,49.08,47.25
060106002,346.0,938.0,1316,32.0,26.29,71.28
060106003,148.0,747.0,919,24.0,16.1,81.28
060106004,95.0,605.0,711,11.0,13.36,85.09
060106005,281.0,1339.0,1647,27.0,17.06,81.3
060106006,156.0,729.0,909,24.0,17.16,80.2
060106008,264.0,879.0,1166,23.0,22.64,75.39
060106009,175.0,581.0,781,25.0,22.41,74.39
060106010,227.0,1006.0,1250,17.0,18.16,80.48
060106011,66.0,720.0,797,11.0,8.28,90.34
060106012,295.0,1436.0,1763,32.0,16.73,81.45
060106013,290.0,1472.0,1783,21.0,16.26,82.56
060106015,172.0,1353.0,1543,18.0,11.15,87.69
060106016,175.0,785.0,983,23.0,17.8,79.86
060106018,82.0,458.0,544,4.0,15.07,84.19
060107001,120.0,789.0,927,18.0,12.94,85.11
060107002,219.0,1309.0,1557,29.0,14.07,84.07
060107003,154.0,949.0,1123,20.0,13.71,84.51
060107004,254.0,2000.0,2296,42.0,11.06,87.11
060107005,441.0,769.0,1252,42.0,35.22,61.42
060107006,264.0,1983.0,2273,26.0,11.61,87.24
060107007,125.0,708.0,847,14.0,14.76,83.59
060107008,213.0,1350.0,1592,29.0,13.38,84.8
060107009,197.0,1451.0,1676,28.0,11.75,86.58
060107010,315.0,2177.0,2525,33.0,12.48,86.22
060107011,101.0,398.0,512,13.0,19.73,77.73
060107013,73.0,134.0,214,7.0,34.11,62.62
060108001,148.0,281.0,440,11.0,33.64,63.86
060108002,388.0,1478.0,1907,41.0,20.35,77.5
060108003,140.0,445.0,598,13.0,23.41,74.41
060108004,278.0,1349.0,1669,42.0,16.66,80.83
060108005,257.0,1342.0,1629,30.0,15.78,82.38
060108006,249.0,355.0,634,30.0,39.27,55.99
060108007,425.0,1561.0,2040,54.0,20.83,76.52
060108008,371.0,716.0,1146,59.0,32.37,62.48
060108009,152.0,301.0,462,9.0,32.9,65.15
060108010,196.0,611.0,824,17.0,23.79,74.15
060108011,410.0,1609.0,2058,39.0,19.92,78.18
060108012,572.0,1569.0,2225,84.0,25.71,70.52
060108014,788.0,2699.0,3569,82.0,22.08,75.62
060108015,594.0,2148.0,2795,53.0,21.25,76.85
060108017,152.0,762.0,940,26.0,16.17,81.06
060108018,279.0,1292.0,1609,38.0,17.34,80.3
060108019,793.0,3870.0,4767,104.0,16.64,81.18
060108020,676.0,3232.0,3992,84.0,16.93,80.96
060108022,116.0,711.0,837,10.0,13.86,84.95
060108025,848.0,2834.0,3767,85.0,22.51,75.23
060108026,129.0,197.0,333,7.0,38.74,59.16
060108027,288.0,800.0,1099,11.0,26.21,72.79
060108029,407.0,1151.0,1611,53.0,25.26,71.45
060108030,126.0,261.0,412,25.0,30.58,63.35
060108034,151.0,235.0,394,8.0,38.32,59.64
060108035,849.0,2637.0,3620,134.0,23.45,72.85
060108036,202.0,357.0,575,16.0,35.13,62.09
060108037,96.0,355.0,455,4.0,21.1,78.02
060108041,192.0,163.0,363,8.0,52.89,44.9
060108042,305.0,485.0,822,32.0,37.1,59.0
060108043,211.0,289.0,510,10.0,41.37,56.67
060108044,121.0,105.0,234,8.0,51.71,44.87
060108045,225.0,277.0,517,15.0,43.52,53.58
060108046,129.0,213.0,356,14.0,36.24,59.83
060108049,222.0,276.0,515,17.0,43.11,53.59
060108050,150.0,232.0,393,11.0,38.17,59.03
060108052,107.0,416.0,534,11.0,20.04,77.9
060108053,234.0,1349.0,1609,26.0,14.54,83.84
060108056,168.0,273.0,457,16.0,36.76,59.74
060109005,521.0,688.0,1246,37.0,41.81,55.22
060110007,334.0,331.0,713,48.0,46.84,46.42
060111002,67.0,19.0,91,5.0,73.63,20.88
060111003,372.0,179.0,577,26.0,64.47,31.02
060201001,143.0,304.0,456,9.0,31.36,66.67
060201002,210.0,447.0,679,22.0,30.93,65.83
060201003,121.0,73.0,197,3.0,61.42,37.06
060201004,556.0,1013.0,1601,32.0,34.73,63.27
060201005,559.0,817.0,1397,21.0,40.01,58.48
060201006,161.0,64.0,225,0.0,71.56,28.44
060201009,50.0,54.0,106,2.0,47.17,50.94
060201010,488.0,1232.0,1764,44.0,27.66,69.84
060201011,361.0,1023.0,1409,25.0,25.62,72.6
060201012,393.0,884.0,1307,30.0,30.07,67.64
060201013,86.0,96.0,186,4.0,46.24,51.61
060201015,201.0,199.0,418,18.0,48.09,47.61
060201016,173.0,460.0,645,12.0,26.82,71.32
060201017,242.0,749.0,1009,18.0,23.98,74.23
060201018,56.0,124.0,192,12.0,29.17,64.58
060201020,167.0,123.0,295,5.0,56.61,41.69
060201021,148.0,27.0,178,3.0,83.15,15.17
060201022,143.0,68.0,215,4.0,66.51,31.63
060201023,163.0,67.0,238,8.0,68.49,28.15
060201024,59.0,60.0,121,2.0,48.76,49.59
060201025,165.0,304.0,473,4.0,34.88,64.27
060201027,174.0,280.0,459,5.0,37.91,61.0
060201028,335.0,487.0,842,20.0,39.79,57.84
060201031,248.0,346.0,602,8.0,41.2,57.48
060201032,47.0,85.0,134,2.0,35.07,63.43
060201033,108.0,74.0,186,4.0,58.06,39.78
060201034,139.0,115.0,260,6.0,53.46,44.23
060201035,109.0,83.0,198,6.0,55.05,41.92
060201036,50.0,78.0,129,1.0,38.76,60.47
060201037,91.0,77.0,170,2.0,53.53,45.29
060201038,99.0,168.0,272,5.0,36.4,61.76
060202004,194.0,114.0,315,7.0,61.59,36.19
060202006,44.0,149.0,199,6.0,22.11,74.87
060202010,164.0,179.0,347,4.0,47.26,51.59
060204003,268.0,87.0,361,6.0,74.24,24.1
060301001,294.0,1295.0,1627,38.0,18.07,79.59
060301002,174.0,750.0,940,16.0,18.51,79.79
060301003,333.0,1105.0,1474,36.0,22.59,74.97
060301004,231.0,990.0,1247,26.0,18.52,79.39
060301005,237.0,1059.0,1322,26.0,17.93,80.11
060301006,221.0,788.0,1041,32.0,21.23,75.7
060301007,154.0,503.0,668,11.0,23.05,75.3
060301008,208.0,624.0,848,16.0,24.53,73.58
060301009,182.0,961.0,1164,21.0,15.64,82.56
060301010,168.0,546.0,734,20.0,22.89,74.39
060301011,210.0,620.0,859,29.0,24.45,72.18
060301014,78.0,247.0,331,6.0,23.56,74.62
060301015,197.0,651.0,874,26.0,22.54,74.49
060301017,357.0,904.0,1290,29.0,27.67,70.08
060301018,172.0,634.0,828,22.0,20.77,76.57
060301019,70.0,266.0,339,3.0,20.65,78.47
060301020,93.0,314.0,419,12.0,22.2,74.94
060301021,84.0,314.0,406,8.0,20.69,77.34
060301022,136.0,635.0,793,22.0,17.15,80.08
060301023,125.0,830.0,968,13.0,12.91,85.74
060301024,65.0,244.0,317,8.0,20.5,76.97
060301025,183.0,1053.0,1254,18.0,14.59,83.97
060301026,108.0,456.0,573,9.0,18.85,79.58
060301027,140.0,1158.0,1313,15.0,10.66,88.19
060301028,42.0,282.0,332,8.0,12.65,84.94
060301029,56.0,235.0,296,5.0,18.92,79.39
060301030,54.0,230.0,294,10.0,18.37,78.23
060301031,182.0,497.0,691,12.0,26.34,71.92
060301038,85.0,149.0,239,5.0,35.56,62.34
060301039,83.0,121.0,207,3.0,40.1,58.45
060301040,82.0,135.0,220,3.0,37.27,61.36
060301041,61.0,130.0,192,1.0,31.77,67.71
060301042,45.0,129.0,178,4.0,25.28,72.47
060301043,44.0,93.0,140,3.0,31.43,66.43
060301044,59.0,154.0,221,8.0,26.7,69.68
060301045,56.0,233.0,295,6.0,18.98,78.98
060301046,13.0,28.0,43,2.0,30.23,65.12
060301049,59.0,102.0,164,3.0,35.98,62.2
060301050,73.0,147.0,224,4.0,32.59,65.62
060301051,57.0,92.0,155,6.0,36.77,59.35
060301052,36.0,81.0,121,4.0,29.75,66.94
060301053,64.0,145.0,217,8.0,29.49,66.82
060301054,49.0,117.0,170,4.0,28.82,68.82
060301055,51.0,132.0,186,3.0,27.42,70.97
060302002,239.0,733.0,994,22.0,24.04,73.74
060302003,330.0,1715.0,2100,55.0,15.71,81.67
060302005,169.0,704.0,894,21.0,18.9,78.75
060302007,145.0,343.0,510,22.0,28.43,67.25
060302008,614.0,1986.0,2655,55.0,23.13,74.8
060302009,47.0,154.0,208,7.0,22.6,74.04
060302010,332.0,1070.0,1455,53.0,22.82,73.54
060302011,358.0,1528.0,1928,42.0,18.57,79.25
060302012,235.0,900.0,1171,36.0,20.07,76.86
060302013,314.0,1225.0,1564,25.0,20.08,78.32
060302014,175.0,698.0,894,21.0,19.57,78.08
060302015,219.0,553.0,804,32.0,27.24,68.78
060302016,213.0,497.0,725,15.0,29.38,68.55
060302017,114.0,361.0,486,11.0,23.46,74.28
060302018,371.0,695.0,1105,39.0,33.57,62.9
060302019,159.0,619.0,799,21.0,19.9,77.47
060302021,174.0,364.0,559,21.0,31.13,65.12
060302023,83.0,150.0,241,8.0,34.44,62.24
060302024,125.0,324.0,462,13.0,27.06,70.13
060302025,230.0,508.0,782,44.0,29.41,64.96
060302036,343.0,585.0,955,27.0,35.92,61.26
060302037,101.0,162.0,279,16.0,36.2,58.06
060302038,52.0,58.0,116,6.0,44.83,50.0
060302039,31.0,66.0,98,1.0,31.63,67.35
060302040,65.0,217.0,288,6.0,22.57,75.35
060302041,100.0,365.0,475,10.0,21.05,76.84
060302045,95.0,132.0,232,5.0,40.95,56.9
060302046,161.0,265.0,435,9.0,37.01,60.92
060303001,163.0,649.0,830,18.0,19.64,78.19
060303003,280.0,1096.0,1416,40.0,19.77,77.4
060303004,190.0,985.0,1194,19.0,15.91,82.5
060303005,240.0,992.0,1264,32.0,18.99,78.48
060303006,130.0,676.0,830,24.0,15.66,81.45
060303007,165.0,851.0,1035,19.0,15.94,82.22
060303009,180.0,741.0,943,22.0,19.09,78.58
060303010,337.0,1329.0,1695,29.0,19.88,78.41
060303011,292.0,779.0,1118,47.0,26.12,69.68
060303012,383.0,1310.0,1725,32.0,22.2,75.94
060303013,224.0,800.0,1051,27.0,21.31,76.12
060303014,443.0,1587.0,2078,48.0,21.32,76.37
060303015,397.0,1112.0,1547,38.0,25.66,71.88
060303016,206.0,938.0,1166,22.0,17.67,80.45
060303017,249.0,1097.0,1372,26.0,18.15,79.96
060303018,238.0,1057.0,1330,35.0,17.89,79.47
060303019,177.0,367.0,553,9.0,32.01,66.37
060303020,508.0,1869.0,2427,50.0,20.93,77.01
060303025,52.0,146.0,200,2.0,26.0,73.0
060303026,157.0,453.0,625,15.0,25.12,72.48
060303027,185.0,353.0,561,23.0,32.98,62.92
060303030,67.0,152.0,221,2.0,30.32,68.78
060303031,179.0,413.0,611,19.0,29.3,67.59
060303032,66.0,160.0,234,8.0,28.21,68.38
060303033,63.0,111.0,179,5.0,35.2,62.01
060303034,76.0,88.0,168,4.0,45.24,52.38
060303035,64.0,106.0,175,5.0,36.57,60.57
060303036,154.0,340.0,519,25.0,29.67,65.51
060303038,74.0,152.0,231,5.0,32.03,65.8
060303039,95.0,168.0,269,6.0,35.32,62.45
060303041,107.0,231.0,344,6.0,31.1,67.15
060303042,68.0,101.0,173,4.0,39.31,58.38
060303043,68.0,208.0,281,5.0,24.2,74.02
060303044,77.0,153.0,241,11.0,31.95,63.49
060303045,33.0,99.0,135,3.0,24.44,73.33
060303047,40.0,115.0,161,6.0,24.84,71.43
060303048,48.0,114.0,170,8.0,28.24,67.06
060303049,166.0,373.0,550,11.0,30.18,67.82
060303050,119.0,261.0,387,7.0,30.75,67.44
060303051,49.0,104.0,155,2.0,31.61,67.1
060303052,157.0,399.0,572,16.0,27.45,69.76
060303053,112.0,380.0,512,20.0,21.88,74.22
060303054,153.0,272.0,435,10.0,35.17,62.53
060303055,52.0,129.0,186,5.0,27.96,69.35
060303056,99.0,112.0,221,10.0,44.8,50.68
060304001,245.0,872.0,1134,17.0,21.6,76.9
060304002,263.0,843.0,1138,32.0,23.11,74.08
060304003,98.0,527.0,637,12.0,15.38,82.73
060304004,75.0,453.0,535,7.0,14.02,84.67
060304005,44.0,446.0,493,3.0,8.92,90.47
060304006,239.0,698.0,958,21.0,24.95,72.86
060304007,117.0,1162.0,1292,13.0,9.06,89.94
060304008,140.0,821.0,972,11.0,14.4,84.47
060304009,430.0,1473.0,1965,62.0,21.88,74.96
060304010,209.0,746.0,981,26.0,21.3,76.04
060304012,157.0,625.0,798,16.0,19.67,78.32
060304013,175.0,999.0,1187,13.0,14.74,84.16
060304014,265.0,1389.0,1673,19.0,15.84,83.02
060304015,138.0,548.0,694,8.0,19.88,78.96
060304016,224.0,1077.0,1321,20.0,16.96,81.53
060304017,219.0,1053.0,1294,22.0,16.92,81.38
060304018,95.0,193.0,301,13.0,31.56,64.12
060304019,148.0,599.0,760,13.0,19.47,78.82
060304021,51.0,268.0,326,7.0,15.64,82.21
060304022,55.0,521.0,589,13.0,9.34,88.46
060304027,86.0,249.0,340,5.0,25.29,73.24
060304030,313.0,527.0,879,39.0,35.61,59.95
060304031,291.0,869.0,1181,21.0,24.64,73.58
060304032,224.0,506.0,743,13.0,30.15,68.1
060304033,65.0,171.0,240,4.0,27.08,71.25
060305001,151.0,258.0,413,4.0,36.56,62.47
060305002,203.0,679.0,903,21.0,22.48,75.19
060305003,303.0,596.0,920,21.0,32.93,64.78
060305004,141.0,240.0,390,9.0,36.15,61.54
060305005,547.0,1134.0,1726,45.0,31.69,65.7
060305007,281.0,829.0,1128,18.0,24.91,73.49
060305009,396.0,1258.0,1690,36.0,23.43,74.44
060305011,191.0,458.0,661,12.0,28.9,69.29
060305012,181.0,245.0,439,13.0,41.23,55.81
060305019,306.0,675.0,1008,27.0,30.36,66.96
060305022,121.0,301.0,434,12.0,27.88,69.35
060305023,170.0,271.0,455,14.0,37.36,59.56
060305024,99.0,101.0,205,5.0,48.29,49.27
060305026,149.0,120.0,281,12.0,53.02,42.7
060306003,535.0,993.0,1576,48.0,33.95,63.01
060306004,535.0,1214.0,1813,64.0,29.51,66.96
060306005,596.0,1582.0,2248,70.0,26.51,70.37
060306006,294.0,492.0,827,41.0,35.55,59.49
060306007,146.0,311.0,472,15.0,30.93,65.89
060306008,132.0,256.0,404,16.0,32.67,63.37
060306009,165.0,211.0,381,5.0,43.31,55.38
060306010,37.0,50.0,92,5.0,40.22,54.35
060306011,340.0,522.0,902,40.0,37.69,57.87
060306012,646.0,1337.0,2058,75.0,31.39,64.97
060306014,70.0,90.0,163,3.0,42.94,55.21
060306020,21.0,114.0,138,3.0,15.22,82.61
060306021,177.0,133.0,320,10.0,55.31,41.56
060306022,116.0,183.0,311,12.0,37.3,58.84
060306023,57.0,105.0,165,3.0,34.55,63.64
060306024,64.0,37.0,105,4.0,60.95,35.24
060306025,183.0,302.0,516,31.0,35.47,58.53
060306028,100.0,116.0,228,12.0,43.86,50.88
060306029,50.0,130.0,185,5.0,27.03,70.27
060307002,386.0,95.0,490,9.0,78.78,19.39
060307003,255.0,166.0,436,15.0,58.49,38.07
060307004,24.0,30.0,56,2.0,42.86,53.57
060308001,119.0,189.0,316,8.0,37.66,59.81
060308002,167.0,147.0,326,12.0,51.23,45.09
060308004,53.0,101.0,168,14.0,31.55,60.12
060308006,16.0,61.0,80,3.0,20.0,76.25
060308008,69.0,40.0,116,7.0,59.48,34.48
060309002,31.0,19.0,52,2.0,59.62,36.54
060309003,72.0,67.0,139,0.0,51.8,48.2
060309004,42.0,49.0,94,3.0,44.68,52.13
060309005,58.0,92.0,152,2.0,38.16,60.53
060309006,31.0,21.0,52,0.0,59.62,40.38
060309007,57.0,107.0,170,6.0,33.53,62.94
060309009,54.0,63.0,122,5.0,44.26,51.64
060401001,60.0,343.0,414,11.0,14.49,82.85
060401003,602.0,2595.0,3256,59.0,18.49,79.7
060401004,169.0,672.0,866,25.0,19.52,77.6
060401005,357.0,1312.0,1701,32.0,20.99,77.13
060401006,357.0,334.0,722,31.0,49.45,46.26
060401007,471.0,2434.0,2976,71.0,15.83,81.79
060401008,117.0,893.0,1022,12.0,11.45,87.38
060401010,236.0,1015.0,1284,33.0,18.38,79.05
060401011,432.0,2366.0,2846,48.0,15.18,83.13
060401012,160.0,904.0,1082,18.0,14.79,83.55
060401013,565.0,2291.0,2928,72.0,19.3,78.24
060401014,422.0,1959.0,2439,58.0,17.3,80.32
060401015,276.0,1767.0,2081,38.0,13.26,84.91
060401016,302.0,1076.0,1418,40.0,21.3,75.88
060401017,254.0,1496.0,1786,36.0,14.22,83.76
060401018,150.0,673.0,836,13.0,17.94,80.5
060401019,143.0,498.0,656,15.0,21.8,75.91
060401020,295.0,1867.0,2203,41.0,13.39,84.75
060401021,228.0,277.0,523,18.0,43.59,52.96
060401022,127.0,600.0,764,37.0,16.62,78.53
060401023,255.0,553.0,845,37.0,30.18,65.44
060401024,311.0,930.0,1295,54.0,24.02,71.81
060401025,243.0,603.0,868,22.0,28.0,69.47
060401026,9.0,57.0,67,1.0,13.43,85.07
060401027,125.0,471.0,628,32.0,19.9,75.0
060401028,89.0,329.0,429,11.0,20.75,76.69
060401029,102.0,223.0,345,20.0,29.57,64.64
060401030,265.0,1176.0,1475,34.0,17.97,79.73
060401031,115.0,659.0,798,24.0,14.41,82.58
060401032,322.0,637.0,970,11.0,33.2,65.67
060401033,516.0,1337.0,1902,49.0,27.13,70.29
060401034,352.0,955.0,1327,20.0,26.53,71.97
060401035,237.0,443.0,707,27.0,33.52,62.66
060401037,185.0,305.0,494,4.0,37.45,61.74
060401041,179.0,176.0,365,10.0,49.04,48.22
060401042,112.0,193.0,311,6.0,36.01,62.06
060401043,170.0,108.0,289,11.0,58.82,37.37
060401044,103.0,103.0,222,16.0,46.4,46.4
060402001,119.0,500.0,629,10.0,18.92,79.49
060402002,157.0,470.0,640,13.0,24.53,73.44
060402003,316.0,500.0,848,32.0,37.26,58.96
060402004,140.0,291.0,440,9.0,31.82,66.14
060402005,83.0,273.0,363,7.0,22.87,75.21
060402006,174.0,121.0,313,18.0,55.59,38.66
060402008,110.0,280.0,392,2.0,28.06,71.43
060402009,92.0,78.0,178,8.0,51.69,43.82
060403001,564.0,1919.0,2570,87.0,21.95,74.67
060403002,24.0,74.0,100,2.0,24.0,74.0
060403003,134.0,244.0,388,10.0,34.54,62.89
060403004,51.0,82.0,143,10.0,35.66,57.34
060403005,93.0,22.0,115,0.0,80.87,19.13
060403009,89.0,117.0,222,16.0,40.09,52.7
060501003,229.0,485.0,734,20.0,31.2,66.08
060501004,143.0,483.0,643,17.0,22.24,75.12
060501006,294.0,797.0,1125,34.0,26.13,70.84
060501007,529.0,1911.0,2502,62.0,21.14,76.38
060501009,90.0,270.0,367,7.0,24.52,73.57
060501010,487.0,1772.0,2319,60.0,21.0,76.41
060501012,210.0,915.0,1157,32.0,18.15,79.08
060501013,76.0,216.0,297,5.0,25.59,72.73
060501015,17.0,63.0,81,1.0,20.99,77.78
060501016,200.0,597.0,815,18.0,24.54,73.25
060501017,101.0,249.0,357,7.0,28.29,69.75
060501018,40.0,102.0,148,6.0,27.03,68.92
060502001,191.0,403.0,604,10.0,31.62,66.72
060502002,88.0,223.0,320,9.0,27.5,69.69
060601001,28.0,30.0,61,3.0,45.9,49.18
060601002,730.0,837.0,1595,28.0,45.77,52.48
060601003,518.0,450.0,990,22.0,52.32,45.45
060602001,122.0,114.0,241,5.0,50.62,47.3
060603002,47.0,26.0,73,0.0,64.38,35.62
060604001,214.0,285.0,514,15.0,41.63,55.45
060604002,135.0,143.0,287,9.0,47.04,49.83
060604003,123.0,68.0,197,6.0,62.44,34.52
060604005,40.0,24.0,64,0.0,62.5,37.5
060604006,97.0,27.0,129,5.0,75.19,20.93
060604007,156.0,199.0,376,21.0,41.49,52.93
060604008,183.0,88.0,279,8.0,65.59,31.54
060604009,253.0,171.0,443,19.0,57.11,38.6
060604011,91.0,38.0,134,5.0,67.91,28.36
060604014,42.0,20.0,63,1.0,66.67,31.75
060605001,328.0,311.0,652,13.0,50.31,47.7
060605002,651.0,734.0,1424,39.0,45.72,51.54
060605003,195.0,104.0,313,14.0,62.3,33.23
060605004,304.0,248.0,567,15.0,53.62,43.74
060605007,197.0,272.0,487,18.0,40.45,55.85
060701001,232.0,769.0,1042,41.0,22.26,73.8
060701002,170.0,687.0,882,25.0,19.27,77.89
060701003,310.0,1064.0,1406,32.0,22.05,75.68
060701004,220.0,849.0,1100,31.0,20.0,77.18
060701005,307.0,671.0,1012,34.0,30.34,66.3
060701008,141.0,374.0,542,27.0,26.01,69.0
060701009,89.0,259.0,365,17.0,24.38,70.96
060701014,94.0,370.0,476,12.0,19.75,77.73
060701015,127.0,450.0,589,12.0,21.56,76.4
060801001,384.0,2018.0,2430,28.0,15.8,83.05
060801004,61.0,154.0,226,11.0,26.99,68.14
060801005,276.0,960.0,1286,50.0,21.46,74.65
060801007,115.0,123.0,241,3.0,47.72,51.04
060801011,57.0,203.0,262,2.0,21.76,77.48
060801013,34.0,45.0,83,4.0,40.96,54.22
060801015,52.0,138.0,195,5.0,26.67,70.77
060802001,229.0,714.0,980,37.0,23.37,72.86
060802004,43.0,116.0,160,1.0,26.88,72.5
060803001,130.0,657.0,805,18.0,16.15,81.61
060803002,120.0,49.0,172,3.0,69.77,28.49
060803004,54.0,197.0,267,16.0,20.22,73.78
060803005,91.0,337.0,447,19.0,20.36,75.39
060803007,93.0,566.0,683,24.0,13.62,82.87
060803008,137.0,246.0,400,17.0,34.25,61.5
060804001,342.0,865.0,1248,41.0,27.4,69.31
060804004,5.0,20.0,28,3.0,17.86,71.43
060901006,183.0,723.0,923,17.0,19.83,78.33
060901021,124.0,122.0,266,20.0,46.62,45.86
060901025,206.0,473.0,713,34.0,28.89,66.34
060901028,123.0,198.0,333,12.0,36.94,59.46
060901029,86.0,237.0,328,5.0,26.22,72.26
060901038,131.0,782.0,937,24.0,13.98,83.46
061001001,706.0,2676.0,3469,87.0,20.35,77.14
061001002,351.0,1904.0,2309,54.0,15.2,82.46
061001003,330.0,383.0,730,17.0,45.21,52.47
061001004,93.0,170.0,275,12.0,33.82,61.82
061001005,74.0,324.0,409,11.0,18.09,79.22
061001006,87.0,234.0,334,13.0,26.05,70.06
061001007,58.0,321.0,388,9.0,14.95,82.73
061001008,203.0,221.0,442,18.0,45.93,50.0
061001009,163.0,677.0,867,27.0,18.8,78.09
061001011,289.0,1365.0,1722,68.0,16.78,79.27
061001012,144.0,776.0,947,27.0,15.21,81.94
061101001,828.0,1390.0,2256,38.0,36.7,61.61
061101002,191.0,324.0,527,12.0,36.24,61.48
061101003,286.0,285.0,579,8.0,49.4,49.22
061101004,387.0,457.0,855,11.0,45.26,53.45
061101005,306.0,281.0,593,6.0,51.6,47.39
061101006,367.0,517.0,929,45.0,39.5,55.65
061101007,172.0,354.0,542,16.0,31.73,65.31
061101008,187.0,351.0,551,13.0,33.94,63.7
061101009,141.0,139.0,287,7.0,49.13,48.43
061101010,150.0,141.0,296,5.0,50.68,47.64
061101011,180.0,334.0,522,8.0,34.48,63.98
061101012,82.0,195.0,282,5.0,29.08,69.15
061101013,10.0,29.0,40,1.0,25.0,72.5
070101001,516.0,1945.0,2506,45.0,20.59,77.61
070101002,544.0,1600.0,2194,50.0,24.79,72.93
070101003,421.0,1276.0,1746,49.0,24.11,73.08
070101007,254.0,1212.0,1490,24.0,17.05,81.34
070101009,702.0,1404.0,2177,71.0,32.25,64.49
070101013,175.0,782.0,975,18.0,17.95,80.21
070101016,94.0,124.0,222,4.0,42.34,55.86
070101017,95.0,261.0,363,7.0,26.17,71.9
070102001,308.0,901.0,1236,27.0,24.92,72.9
070102002,169.0,365.0,546,12.0,30.95,66.85
070102003,90.0,176.0,272,6.0,33.09,64.71
070102004,143.0,206.0,356,7.0,40.17,57.87
070102005,117.0,337.0,465,11.0,25.16,72.47
070102006,263.0,393.0,660,4.0,39.85,59.55
070102007,61.0,191.0,261,9.0,23.37,73.18
070102009,19.0,66.0,86,1.0,22.09,76.74
070103001,207.0,1103.0,1333,23.0,15.53,82.75
070103002,121.0,271.0,406,14.0,29.8,66.75
070103003,145.0,644.0,814,25.0,17.81,79.12
070103004,263.0,657.0,958,38.0,27.45,68.58
070103005,157.0,425.0,594,12.0,26.43,71.55
070103006,118.0,130.0,260,12.0,45.38,50.0
070201001,697.0,1209.0,1964,58.0,35.49,61.56
070201002,683.0,677.0,1412,52.0,48.37,47.95
070201003,539.0,1307.0,1921,75.0,28.06,68.04
070201004,103.0,254.0,363,6.0,28.37,69.97
070201005,465.0,1226.0,1754,63.0,26.51,69.9
070201006,761.0,874.0,1683,48.0,45.22,51.93
070201007,402.0,612.0,1066,52.0,37.71,57.41
070201009,432.0,684.0,1175,59.0,36.77,58.21
070201010,234.0,329.0,585,22.0,40.0,56.24
070201011,268.0,481.0,774,25.0,34.63,62.14
070201013,509.0,779.0,1324,36.0,38.44,58.84
070201014,849.0,1393.0,2324,82.0,36.53,59.94
070201016,80.0,64.0,147,3.0,54.42,43.54
070201018,312.0,454.0,787,21.0,39.64,57.69
070201021,498.0,941.0,1482,43.0,33.6,63.5
070201023,492.0,790.0,1314,32.0,37.44,60.12
070201031,283.0,603.0,902,16.0,31.37,66.85
070201033,121.0,231.0,361,9.0,33.52,63.99
070201035,131.0,159.0,302,12.0,43.38,52.65
070201038,110.0,177.0,295,8.0,37.29,60.0
070201043,94.0,130.0,231,7.0,40.69,56.28
070201044,162.0,164.0,332,6.0,48.8,49.4
070201045,192.0,150.0,349,7.0,55.01,42.98
070202001,759.0,1318.0,2151,74.0,35.29,61.27
070202004,144.0,162.0,310,4.0,46.45,52.26
070202008,335.0,349.0,702,18.0,47.72,49.72
070202010,263.0,301.0,576,12.0,45.66,52.26
070202011,142.0,169.0,319,8.0,44.51,52.98
070203001,156.0,406.0,583,21.0,26.76,69.64
070203002,589.0,983.0,1621,49.0,36.34,60.64
070203003,354.0,448.0,825,23.0,42.91,54.3
070203004,611.0,1492.0,2193,90.0,27.86,68.03
070203005,244.0,609.0,879,26.0,27.76,69.28
070203006,393.0,684.0,1113,36.0,35.31,61.46
070203007,508.0,528.0,1085,49.0,46.82,48.66
070203010,839.0,1468.0,2409,102.0,34.83,60.94
070203014,439.0,497.0,977,41.0,44.93,50.87
070203015,254.0,284.0,557,19.0,45.6,50.99
070203016,212.0,477.0,709,20.0,29.9,67.28
070203017,351.0,617.0,1010,42.0,34.75,61.09
070203024,204.0,159.0,376,13.0,54.26,42.29
070203028,213.0,370.0,599,16.0,35.56,61.77
070203029,96.0,175.0,284,13.0,33.8,61.62
070203030,379.0,465.0,884,40.0,42.87,52.6
070203031,83.0,209.0,298,6.0,27.85,70.13
070203032,139.0,167.0,314,8.0,44.27,53.18
070301003,714.0,1308.0,2094,72.0,34.1,62.46
070301004,637.0,1259.0,1951,55.0,32.65,64.53
070301007,482.0,1147.0,1669,40.0,28.88,68.72
070301008,279.0,591.0,910,40.0,30.66,64.95
070301010,542.0,823.0,1416,51.0,38.28,58.12
070301011,494.0,723.0,1258,41.0,39.27,57.47
070301012,352.0,1073.0,1489,64.0,23.64,72.06
070301017,340.0,471.0,838,27.0,40.57,56.21
070301018,348.0,729.0,1099,22.0,31.67,66.33
070301020,618.0,867.0,1527,42.0,40.47,56.78
070301021,187.0,307.0,506,12.0,36.96,60.67
070301022,417.0,605.0,1061,39.0,39.3,57.02
070301024,274.0,447.0,743,22.0,36.88,60.16
070301025,229.0,265.0,509,15.0,44.99,52.06
070301026,435.0,850.0,1308,23.0,33.26,64.98
070302002,693.0,1070.0,1838,75.0,37.7,58.22
070302003,440.0,591.0,1066,35.0,41.28,55.44
070302005,583.0,703.0,1343,57.0,43.41,52.35
070302006,635.0,1000.0,1695,60.0,37.46,59.0
070302008,522.0,720.0,1284,42.0,40.65,56.07
070302009,471.0,491.0,1003,41.0,46.96,48.95
070302010,151.0,196.0,367,20.0,41.14,53.41
070302015,156.0,228.0,403,19.0,38.71,56.58
070302016,221.0,227.0,464,16.0,47.63,48.92
070302018,363.0,561.0,948,24.0,38.29,59.18
070302020,565.0,554.0,1155,36.0,48.92,47.97
070302021,281.0,342.0,635,12.0,44.25,53.86
070302023,208.0,256.0,486,22.0,42.8,52.67
070302025,136.0,121.0,270,13.0,50.37,44.81
070302027,178.0,260.0,456,18.0,39.04,57.02
070302028,122.0,111.0,243,10.0,50.21,45.68
070401001,951.0,2534.0,3573,88.0,26.62,70.92
070401002,647.0,2166.0,2890,77.0,22.39,74.95
070401004,791.0,1890.0,2759,78.0,28.67,68.5
070401005,820.0,1724.0,2641,97.0,31.05,65.28
070401006,758.0,2359.0,3224,107.0,23.51,73.17
070401010,314.0,1187.0,1539,38.0,20.4,77.13
070401012,554.0,2127.0,2768,87.0,20.01,76.84
070401014,317.0,1752.0,2113,44.0,15.0,82.92
070401015,439.0,2205.0,2711,67.0,16.19,81.34
070401016,977.0,2708.0,3796,111.0,25.74,71.34
070401018,902.0,1731.0,2717,84.0,33.2,63.71
070401023,576.0,1427.0,2067,64.0,27.87,69.04
070401028,351.0,625.0,1023,47.0,34.31,61.09
070401029,863.0,1441.0,2378,74.0,36.29,60.6
070401030,498.0,1614.0,2180,68.0,22.84,74.04
070401038,190.0,300.0,505,15.0,37.62,59.41
070401042,386.0,508.0,938,44.0,41.15,54.16
070401043,428.0,1448.0,1921,45.0,22.28,75.38
070401045,176.0,184.0,375,15.0,46.93,49.07
070401047,150.0,249.0,407,8.0,36.86,61.18
070402001,297.0,2019.0,2365,49.0,12.56,85.37
070402002,384.0,2043.0,2466,39.0,15.57,82.85
070402003,200.0,1200.0,1424,24.0,14.04,84.27
070402004,296.0,1554.0,1889,39.0,15.67,82.27
070403001,362.0,619.0,1021,40.0,35.46,60.63
070403002,1260.0,2233.0,3598,105.0,35.02,62.06
070403003,509.0,1763.0,2334,62.0,21.81,75.54
070403004,204.0,663.0,883,16.0,23.1,75.08
070403005,203.0,595.0,813,15.0,24.97,73.19
070403007,290.0,428.0,731,13.0,39.67,58.55
070501001,259.0,858.0,1144,27.0,22.64,75.0
070501002,598.0,1527.0,2186,61.0,27.36,69.85
070501003,407.0,852.0,1295,36.0,31.43,65.79
070501004,426.0,1121.0,1592,45.0,26.76,70.41
070501005,88.0,413.0,509,8.0,17.29,81.14
070501006,252.0,1052.0,1330,26.0,18.95,79.1
070501010,159.0,445.0,619,15.0,25.69,71.89
070501012,259.0,685.0,967,23.0,26.78,70.84
070501013,96.0,219.0,327,12.0,29.36,66.97
070501014,347.0,662.0,1021,12.0,33.99,64.84
070501015,294.0,496.0,803,13.0,36.61,61.77
070601001,397.0,557.0,988,34.0,40.18,56.38
070601002,446.0,713.0,1186,27.0,37.61,60.12
070601004,251.0,497.0,764,16.0,32.85,65.05
070601005,211.0,609.0,852,32.0,24.77,71.48
070601006,372.0,747.0,1152,33.0,32.29,64.84
070601007,430.0,536.0,994,28.0,43.26,53.92
070601008,229.0,420.0,666,17.0,34.38,63.06
070601009,439.0,1028.0,1493,26.0,29.4,68.85
070601011,452.0,926.0,1439,61.0,31.41,64.35
070601012,646.0,1100.0,1813,67.0,35.63,60.67
070601013,642.0,756.0,1464,66.0,43.85,51.64
070601014,357.0,252.0,622,13.0,57.4,40.51
070601015,109.0,134.0,248,5.0,43.95,54.03
070601016,114.0,218.0,338,6.0,33.73,64.5
070601018,346.0,377.0,745,22.0,46.44,50.6
070601019,239.0,302.0,556,15.0,42.99,54.32
070601020,116.0,134.0,254,4.0,45.67,52.76
070601023,274.0,566.0,859,19.0,31.9,65.89
070601028,138.0,238.0,387,11.0,35.66,61.5
070601029,250.0,496.0,769,23.0,32.51,64.5
070601030,263.0,357.0,634,14.0,41.48,56.31
070601031,404.0,580.0,1029,45.0,39.26,56.37
070601032,231.0,192.0,437,14.0,52.86,43.94
070601033,309.0,520.0,855,26.0,36.14,60.82
070601034,215.0,181.0,411,15.0,52.31,44.04
070601035,166.0,116.0,289,7.0,57.44,40.14
070601036,198.0,326.0,539,15.0,36.73,60.48
070601037,281.0,381.0,676,14.0,41.57,56.36
070601038,49.0,28.0,78,1.0,62.82,35.9
070601039,369.0,554.0,956,33.0,38.6,57.95
070601040,200.0,279.0,494,15.0,40.49,56.48
070601041,281.0,242.0,551,28.0,51.0,43.92
070601042,224.0,149.0,388,15.0,57.73,38.4
070601043,241.0,527.0,791,23.0,30.47,66.62
070601045,162.0,186.0,359,11.0,45.13,51.81
070601046,157.0,36.0,198,5.0,79.29,18.18
070602002,266.0,482.0,768,20.0,34.64,62.76
070602004,279.0,382.0,675,14.0,41.33,56.59
070602005,354.0,412.0,783,17.0,45.21,52.62
070602006,227.0,224.0,469,18.0,48.4,47.76
070602007,40.0,24.0,71,7.0,56.34,33.8
070602008,105.0,100.0,210,5.0,50.0,47.62
070602010,86.0,113.0,204,5.0,42.16,55.39
070602012,184.0,203.0,395,8.0,46.58,51.39
070702001,257.0,742.0,1026,27.0,25.05,72.32
070702002,149.0,407.0,565,9.0,26.37,72.04
070702003,94.0,345.0,449,10.0,20.94,76.84
070702004,121.0,283.0,418,14.0,28.95,67.7
070702006,96.0,310.0,418,12.0,22.97,74.16
070703002,395.0,1068.0,1523,60.0,25.94,70.12
070703003,253.0,497.0,781,31.0,32.39,63.64
070703005,374.0,1299.0,1728,55.0,21.64,75.17
070703008,177.0,709.0,908,22.0,19.49,78.08
070703012,353.0,1032.0,1417,32.0,24.91,72.83
070703014,367.0,860.0,1256,29.0,29.22,68.47
070703016,295.0,753.0,1071,23.0,27.54,70.31
070703018,96.0,118.0,224,10.0,42.86,52.68
070704001,147.0,291.0,454,16.0,32.38,64.1
070704003,268.0,710.0,1013,35.0,26.46,70.09
070704005,487.0,1563.0,2115,65.0,23.03,73.9
070704006,293.0,904.0,1232,35.0,23.78,73.38
070704007,595.0,1654.0,2344,95.0,25.38,70.56
070704008,427.0,638.0,1095,30.0,39.0,58.26
070704009,365.0,1331.0,1717,21.0,21.26,77.52
070704012,632.0,1288.0,2001,81.0,31.58,64.37
070704014,479.0,1128.0,1678,71.0,28.55,67.22
070704015,130.0,1058.0,1207,19.0,10.77,87.66
070704017,167.0,702.0,884,15.0,18.89,79.41
070704018,242.0,569.0,832,21.0,29.09,68.39
070704023,185.0,410.0,607,12.0,30.48,67.55
070704025,120.0,217.0,343,6.0,34.99,63.27
070704027,266.0,614.0,924,44.0,28.79,66.45
070705003,319.0,665.0,1009,25.0,31.62,65.91
070705004,77.0,320.0,409,12.0,18.83,78.24
070705006,104.0,299.0,419,16.0,24.82,71.36
070705007,151.0,556.0,720,13.0,20.97,77.22
070705008,562.0,1505.0,2136,69.0,26.31,70.46
070705010,382.0,873.0,1291,36.0,29.59,67.62
070705012,248.0,547.0,824,29.0,30.1,66.38
070705014,289.0,677.0,995,29.0,29.05,68.04
070705018,138.0,734.0,887,15.0,15.56,82.75
070706001,145.0,289.0,438,4.0,33.11,65.98
070706002,149.0,370.0,546,27.0,27.29,67.77
070707002,353.0,593.0,980,34.0,36.02,60.51
070801001,397.0,1053.0,1475,25.0,26.92,71.39
070801002,521.0,2367.0,2960,72.0,17.6,79.97
070801003,970.0,1519.0,2551,62.0,38.02,59.55
070801004,546.0,1208.0,1789,35.0,30.52,67.52
070801005,309.0,747.0,1078,22.0,28.66,69.29
070801006,287.0,505.0,809,17.0,35.48,62.42
070801007,408.0,1004.0,1453,41.0,28.08,69.1
070801010,297.0,735.0,1060,28.0,28.02,69.34
070801012,229.0,276.0,514,9.0,44.55,53.7
070801021,268.0,254.0,536,14.0,50.0,47.39
070901001,361.0,629.0,1028,38.0,35.12,61.19
070901002,605.0,1929.0,2579,45.0,23.46,74.8
070901003,595.0,2075.0,2750,80.0,21.64,75.45
070901004,200.0,590.0,815,25.0,24.54,72.39
070901005,456.0,1889.0,2404,59.0,18.97,78.58
070901006,269.0,808.0,1108,31.0,24.28,72.92
070901007,351.0,671.0,1063,41.0,33.02,63.12
070901008,107.0,178.0,298,13.0,35.91,59.73
070902001,269.0,643.0,939,27.0,28.65,68.48
070904002,374.0,1522.0,1935,39.0,19.33,78.66
070904003,694.0,2201.0,2967,72.0,23.39,74.18
070904004,265.0,1600.0,1904,39.0,13.92,84.03
070904005,125.0,694.0,845,26.0,14.79,82.13
070904007,405.0,1249.0,1699,45.0,23.84,73.51
070904011,538.0,1071.0,1665,56.0,32.31,64.32
070904013,355.0,1009.0,1407,43.0,25.23,71.71
070904014,454.0,2392.0,2929,83.0,15.5,81.67
070904015,358.0,2129.0,2554,67.0,14.02,83.36
070904017,93.0,239.0,342,10.0,27.19,69.88
070904018,911.0,2584.0,3644,149.0,25.0,70.91
070904019,608.0,1470.0,2154,76.0,28.23,68.25
070904020,750.0,1636.0,2478,92.0,30.27,66.02
070904023,634.0,1707.0,2417,76.0,26.23,70.62
070904024,494.0,1085.0,1637,58.0,30.18,66.28
070904025,587.0,1382.0,2048,79.0,28.66,67.48
070904026,367.0,964.0,1382,51.0,26.56,69.75
070904028,1096.0,2231.0,3464,137.0,31.64,64.41
070904029,240.0,700.0,983,43.0,24.42,71.21
070904030,261.0,660.0,965,44.0,27.05,68.39
070904032,827.0,2371.0,3294,96.0,25.11,71.98
070904033,444.0,1192.0,1703,67.0,26.07,69.99
070904034,468.0,1194.0,1740,78.0,26.9,68.62
070904035,153.0,326.0,491,12.0,31.16,66.4
070904036,648.0,1776.0,2523,99.0,25.68,70.39
070904037,798.0,2155.0,3087,134.0,25.85,69.81
070904039,496.0,1403.0,1970,71.0,25.18,71.22
070904040,113.0,192.0,322,17.0,35.09,59.63
070904041,72.0,268.0,352,12.0,20.45,76.14
070904042,236.0,465.0,714,13.0,33.05,65.13
070904043,443.0,750.0,1232,39.0,35.96,60.88
070904045,564.0,829.0,1453,60.0,38.82,57.05
070904046,435.0,850.0,1319,34.0,32.98,64.44
070904053,195.0,660.0,874,19.0,22.31,75.51
070904054,310.0,949.0,1298,39.0,23.88,73.11
070904059,262.0,473.0,772,37.0,33.94,61.27
070904063,27.0,125.0,153,1.0,17.65,81.7
070904065,94.0,314.0,421,13.0,22.33,74.58
070904091,431.0,1193.0,1687,63.0,25.55,70.72
070904094,163.0,366.0,546,17.0,29.85,67.03
070904095,125.0,307.0,448,16.0,27.9,68.53
070904096,446.0,737.0,1227,44.0,36.35,60.07
070904097,228.0,418.0,671,25.0,33.98,62.3
070904098,1040.0,2381.0,3565,144.0,29.17,66.79
070904099,103.0,209.0,330,18.0,31.21,63.33
070904100,389.0,739.0,1168,40.0,33.3,63.27
070904101,221.0,427.0,668,20.0,33.08,63.92
070904104,129.0,354.0,509,26.0,25.34,69.55
070904106,246.0,657.0,928,25.0,26.51,70.8
070904107,313.0,724.0,1070,33.0,29.25,67.66
070904108,824.0,1449.0,2373,100.0,34.72,61.06
070904115,379.0,683.0,1090,28.0,34.77,62.66
070904117,277.0,512.0,828,39.0,33.45,61.84
070904118,285.0,462.0,769,22.0,37.06,60.08
070904119,751.0,963.0,1768,54.0,42.48,54.47
070904120,121.0,226.0,362,15.0,33.43,62.43
070904121,267.0,428.0,715,20.0,37.34,59.86
070904122,239.0,326.0,590,25.0,40.51,55.25
070904124,366.0,527.0,940,47.0,38.94,56.06
070904126,182.0,266.0,464,16.0,39.22,57.33
070904127,216.0,214.0,453,23.0,47.68,47.24
070904128,168.0,184.0,371,19.0,45.28,49.6
070904130,128.0,101.0,243,14.0,52.67,41.56
070904131,214.0,335.0,584,35.0,36.64,57.36
070904136,242.0,198.0,464,24.0,52.16,42.67
070904137,216.0,232.0,470,22.0,45.96,49.36
070904140,423.0,887.0,1337,27.0,31.64,66.34
070904142,180.0,274.0,473,19.0,38.05,57.93
070905001,299.0,1622.0,1966,45.0,15.21,82.5
070905002,156.0,1065.0,1249,28.0,12.49,85.27
070905003,185.0,504.0,715,26.0,25.87,70.49
070905004,173.0,375.0,563,15.0,30.73,66.61
070905005,98.0,389.0,499,12.0,19.64,77.96
070905006,118.0,342.0,468,8.0,25.21,73.08
070905007,84.0,336.0,430,10.0,19.53,78.14
070905008,262.0,917.0,1203,24.0,21.78,76.23
070905009,160.0,370.0,556,26.0,28.78,66.55
070906001,209.0,2408.0,2664,47.0,7.85,90.39
070906002,116.0,963.0,1094,15.0,10.6,88.03
070906003,129.0,1186.0,1326,11.0,9.73,89.44
070906004,111.0,1189.0,1317,17.0,8.43,90.28
070906005,113.0,1088.0,1219,18.0,9.27,89.25
070906006,87.0,935.0,1034,12.0,8.41,90.43
070906007,175.0,2906.0,3108,27.0,5.63,93.5
070906008,125.0,1287.0,1429,17.0,8.75,90.06
070906009,70.0,1001.0,1080,9.0,6.48,92.69
070906010,320.0,1610.0,1978,48.0,16.18,81.4
070906011,141.0,1854.0,2020,25.0,6.98,91.78
070906012,80.0,1945.0,2044,19.0,3.91,95.16
070906013,189.0,2654.0,2868,25.0,6.59,92.54
070906016,140.0,1721.0,1878,17.0,7.45,91.64
070906017,171.0,1682.0,1873,20.0,9.13,89.8
070906018,370.0,1891.0,2315,54.0,15.98,81.68
070906019,389.0,3415.0,3866,62.0,10.06,88.33
070906020,56.0,402.0,468,10.0,11.97,85.9
070906021,162.0,1202.0,1380,16.0,11.74,87.1
070906022,68.0,655.0,733,10.0,9.28,89.36
070906023,301.0,2603.0,2950,46.0,10.2,88.24
070906025,145.0,182.0,344,17.0,42.15,52.91
070907002,453.0,1464.0,1970,53.0,22.99,74.31
070907003,490.0,920.0,1460,50.0,33.56,63.01
070907004,791.0,2054.0,2938,93.0,26.92,69.91
070907005,304.0,745.0,1074,25.0,28.31,69.37
070907006,250.0,719.0,996,27.0,25.1,72.19
070907007,220.0,810.0,1071,41.0,20.54,75.63
070907008,136.0,661.0,814,17.0,16.71,81.2
070907014,440.0,1027.0,1527,60.0,28.81,67.26
070907016,495.0,1117.0,1664,52.0,29.75,67.13
070907017,145.0,239.0,404,20.0,35.89,59.16
070907026,303.0,510.0,837,24.0,36.2,60.93
070907027,137.0,280.0,428,11.0,32.01,65.42
070907030,357.0,285.0,660,18.0,54.09,43.18
070908001,424.0,529.0,987,34.0,42.96,53.6
070908002,1043.0,1597.0,2742,102.0,38.04,58.24
070908007,343.0,1262.0,1649,44.0,20.8,76.53
070908009,878.0,2310.0,3279,91.0,26.78,70.45
070908010,313.0,1813.0,2171,45.0,14.42,83.51
070908011,124.0,423.0,559,12.0,22.18,75.67
070908014,477.0,2013.0,2546,56.0,18.74,79.07
070908015,466.0,886.0,1392,40.0,33.48,63.65
070908016,524.0,1397.0,1988,67.0,26.36,70.27
070908018,260.0,572.0,863,31.0,30.13,66.28
070908019,862.0,1875.0,2824,87.0,30.52,66.4
070908020,347.0,821.0,1216,48.0,28.54,67.52
070908022,798.0,2663.0,3559,98.0,22.42,74.82
070908023,1023.0,2614.0,3756,119.0,27.24,69.6
070908024,307.0,1285.0,1634,42.0,18.79,78.64
070908025,598.0,2150.0,2811,63.0,21.27,76.49
070908028,265.0,643.0,936,28.0,28.31,68.7
070908029,437.0,613.0,1081,31.0,40.43,56.71
070908030,331.0,755.0,1127,41.0,29.37,66.99
070908036,1069.0,2122.0,3283,92.0,32.56,64.64
070908037,402.0,1044.0,1485,39.0,27.07,70.3
070908038,278.0,764.0,1069,27.0,26.01,71.47
070908040,217.0,553.0,786,16.0,27.61,70.36
070908043,554.0,1340.0,1956,62.0,28.32,68.51
070908044,232.0,259.0,512,21.0,45.31,50.59
070908047,380.0,420.0,825,25.0,46.06,50.91
070908048,365.0,559.0,975,51.0,37.44,57.33
070908049,256.0,358.0,651,37.0,39.32,54.99
070908051,112.0,169.0,289,8.0,38.75,58.48
070908052,184.0,339.0,538,15.0,34.2,63.01
070908055,75.0,70.0,148,3.0,50.68,47.3
070908059,209.0,267.0,498,22.0,41.97,53.61
071001001,319.0,1143.0,1496,34.0,21.32,76.4
071001002,834.0,2005.0,2906,67.0,28.7,69.0
071001003,143.0,412.0,568,13.0,25.18,72.54
071001004,213.0,336.0,559,10.0,38.1,60.11
071001006,106.0,398.0,509,5.0,20.83,78.19
071001008,83.0,219.0,310,8.0,26.77,70.65
071001009,338.0,954.0,1325,33.0,25.51,72.0
071001012,259.0,689.0,960,12.0,26.98,71.77
071001013,187.0,498.0,696,11.0,26.87,71.55
071001014,143.0,243.0,395,9.0,36.2,61.52
071001015,142.0,248.0,404,14.0,35.15,61.39
071001016,231.0,201.0,447,15.0,51.68,44.97
071001017,166.0,259.0,437,12.0,37.99,59.27
071101001,203.0,782.0,1013,28.0,20.04,77.2
071101002,379.0,1061.0,1493,53.0,25.39,71.06
071101003,511.0,1207.0,1798,80.0,28.42,67.13
071101005,699.0,2293.0,3090,98.0,22.62,74.21
071101006,337.0,1060.0,1449,52.0,23.26,73.15
071101007,197.0,529.0,770,44.0,25.58,68.7
071101008,217.0,668.0,920,35.0,23.59,72.61
071101010,792.0,2406.0,3325,127.0,23.82,72.36
071101011,868.0,2350.0,3344,126.0,25.96,70.28
071101013,153.0,323.0,505,29.0,30.3,63.96
071101016,297.0,573.0,895,25.0,33.18,64.02
071101017,664.0,1188.0,1919,67.0,34.6,61.91
071101018,162.0,797.0,988,29.0,16.4,80.67
071101020,582.0,1903.0,2573,88.0,22.62,73.96
071101021,140.0,401.0,566,25.0,24.73,70.85
071101022,543.0,973.0,1590,74.0,34.15,61.19
071101023,250.0,1209.0,1498,39.0,16.69,80.71
071101026,472.0,1581.0,2107,54.0,22.4,75.04
071101027,591.0,1072.0,1744,81.0,33.89,61.47
071101028,162.0,293.0,479,24.0,33.82,61.17
071101029,549.0,1238.0,1862,75.0,29.48,66.49
071101043,115.0,410.0,551,26.0,20.87,74.41
071101044,346.0,760.0,1141,35.0,30.32,66.61
071101046,244.0,602.0,885,39.0,27.57,68.02
071101047,277.0,748.0,1061,36.0,26.11,70.5
071101054,405.0,733.0,1178,40.0,34.38,62.22
071101057,509.0,970.0,1538,59.0,33.09,63.07
071101061,201.0,209.0,425,15.0,47.29,49.18
071101062,316.0,420.0,773,37.0,40.88,54.33
071101064,81.0,124.0,211,6.0,38.39,58.77
071101065,70.0,231.0,316,15.0,22.15,73.1
071101066,142.0,160.0,329,27.0,43.16,48.63
071201001,102.0,297.0,417,18.0,24.46,71.22
071201002,476.0,1690.0,2245,79.0,21.2,75.28
071201003,409.0,1184.0,1639,46.0,24.95,72.24
071201004,183.0,327.0,524,14.0,34.92,62.4
071201005,419.0,1832.0,2314,63.0,18.11,79.17
071201006,217.0,760.0,1003,26.0,21.64,75.77
071201007,658.0,3462.0,4210,90.0,15.63,82.23
071201008,208.0,1386.0,1628,34.0,12.78,85.14
071201009,70.0,332.0,407,5.0,17.2,81.57
071201010,378.0,1935.0,2386,73.0,15.84,81.1
071201011,164.0,733.0,916,19.0,17.9,80.02
071201012,80.0,1193.0,1294,21.0,6.18,92.19
071201013,462.0,1889.0,2411,60.0,19.16,78.35
071201014,330.0,1193.0,1569,46.0,21.03,76.04
071201015,656.0,2455.0,3174,63.0,20.67,77.35
071201016,317.0,1160.0,1513,36.0,20.95,76.67
071201017,210.0,779.0,1025,36.0,20.49,76.0
071201018,234.0,591.0,857,32.0,27.3,68.96
071201019,634.0,2102.0,2841,105.0,22.32,73.99
071201020,607.0,2020.0,2713,86.0,22.37,74.46
071201021,219.0,725.0,971,27.0,22.55,74.67
071201022,601.0,1710.0,2398,87.0,25.06,71.31
071201031,306.0,1013.0,1366,47.0,22.4,74.16
071201033,47.0,88.0,140,5.0,33.57,62.86
071201035,154.0,186.0,348,8.0,44.25,53.45
071201036,144.0,166.0,324,14.0,44.44,51.23
071301001,522.0,2689.0,3281,70.0,15.91,81.96
071301002,389.0,888.0,1317,40.0,29.54,67.43
071301003,90.0,306.0,401,5.0,22.44,76.31
071301004,420.0,1239.0,1717,58.0,24.46,72.16
071301005,823.0,2411.0,3337,103.0,24.66,72.25
071301006,322.0,2252.0,2645,71.0,12.17,85.14
071301007,244.0,2046.0,2316,26.0,10.54,88.34
071301008,481.0,4182.0,4750,87.0,10.13,88.04
071301009,405.0,2463.0,2923,55.0,13.86,84.26
071301010,626.0,6321.0,7078,131.0,8.84,89.3
071301012,395.0,2323.0,2768,50.0,14.27,83.92
071301013,478.0,2774.0,3318,66.0,14.41,83.6
071301017,649.0,2692.0,3426,85.0,18.94,78.58
071401020,429.0,685.0,1165,51.0,36.82,58.8
071401032,209.0,195.0,422,18.0,49.53,46.21
071401033,185.0,212.0,410,13.0,45.12,51.71
071401034,207.0,203.0,428,18.0,48.36,47.43
080101001,617.0,862.0,1506,27.0,40.97,57.24
080101002,190.0,83.0,279,6.0,68.1,29.75
080101003,189.0,113.0,308,6.0,61.36,36.69
080101004,211.0,197.0,414,6.0,50.97,47.58
080101005,151.0,127.0,282,4.0,53.55,45.04
080101007,179.0,154.0,341,8.0,52.49,45.16
080101008,196.0,213.0,417,8.0,47.0,51.08
080101009,97.0,83.0,198,18.0,48.99,41.92
080102001,245.0,661.0,921,15.0,26.6,71.77
080102002,249.0,293.0,551,9.0,45.19,53.18
080102003,41.0,58.0,102,3.0,40.2,56.86
080102004,183.0,259.0,452,10.0,40.49,57.3
080102005,192.0,45.0,245,8.0,78.37,18.37
080102006,422.0,822.0,1283,39.0,32.89,64.07
080102007,427.0,585.0,1037,25.0,41.18,56.41
080102008,131.0,310.0,449,8.0,29.18,69.04
080102009,111.0,49.0,163,3.0,68.1,30.06
080102010,193.0,99.0,304,12.0,63.49,32.57
080201002,667.0,1445.0,2183,71.0,30.55,66.19
080201005,144.0,420.0,579,15.0,24.87,72.54
080201008,247.0,705.0,982,30.0,25.15,71.79
080201009,207.0,972.0,1202,23.0,17.22,80.87
080201010,182.0,966.0,1170,22.0,15.56,82.56
080201012,71.0,378.0,459,10.0,15.47,82.35
080201013,210.0,413.0,638,15.0,32.92,64.73
080201015,166.0,378.0,559,15.0,29.7,67.62
080201017,401.0,865.0,1321,55.0,30.36,65.48
080201018,358.0,879.0,1282,45.0,27.93,68.56
080201019,172.0,326.0,518,20.0,33.2,62.93
080201020,314.0,530.0,880,36.0,35.68,60.23
080201024,160.0,205.0,370,5.0,43.24,55.41
080201029,384.0,624.0,1053,45.0,36.47,59.26
080201031,138.0,211.0,360,11.0,38.33,58.61
080201033,181.0,230.0,430,19.0,42.09,53.49
080201034,148.0,288.0,461,25.0,32.1,62.47
080201035,312.0,536.0,868,20.0,35.94,61.75
080201038,407.0,582.0,1010,21.0,40.3,57.62
080201040,81.0,101.0,188,6.0,43.09,53.72
080201042,53.0,258.0,315,4.0,16.83,81.9
080201043,137.0,262.0,410,11.0,33.41,63.9
080201044,209.0,316.0,551,26.0,37.93,57.35
080201048,326.0,732.0,1085,27.0,30.05,67.47
080201049,58.0,90.0,156,8.0,37.18,57.69
080201053,64.0,223.0,299,12.0,21.4,74.58
080201054,222.0,303.0,537,12.0,41.34,56.42
080201055,155.0,322.0,489,12.0,31.7,65.85
080201058,312.0,466.0,807,29.0,38.66,57.74
080201060,190.0,591.0,789,8.0,24.08,74.9
080201064,136.0,157.0,307,14.0,44.3,51.14
080201065,157.0,161.0,325,7.0,48.31,49.54
080201066,128.0,103.0,241,10.0,53.11,42.74
080201067,131.0,120.0,261,10.0,50.19,45.98
080201068,169.0,155.0,336,12.0,50.3,46.13
080201069,155.0,90.0,248,3.0,62.5,36.29
080201070,174.0,238.0,422,10.0,41.23,56.4
080301001,413.0,719.0,1166,34.0,35.42,61.66
080301002,395.0,873.0,1300,32.0,30.38,67.15
080301006,209.0,235.0,463,19.0,45.14,50.76
080301008,140.0,99.0,251,12.0,55.78,39.44
080301009,153.0,129.0,287,5.0,53.31,44.95
080302001,157.0,447.0,612,8.0,25.65,73.04
080302002,32.0,59.0,94,3.0,34.04,62.77
080302003,113.0,140.0,265,12.0,42.64,52.83
080401001,341.0,695.0,1048,12.0,32.54,66.32
080401002,455.0,546.0,1027,26.0,44.3,53.16
080401003,370.0,337.0,725,18.0,51.03,46.48
080401004,120.0,146.0,273,7.0,43.96,53.48
080401006,200.0,136.0,346,10.0,57.8,39.31
080401008,53.0,37.0,92,2.0,57.61,40.22
080401010,83.0,80.0,167,4.0,49.7,47.9
080401011,193.0,148.0,351,10.0,54.99,42.17
080401012,223.0,228.0,459,8.0,48.58,49.67
080401014,98.0,96.0,194,0.0,50.52,49.48
080401015,13.0,52.0,66,1.0,19.7,78.79
080401018,122.0,47.0,171,2.0,71.35,27.49
080401020,69.0,168.0,243,6.0,28.4,69.14
080401022,264.0,175.0,456,17.0,57.89,38.38
080401024,54.0,173.0,232,5.0,23.28,74.57
080401026,54.0,33.0,90,3.0,60.0,36.67
080401028,94.0,47.0,145,4.0,64.83,32.41
080401029,91.0,104.0,202,7.0,45.05,51.49
080401030,247.0,250.0,504,7.0,49.01,49.6
080401031,80.0,91.0,173,2.0,46.24,52.6
080401033,67.0,42.0,112,3.0,59.82,37.5
080401039,68.0,29.0,99,2.0,68.69,29.29
080401040,79.0,25.0,106,2.0,74.53,23.58
080401041,264.0,123.0,392,5.0,67.35,31.38
080501001,769.0,653.0,1461,39.0,52.64,44.7
080501002,187.0,85.0,274,2.0,68.25,31.02
080501003,467.0,243.0,722,12.0,64.68,33.66
080501004,203.0,114.0,325,8.0,62.46,35.08
080501005,391.0,320.0,723,12.0,54.08,44.26
080501006,181.0,187.0,377,9.0,48.01,49.6
080501008,127.0,164.0,299,8.0,42.47,54.85
080501009,309.0,132.0,444,3.0,69.59,29.73
080501011,114.0,91.0,210,5.0,54.29,43.33
080501012,131.0,226.0,362,5.0,36.19,62.43
080501013,313.0,514.0,840,13.0,37.26,61.19
080501014,113.0,52.0,174,9.0,64.94,29.89
080502001,459.0,393.0,893,41.0,51.4,44.01
080502002,397.0,231.0,655,27.0,60.61,35.27
080601001,298.0,875.0,1204,31.0,24.75,72.67
080601002,172.0,324.0,508,12.0,33.86,63.78
080601005,324.0,1155.0,1505,26.0,21.53,76.74
080601006,204.0,581.0,806,21.0,25.31,72.08
080601007,271.0,1158.0,1448,19.0,18.72,79.97
080601008,334.0,1140.0,1504,30.0,22.21,75.8
080601009,390.0,1696.0,2129,43.0,18.32,79.66
080601010,392.0,1374.0,1792,26.0,21.88,76.67
080601011,202.0,770.0,992,20.0,20.36,77.62
080601013,394.0,1176.0,1616,46.0,24.38,72.77
080601014,323.0,529.0,871,19.0,37.08,60.73
080601015,128.0,180.0,311,3.0,41.16,57.88
080601017,234.0,652.0,911,25.0,25.69,71.57
080601018,124.0,457.0,594,13.0,20.88,76.94
080601019,261.0,946.0,1230,23.0,21.22,76.91
080601020,253.0,1195.0,1477,29.0,17.13,80.91
080601021,328.0,1193.0,1564,43.0,20.97,76.28
080601022,498.0,1558.0,2084,28.0,23.9,74.76
080601023,282.0,750.0,1058,26.0,26.65,70.89
080601024,197.0,582.0,792,13.0,24.87,73.48
080601025,267.0,1124.0,1425,34.0,18.74,78.88
080601026,55.0,217.0,276,4.0,19.93,78.62
080601029,219.0,171.0,403,13.0,54.34,42.43
080601030,169.0,40.0,213,4.0,79.34,18.78
080601031,333.0,386.0,732,13.0,45.49,52.73
080601032,65.0,53.0,122,4.0,53.28,43.44
080601033,625.0,706.0,1367,36.0,45.72,51.65
080601034,164.0,283.0,457,10.0,35.89,61.93
080601035,257.0,606.0,891,28.0,28.84,68.01
080601038,190.0,141.0,342,11.0,55.56,41.23
080601039,306.0,492.0,822,24.0,37.23,59.85
080601040,285.0,459.0,775,31.0,36.77,59.23
080601042,275.0,531.0,817,11.0,33.66,64.99
080601043,364.0,656.0,1037,17.0,35.1,63.26
080601044,261.0,565.0,839,13.0,31.11,67.34
080601045,101.0,77.0,182,4.0,55.49,42.31
080601046,184.0,289.0,496,23.0,37.1,58.27
080601047,401.0,1060.0,1501,40.0,26.72,70.62
080601048,305.0,511.0,843,27.0,36.18,60.62
080601049,264.0,452.0,731,15.0,36.11,61.83
080601050,213.0,468.0,710,29.0,30.0,65.92
080601051,168.0,231.0,407,8.0,41.28,56.76
080601052,273.0,584.0,884,27.0,30.88,66.06
080601053,74.0,127.0,208,7.0,35.58,61.06
080601054,240.0,649.0,904,15.0,26.55,71.79
080601055,202.0,643.0,854,9.0,23.65,75.29
080601056,295.0,502.0,824,27.0,35.8,60.92
080601057,134.0,151.0,289,4.0,46.37,52.25
080601058,311.0,603.0,938,24.0,33.16,64.29
080601059,238.0,324.0,574,12.0,41.46,56.45
080601060,132.0,246.0,386,8.0,34.2,63.73
080601062,157.0,232.0,402,13.0,39.05,57.71
080601063,521.0,773.0,1324,30.0,39.35,58.38
080601064,74.0,93.0,170,3.0,43.53,54.71
080601065,202.0,304.0,526,20.0,38.4,57.79
080601066,86.0,130.0,225,9.0,38.22,57.78
080601067,109.0,102.0,218,7.0,50.0,46.79
080601069,131.0,162.0,299,6.0,43.81,54.18
080601074,137.0,122.0,269,10.0,50.93,45.35
080601076,170.0,110.0,281,1.0,60.5,39.15
080601077,156.0,158.0,317,3.0,49.21,49.84
080601078,166.0,249.0,425,10.0,39.06,58.59
080601079,142.0,163.0,312,7.0,45.51,52.24
080601080,118.0,72.0,194,4.0,60.82,37.11
080601081,97.0,90.0,190,3.0,51.05,47.37
080601082,85.0,47.0,133,1.0,63.91,35.34
080602001,177.0,234.0,417,6.0,42.45,56.12
080602002,79.0,88.0,167,0.0,47.31,52.69
080602004,53.0,33.0,86,0.0,61.63,38.37
080602005,70.0,30.0,102,2.0,68.63,29.41
080602006,63.0,18.0,83,2.0,75.9,21.69
080603001,378.0,615.0,1016,23.0,37.2,60.53
080603002,130.0,84.0,218,4.0,59.63,38.53
080603003,236.0,189.0,434,9.0,54.38,43.55
080603004,142.0,114.0,264,8.0,53.79,43.18
080603005,49.0,37.0,90,4.0,54.44,41.11
080603006,67.0,41.0,108,0.0,62.04,37.96
080701005,119.0,226.0,352,7.0,33.81,64.2
080701008,294.0,786.0,1105,25.0,26.61,71.13
080701010,151.0,308.0,475,16.0,31.79,64.84
080701011,360.0,697.0,1083,26.0,33.24,64.36
080701014,166.0,148.0,319,5.0,52.04,46.39
080701017,100.0,67.0,171,4.0,58.48,39.18
080701018,30.0,38.0,69,1.0,43.48,55.07
080701024,117.0,202.0,335,16.0,34.93,60.3
080701025,97.0,23.0,126,6.0,76.98,18.25
080701026,40.0,32.0,73,1.0,54.79,43.84
080701028,115.0,156.0,279,8.0,41.22,55.91
080701030,133.0,84.0,223,6.0,59.64,37.67
080701031,205.0,170.0,384,9.0,53.39,44.27
080701032,182.0,240.0,430,8.0,42.33,55.81
080701033,51.0,22.0,74,1.0,68.92,29.73
080801001,309.0,718.0,1041,14.0,29.68,68.97
080801003,279.0,680.0,972,13.0,28.7,69.96
080801004,196.0,475.0,682,11.0,28.74,69.65
080801005,136.0,269.0,410,5.0,33.17,65.61
080801007,185.0,286.0,476,5.0,38.87,60.08
080801009,75.0,47.0,127,5.0,59.06,37.01
080802001,278.0,631.0,930,21.0,29.89,67.85
080802002,81.0,218.0,306,7.0,26.47,71.24
080802004,207.0,392.0,609,10.0,33.99,64.37
080802005,106.0,199.0,317,12.0,33.44,62.78
080802006,125.0,95.0,224,4.0,55.8,42.41
080901002,401.0,1141.0,1577,35.0,25.43,72.35
080901003,280.0,477.0,783,26.0,35.76,60.92
080901004,380.0,540.0,942,22.0,40.34,57.32
080901005,306.0,604.0,935,25.0,32.73,64.6
080901007,406.0,268.0,692,18.0,58.67,38.73
080901008,358.0,340.0,708,10.0,50.56,48.02
080901009,260.0,125.0,393,8.0,66.16,31.81
080901010,151.0,268.0,427,8.0,35.36,62.76
080901011,332.0,400.0,745,13.0,44.56,53.69
080901013,264.0,532.0,807,11.0,32.71,65.92
080901014,253.0,474.0,744,17.0,34.01,63.71
080901015,146.0,95.0,244,3.0,59.84,38.93
080901017,75.0,57.0,133,1.0,56.39,42.86
080901018,218.0,769.0,1006,19.0,21.67,76.44
080901019,160.0,126.0,293,7.0,54.61,43.0
080901020,96.0,74.0,177,7.0,54.24,41.81
080901022,76.0,91.0,172,5.0,44.19,52.91
080901023,80.0,52.0,136,4.0,58.82,38.24
090101001,272.0,1039.0,1339,28.0,20.31,77.6
090101002,96.0,179.0,277,2.0,34.66,64.62
090101003,108.0,340.0,460,12.0,23.48,73.91
090101004,173.0,346.0,528,9.0,32.77,65.53
090101008,56.0,59.0,115,0.0,48.7,51.3
090101009,180.0,325.0,518,13.0,34.75,62.74
090102001,264.0,761.0,1055,30.0,25.02,72.13
090102002,84.0,208.0,300,8.0,28.0,69.33
090102005,241.0,234.0,489,14.0,49.28,47.85
090102006,56.0,170.0,237,11.0,23.63,71.73
090103001,80.0,178.0,268,10.0,29.85,66.42
090103003,76.0,237.0,319,6.0,23.82,74.29
090103004,93.0,106.0,205,6.0,45.37,51.71
090103005,62.0,34.0,104,8.0,59.62,32.69
090103006,37.0,60.0,102,5.0,36.27,58.82
090103007,40.0,47.0,93,6.0,43.01,50.54
090103008,50.0,58.0,118,10.0,42.37,49.15
090104001,136.0,262.0,405,7.0,33.58,64.69
090201001,45.0,91.0,139,3.0,32.37,65.47
090201002,402.0,560.0,980,18.0,41.02,57.14
090201003,80.0,83.0,166,3.0,48.19,50.0
090201004,106.0,55.0,163,2.0,65.03,33.74
090201006,74.0,27.0,104,3.0,71.15,25.96
090201007,73.0,71.0,145,1.0,50.34,48.97
090201008,73.0,41.0,118,4.0,61.86,34.75
090201009,61.0,81.0,144,2.0,42.36,56.25
090201010,67.0,30.0,100,3.0,67.0,30.0
090201011,113.0,36.0,151,2.0,74.83,23.84
090201014,80.0,27.0,107,0.0,74.77,25.23
090202001,359.0,638.0,1006,9.0,35.69,63.42
090202002,122.0,69.0,193,2.0,63.21,35.75
090202003,111.0,91.0,205,3.0,54.15,44.39
090203001,125.0,66.0,195,4.0,64.1,33.85
090203002,113.0,102.0,223,8.0,50.67,45.74
090203003,224.0,223.0,454,7.0,49.34,49.12
090203005,28.0,34.0,63,1.0,44.44,53.97
090301001,428.0,1500.0,1957,29.0,21.87,76.65
090301002,55.0,147.0,206,4.0,26.7,71.36
090301003,115.0,239.0,361,7.0,31.86,66.2
090301004,66.0,284.0,359,9.0,18.38,79.11
090301005,186.0,379.0,575,10.0,32.35,65.91
090301006,89.0,281.0,389,19.0,22.88,72.24
090301007,42.0,186.0,235,7.0,17.87,79.15
090302001,84.0,470.0,555,1.0,15.14,84.68
090302002,44.0,135.0,183,4.0,24.04,73.77
090302003,80.0,253.0,339,6.0,23.6,74.63
090302005,24.0,60.0,85,1.0,28.24,70.59
090303001,54.0,333.0,389,2.0,13.88,85.6
090303003,63.0,280.0,352,9.0,17.9,79.55
090303004,32.0,101.0,140,7.0,22.86,72.14
090303005,28.0,106.0,142,8.0,19.72,74.65
090303006,48.0,160.0,212,4.0,22.64,75.47
090303007,66.0,124.0,196,6.0,33.67,63.27
090304001,564.0,487.0,1058,7.0,53.31,46.03
090304002,157.0,180.0,344,7.0,45.64,52.33
090304003,41.0,20.0,62,1.0,66.13,32.26
090304004,337.0,249.0,607,21.0,55.52,41.02
090304005,156.0,272.0,445,17.0,35.06,61.12
090304006,135.0,301.0,447,11.0,30.2,67.34
090304007,82.0,100.0,192,10.0,42.71,52.08
090305001,109.0,752.0,883,22.0,12.34,85.16
090305002,30.0,175.0,212,7.0,14.15,82.55
090305004,73.0,309.0,395,13.0,18.48,78.23
090306001,110.0,499.0,623,14.0,17.66,80.1
090306002,45.0,230.0,275,0.0,16.36,83.64
090306003,20.0,68.0,88,0.0,22.73,77.27
090306004,18.0,119.0,144,7.0,12.5,82.64
090401001,141.0,413.0,564,10.0,25.0,73.23
090401002,345.0,770.0,1164,49.0,29.64,66.15
090401003,545.0,1663.0,2280,72.0,23.9,72.94
090401004,457.0,894.0,1386,35.0,32.97,64.5
090401005,231.0,1052.0,1310,27.0,17.63,80.31
090401006,369.0,1684.0,2102,49.0,17.55,80.11
090401007,533.0,2204.0,2808,71.0,18.98,78.49
090401009,226.0,1171.0,1433,36.0,15.77,81.72
090401010,354.0,1630.0,2024,40.0,17.49,80.53
090401011,255.0,801.0,1084,28.0,23.52,73.89
090401013,466.0,1265.0,1788,57.0,26.06,70.75
090401014,404.0,1052.0,1501,45.0,26.92,70.09
090401019,182.0,413.0,617,22.0,29.5,66.94
090401020,195.0,1046.0,1265,24.0,15.42,82.69
090401023,154.0,408.0,587,25.0,26.24,69.51
090401024,120.0,327.0,457,10.0,26.26,71.55
090401025,121.0,278.0,416,17.0,29.09,66.83
090402001,276.0,861.0,1159,22.0,23.81,74.29
090402002,260.0,685.0,963,18.0,27.0,71.13
090402003,146.0,864.0,1034,24.0,14.12,83.56
090402004,501.0,2245.0,2820,74.0,17.77,79.61
090402005,166.0,933.0,1136,37.0,14.61,82.13
090402006,210.0,1359.0,1593,24.0,13.18,85.31
090402007,154.0,711.0,882,17.0,17.46,80.61
090402008,513.0,1190.0,1759,56.0,29.16,67.65
090402009,296.0,603.0,928,29.0,31.9,64.98
090402010,396.0,1141.0,1584,47.0,25.0,72.03
090402011,343.0,1401.0,1793,49.0,19.13,78.14
090402012,161.0,390.0,569,18.0,28.3,68.54
090402013,277.0,1331.0,1644,36.0,16.85,80.96
090402014,462.0,1416.0,1917,39.0,24.1,73.87
090402015,184.0,706.0,907,17.0,20.29,77.84
090402016,121.0,480.0,623,22.0,19.42,77.05
090402017,476.0,2039.0,2597,82.0,18.33,78.51
090402019,313.0,1678.0,2043,52.0,15.32,82.13
090402020,189.0,878.0,1085,18.0,17.42,80.92
090402021,293.0,1355.0,1682,34.0,17.42,80.56
090402022,245.0,819.0,1088,24.0,22.52,75.28
090402023,348.0,1445.0,1826,33.0,19.06,79.13
090402024,216.0,1036.0,1293,41.0,16.71,80.12
090402025,216.0,1645.0,1887,26.0,11.45,87.18
090402026,119.0,401.0,529,9.0,22.5,75.8
090402027,54.0,222.0,280,4.0,19.29,79.29
090402028,210.0,657.0,886,19.0,23.7,74.15
090402029,83.0,180.0,269,6.0,30.86,66.91
090402030,102.0,223.0,329,4.0,31.0,67.78
090403001,360.0,1429.0,1835,46.0,19.62,77.87
090403002,281.0,889.0,1210,40.0,23.22,73.47
090403004,299.0,1020.0,1350,31.0,22.15,75.56
090403005,132.0,1234.0,1392,26.0,9.48,88.65
090403006,128.0,779.0,926,19.0,13.82,84.13
090403008,608.0,1527.0,2188,53.0,27.79,69.79
090403009,525.0,1709.0,2292,58.0,22.91,74.56
090403010,346.0,950.0,1342,46.0,25.78,70.79
090403011,290.0,1903.0,2226,33.0,13.03,85.49
090403012,403.0,1235.0,1676,38.0,24.05,73.69
090403013,116.0,734.0,859,9.0,13.5,85.45
090403014,342.0,1824.0,2213,47.0,15.45,82.42
090403015,97.0,394.0,514,23.0,18.87,76.65
090403016,156.0,1023.0,1201,22.0,12.99,85.18
090403018,170.0,524.0,711,17.0,23.91,73.7
090403019,303.0,624.0,949,22.0,31.93,65.75
090403020,572.0,1438.0,2058,48.0,27.79,69.87
090403021,381.0,1013.0,1423,29.0,26.77,71.19
090403022,635.0,967.0,1652,50.0,38.44,58.54
090403023,228.0,778.0,1026,20.0,22.22,75.83
090403024,249.0,501.0,770,20.0,32.34,65.06
090403026,209.0,430.0,662,23.0,31.57,64.95
090404001,104.0,382.0,497,11.0,20.93,76.86
090404002,505.0,958.0,1522,59.0,33.18,62.94
090404003,74.0,85.0,161,2.0,45.96,52.8
090404005,158.0,167.0,336,11.0,47.02,49.7
090404006,366.0,1122.0,1546,58.0,23.67,72.57
090404007,45.0,152.0,206,9.0,21.84,73.79
090404008,67.0,154.0,226,5.0,29.65,68.14
090404009,128.0,150.0,289,11.0,44.29,51.9
090404010,153.0,350.0,521,18.0,29.37,67.18
090404011,179.0,200.0,396,17.0,45.2,50.51
090404012,53.0,89.0,146,4.0,36.3,60.96
090404013,43.0,57.0,102,2.0,42.16,55.88
090404014,238.0,370.0,636,28.0,37.42,58.18
090501001,93.0,131.0,239,15.0,38.91,54.81
090501002,445.0,1180.0,1662,37.0,26.77,71.0
090501003,348.0,1123.0,1494,23.0,23.29,75.17
090501004,535.0,1445.0,2036,56.0,26.28,70.97
090501006,169.0,398.0,584,17.0,28.94,68.15
090501008,299.0,1105.0,1453,49.0,20.58,76.05
090501010,615.0,1264.0,1920,41.0,32.03,65.83
090501011,120.0,264.0,399,15.0,30.08,66.17
090501012,111.0,134.0,252,7.0,44.05,53.17
090501015,475.0,1273.0,1813,65.0,26.2,70.22
090502001,162.0,243.0,419,14.0,38.66,58.0
090502002,84.0,102.0,188,2.0,44.68,54.26
090502003,99.0,194.0,297,4.0,33.33,65.32
090503001,129.0,249.0,392,14.0,32.91,63.52
090505001,304.0,1481.0,1814,29.0,16.76,81.64
090505003,243.0,978.0,1250,29.0,19.44,78.24
090701002,104.0,376.0,492,12.0,21.14,76.42
090701003,437.0,1588.0,2057,32.0,21.24,77.2
090701004,83.0,233.0,324,8.0,25.62,71.91
090701005,137.0,269.0,418,12.0,32.78,64.35
090701006,65.0,167.0,238,6.0,27.31,70.17
090701008,60.0,79.0,140,1.0,42.86,56.43
090701009,174.0,530.0,724,20.0,24.03,73.2
090701010,217.0,395.0,624,12.0,34.78,63.3
090701011,63.0,201.0,270,6.0,23.33,74.44
090701012,67.0,110.0,184,7.0,36.41,59.78
090701013,82.0,190.0,281,9.0,29.18,67.62
090701016,102.0,122.0,228,4.0,44.74,53.51
090701017,94.0,117.0,214,3.0,43.93,54.67
090701020,268.0,857.0,1149,24.0,23.32,74.59
090702001,282.0,756.0,1060,22.0,26.6,71.32
090702002,199.0,510.0,724,15.0,27.49,70.44
090702003,93.0,232.0,329,4.0,28.27,70.52
090702004,70.0,97.0,172,5.0,40.7,56.4
090702005,130.0,312.0,453,11.0,28.7,68.87
090702006,49.0,80.0,133,4.0,36.84,60.15
090702007,75.0,57.0,135,3.0,55.56,42.22
090703001,173.0,368.0,547,6.0,31.63,67.28
090703002,151.0,356.0,515,8.0,29.32,69.13
090703003,44.0,81.0,132,7.0,33.33,61.36
090703005,151.0,330.0,499,18.0,30.26,66.13
090704001,284.0,1164.0,1486,38.0,19.11,78.33
090704002,99.0,161.0,267,7.0,37.08,60.3
090704003,56.0,85.0,145,4.0,38.62,58.62
090704004,74.0,167.0,252,11.0,29.37,66.27
090704005,59.0,71.0,133,3.0,44.36,53.38
090705001,201.0,581.0,797,15.0,25.22,72.9
090705002,54.0,59.0,114,1.0,47.37,51.75
090705004,114.0,168.0,283,1.0,40.28,59.36
090705005,37.0,119.0,160,4.0,23.12,74.38
090705006,31.0,89.0,124,4.0,25.0,71.77
090705007,45.0,77.0,124,2.0,36.29,62.1
090705009,21.0,95.0,117,1.0,17.95,81.2
090706002,148.0,596.0,757,13.0,19.55,78.73
090706003,141.0,241.0,393,11.0,35.88,61.32
090706004,84.0,149.0,239,6.0,35.15,62.34
090706005,133.0,145.0,290,12.0,45.86,50.0
090706006,103.0,125.0,234,6.0,44.02,53.42
090706007,89.0,129.0,230,12.0,38.7,56.09
090706008,32.0,137.0,175,6.0,18.29,78.29
090706009,584.0,1093.0,1713,36.0,34.09,63.81
090707001,140.0,249.0,395,6.0,35.44,63.04
090707002,146.0,681.0,845,18.0,17.28,80.59
090707003,138.0,120.0,271,13.0,50.92,44.28
090707004,46.0,65.0,111,0.0,41.44,58.56
090707005,42.0,29.0,72,1.0,58.33,40.28
090707007,61.0,44.0,115,10.0,53.04,38.26
090708001,320.0,626.0,955,9.0,33.51,65.55
090708002,58.0,122.0,181,1.0,32.04,67.4
090709001,196.0,770.0,1000,34.0,19.6,77.0
090709002,64.0,116.0,186,6.0,34.41,62.37
090801001,280.0,1251.0,1561,30.0,17.94,80.14
090801003,91.0,90.0,187,6.0,48.66,48.13
090801004,538.0,1501.0,2088,49.0,25.77,71.89
090801005,202.0,760.0,974,12.0,20.74,78.03
090801006,44.0,70.0,120,6.0,36.67,58.33
090801007,147.0,196.0,354,11.0,41.53,55.37
090801009,318.0,713.0,1045,14.0,30.43,68.23
090801010,21.0,41.0,63,1.0,33.33,65.08
090801012,151.0,294.0,452,7.0,33.41,65.04
090801014,68.0,53.0,124,3.0,54.84,42.74
090801015,94.0,837.0,944,13.0,9.96,88.67
090802001,159.0,284.0,450,7.0,35.33,63.11
090802002,24.0,44.0,71,3.0,33.8,61.97
090802003,132.0,368.0,509,9.0,25.93,72.3
090802004,51.0,42.0,97,4.0,52.58,43.3
090802005,15.0,41.0,57,1.0,26.32,71.93
090802006,60.0,47.0,114,7.0,52.63,41.23
090802007,69.0,61.0,131,1.0,52.67,46.56
090802008,27.0,39.0,68,2.0,39.71,57.35
090802009,40.0,19.0,60,1.0,66.67,31.67
090803001,21.0,140.0,165,4.0,12.73,84.85
090803002,53.0,87.0,147,7.0,36.05,59.18
090803003,31.0,41.0,73,1.0,42.47,56.16
090803004,84.0,83.0,169,2.0,49.7,49.11
090804001,267.0,778.0,1065,20.0,25.07,73.05
090804002,237.0,240.0,506,29.0,46.84,47.43
090804003,61.0,54.0,118,3.0,51.69,45.76
090804004,104.0,27.0,137,6.0,75.91,19.71
090804005,79.0,125.0,210,6.0,37.62,59.52
090804006,146.0,202.0,367,19.0,39.78,55.04
090804008,56.0,113.0,172,3.0,32.56,65.7
090804009,75.0,105.0,187,7.0,40.11,56.15
090804010,39.0,69.0,109,1.0,35.78,63.3
090804011,140.0,195.0,347,12.0,40.35,56.2
090804012,126.0,89.0,217,2.0,58.06,41.01
090805001,222.0,557.0,792,13.0,28.03,70.33
090805002,312.0,302.0,626,12.0,49.84,48.24
090805003,131.0,132.0,268,5.0,48.88,49.25
090805004,57.0,44.0,101,0.0,56.44,43.56
090901001,163.0,239.0,418,16.0,39.0,57.18
090901002,296.0,1392.0,1714,26.0,17.27,81.21
090901003,232.0,1007.0,1258,19.0,18.44,80.05
090901004,122.0,575.0,707,10.0,17.26,81.33
090901005,276.0,1382.0,1680,22.0,16.43,82.26
090901006,79.0,256.0,353,18.0,22.38,72.52
090901007,193.0,374.0,577,10.0,33.45,64.82
090901008,120.0,237.0,374,17.0,32.09,63.37
090901009,102.0,131.0,242,9.0,42.15,54.13
090901010,181.0,545.0,734,8.0,24.66,74.25
090901011,25.0,143.0,175,7.0,14.29,81.71
090901012,81.0,242.0,331,8.0,24.47,73.11
090901013,29.0,46.0,77,2.0,37.66,59.74
090901014,68.0,180.0,262,14.0,25.95,68.7
090901015,54.0,54.0,112,4.0,48.21,48.21
090901016,58.0,61.0,124,5.0,46.77,49.19
090901017,36.0,168.0,205,1.0,17.56,81.95
090902002,119.0,169.0,298,10.0,39.93,56.71
090902003,97.0,150.0,259,12.0,37.45,57.92
090902004,46.0,135.0,188,7.0,24.47,71.81
090902006,122.0,269.0,406,15.0,30.05,66.26
090902007,148.0,248.0,414,18.0,35.75,59.9
090902008,19.0,145.0,167,3.0,11.38,86.83
090902009,42.0,79.0,121,0.0,34.71,65.29
090902010,106.0,285.0,397,6.0,26.7,71.79
090902011,63.0,62.0,126,1.0,50.0,49.21
090903001,72.0,306.0,383,5.0,18.8,79.9
090903002,129.0,235.0,370,6.0,34.86,63.51
090903003,65.0,199.0,268,4.0,24.25,74.25
090903004,64.0,84.0,151,3.0,42.38,55.63
091001002,410.0,1042.0,1510,58.0,27.15,69.01
091001003,412.0,1633.0,2088,43.0,19.73,78.21
091001005,195.0,385.0,593,13.0,32.88,64.92
091001006,611.0,1041.0,1711,59.0,35.71,60.84
091001007,691.0,1666.0,2423,66.0,28.52,68.76
091001008,394.0,1107.0,1554,53.0,25.35,71.24
091001012,148.0,565.0,733,20.0,20.19,77.08
091001014,163.0,640.0,816,13.0,19.98,78.43
091001016,277.0,533.0,826,16.0,33.54,64.53
091001017,375.0,983.0,1391,33.0,26.96,70.67
091001018,164.0,262.0,438,12.0,37.44,59.82
091001020,379.0,1255.0,1662,28.0,22.8,75.51
091001021,270.0,1141.0,1438,27.0,18.78,79.35
091001022,554.0,1389.0,2007,64.0,27.6,69.21
091001023,415.0,1300.0,1759,44.0,23.59,73.91
091001024,950.0,1843.0,2901,108.0,32.75,63.53
091001027,259.0,763.0,1044,22.0,24.81,73.08
091001029,657.0,922.0,1639,60.0,40.09,56.25
091001030,271.0,707.0,1010,32.0,26.83,70.0
091001031,222.0,1459.0,1705,24.0,13.02,85.57
091001032,197.0,560.0,769,12.0,25.62,72.82
091001034,139.0,546.0,703,18.0,19.77,77.67
091001038,194.0,736.0,946,16.0,20.51,77.8
091001039,347.0,1348.0,1731,36.0,20.05,77.87
091001040,242.0,1087.0,1357,28.0,17.83,80.1
091001041,151.0,397.0,571,23.0,26.44,69.53
091001042,250.0,768.0,1037,19.0,24.11,74.06
091001047,199.0,466.0,682,17.0,29.18,68.33
091001049,198.0,200.0,420,22.0,47.14,47.62
091001050,190.0,188.0,389,11.0,48.84,48.33
091001052,281.0,234.0,532,17.0,52.82,43.98
091001055,203.0,840.0,1064,21.0,19.08,78.95
091002001,66.0,404.0,476,6.0,13.87,84.87
091002002,256.0,1132.0,1424,36.0,17.98,79.49
091002004,169.0,896.0,1086,21.0,15.56,82.5
091002005,352.0,1723.0,2116,41.0,16.64,81.43
091002006,96.0,374.0,477,7.0,20.13,78.41
091002007,35.0,252.0,290,3.0,12.07,86.9
091002008,185.0,797.0,999,17.0,18.52,79.78
091002011,353.0,1247.0,1636,36.0,21.58,76.22
091002013,95.0,849.0,956,12.0,9.94,88.81
091002015,251.0,835.0,1119,33.0,22.43,74.62
091002017,92.0,321.0,422,9.0,21.8,76.07
091002019,227.0,587.0,837,23.0,27.12,70.13
091002020,104.0,463.0,581,14.0,17.9,79.69
091002022,61.0,349.0,412,2.0,14.81,84.71
091002024,215.0,709.0,948,24.0,22.68,74.79
091003001,229.0,1141.0,1395,25.0,16.42,81.79
091003004,208.0,698.0,930,24.0,22.37,75.05
091003007,219.0,839.0,1082,24.0,20.24,77.54
091003008,368.0,1179.0,1588,41.0,23.17,74.24
091003009,68.0,269.0,345,8.0,19.71,77.97
091003011,160.0,532.0,710,18.0,22.54,74.93
091004001,94.0,347.0,456,15.0,20.61,76.1
091004002,66.0,90.0,162,6.0,40.74,55.56
091004003,120.0,121.0,251,10.0,47.81,48.21
091004005,231.0,389.0,641,21.0,36.04,60.69
091004006,50.0,134.0,195,11.0,25.64,68.72
091004007,134.0,354.0,507,19.0,26.43,69.82
091004010,79.0,158.0,243,6.0,32.51,65.02
091004011,93.0,140.0,235,2.0,39.57,59.57
091004014,123.0,232.0,365,10.0,33.7,63.56
091005001,229.0,505.0,755,21.0,30.33,66.89
091006001,279.0,525.0,817,13.0,34.15,64.26
091006002,121.0,289.0,429,19.0,28.21,67.37
091006004,110.0,182.0,303,11.0,36.3,60.07
091006006,74.0,63.0,141,4.0,52.48,44.68
091006007,31.0,37.0,69,1.0,44.93,53.62
091006008,37.0,119.0,158,2.0,23.42,75.32
091006009,85.0,55.0,142,2.0,59.86,38.73
091007001,389.0,457.0,864,18.0,45.02,52.89
091007002,208.0,425.0,653,20.0,31.85,65.08
091007004,87.0,133.0,224,4.0,38.84,59.38
091101001,527.0,573.0,1123,23.0,46.93,51.02
091101002,163.0,49.0,221,9.0,73.76,22.17
091101003,82.0,118.0,205,5.0,40.0,57.56
091101004,132.0,156.0,299,11.0,44.15,52.17
091101006,131.0,173.0,316,12.0,41.46,54.75
091101007,147.0,97.0,246,2.0,59.76,39.43
091101008,95.0,66.0,168,7.0,56.55,39.29
091101009,78.0,81.0,160,1.0,48.75,50.62
091101010,60.0,23.0,87,4.0,68.97,26.44
091101011,69.0,32.0,104,3.0,66.35,30.77
091101012,91.0,35.0,130,4.0,70.0,26.92
091102001,280.0,399.0,696,17.0,40.23,57.33
091102002,99.0,66.0,168,3.0,58.93,39.29
091102004,163.0,62.0,229,4.0,71.18,27.07
091102005,130.0,177.0,319,12.0,40.75,55.49
091102006,37.0,14.0,54,3.0,68.52,25.93
091103001,345.0,242.0,604,17.0,57.12,40.07
091103002,99.0,57.0,166,10.0,59.64,34.34
091103004,147.0,61.0,223,15.0,65.92,27.35
091103006,73.0,26.0,110,11.0,66.36,23.64
091103008,126.0,53.0,186,7.0,67.74,28.49
091103012,92.0,28.0,124,4.0,74.19,22.58
091201001,134.0,445.0,591,12.0,22.67,75.3
091201002,284.0,1447.0,1752,21.0,16.21,82.59
091201003,215.0,905.0,1135,15.0,18.94,79.74
091201004,146.0,936.0,1090,8.0,13.39,85.87
091201005,155.0,923.0,1087,9.0,14.26,84.91
091201006,133.0,344.0,488,11.0,27.25,70.49
091201007,146.0,304.0,458,8.0,31.88,66.38
091201008,164.0,211.0,378,3.0,43.39,55.82
091201009,60.0,281.0,349,8.0,17.19,80.52
091201011,47.0,410.0,464,7.0,10.13,88.36
091201012,94.0,180.0,275,1.0,34.18,65.45
091201013,76.0,335.0,419,8.0,18.14,79.95
091201014,140.0,576.0,732,16.0,19.13,78.69
091201015,354.0,1185.0,1576,37.0,22.46,75.19
091201016,182.0,304.0,495,9.0,36.77,61.41
091201020,255.0,378.0,644,11.0,39.6,58.7
091201021,91.0,34.0,125,0.0,72.8,27.2
091201022,111.0,281.0,404,12.0,27.48,69.55
091201023,86.0,174.0,267,7.0,32.21,65.17
091201024,75.0,152.0,230,3.0,32.61,66.09
091201025,35.0,69.0,106,2.0,33.02,65.09
091202001,204.0,387.0,605,14.0,33.72,63.97
091202002,389.0,864.0,1281,28.0,30.37,67.45
091202003,91.0,95.0,188,2.0,48.4,50.53
091202005,185.0,250.0,441,6.0,41.95,56.69
091202006,105.0,276.0,388,7.0,27.06,71.13
091202010,142.0,360.0,509,7.0,27.9,70.73
091202011,54.0,71.0,127,2.0,42.52,55.91
091301001,581.0,1500.0,2132,51.0,27.25,70.36
091301002,186.0,768.0,967,13.0,19.23,79.42
091301003,359.0,934.0,1318,25.0,27.24,70.86
091301004,382.0,1281.0,1695,32.0,22.54,75.58
091301005,186.0,573.0,772,13.0,24.09,74.22
091301006,99.0,128.0,236,9.0,41.95,54.24
091301007,51.0,154.0,213,8.0,23.94,72.3
091301008,60.0,77.0,142,5.0,42.25,54.23
091301009,75.0,247.0,332,10.0,22.59,74.4
091301010,293.0,859.0,1176,24.0,24.91,73.04
091301011,296.0,608.0,934,30.0,31.69,65.1
091301012,48.0,72.0,125,5.0,38.4,57.6
091301013,99.0,113.0,222,10.0,44.59,50.9
091301014,128.0,298.0,435,9.0,29.43,68.51
091301015,64.0,57.0,124,3.0,51.61,45.97
091301017,132.0,232.0,371,7.0,35.58,62.53
091301018,196.0,416.0,626,14.0,31.31,66.45
091301020,110.0,145.0,264,9.0,41.67,54.92
091302001,71.0,318.0,398,9.0,17.84,79.9
091303001,85.0,165.0,254,4.0,33.46,64.96
091303002,170.0,342.0,525,13.0,32.38,65.14
091303003,38.0,83.0,123,2.0,30.89,67.48
091303004,36.0,56.0,95,3.0,37.89,58.95
091303005,40.0,59.0,106,7.0,37.74,55.66
091304001,120.0,280.0,407,7.0,29.48,68.8
091304002,117.0,91.0,212,4.0,55.19,42.92
091304003,36.0,66.0,106,4.0,33.96,62.26
091304004,39.0,72.0,122,11.0,31.97,59.02
091304005,35.0,77.0,113,1.0,30.97,68.14
091304006,64.0,16.0,82,2.0,78.05,19.51
091304007,20.0,54.0,74,0.0,27.03,72.97
091305001,21.0,56.0,83,6.0,25.3,67.47
091305004,85.0,32.0,121,4.0,70.25,26.45
091305005,34.0,49.0,85,2.0,40.0,57.65
091401001,413.0,1692.0,2132,27.0,19.37,79.36
091401002,101.0,350.0,464,13.0,21.77,75.43
091401003,218.0,1347.0,1585,20.0,13.75,84.98
091401004,236.0,1169.0,1423,18.0,16.58,82.15
091401005,368.0,1993.0,2395,34.0,15.37,83.22
091401006,356.0,1355.0,1738,27.0,20.48,77.96
091401007,68.0,257.0,329,4.0,20.67,78.12
091401008,119.0,268.0,393,6.0,30.28,68.19
091401009,57.0,308.0,377,12.0,15.12,81.7
091401010,39.0,196.0,240,5.0,16.25,81.67
091401011,7.0,52.0,60,1.0,11.67,86.67
091401012,78.0,140.0,219,1.0,35.62,63.93
091401013,152.0,420.0,582,10.0,26.12,72.16
091401014,101.0,280.0,389,8.0,25.96,71.98
091401015,204.0,723.0,947,20.0,21.54,76.35
091501002,170.0,773.0,958,15.0,17.75,80.69
091501003,165.0,605.0,787,17.0,20.97,76.87
091501005,224.0,468.0,719,27.0,31.15,65.09
091501006,181.0,848.0,1063,34.0,17.03,79.77
091501007,96.0,329.0,434,9.0,22.12,75.81
091501008,229.0,277.0,520,14.0,44.04,53.27
091502001,311.0,697.0,1041,33.0,29.88,66.95
091503001,223.0,436.0,671,12.0,33.23,64.98
091503002,420.0,578.0,1018,20.0,41.26,56.78
091503003,169.0,214.0,394,11.0,42.89,54.31
091503005,79.0,80.0,164,5.0,48.17,48.78
091503006,79.0,40.0,121,2.0,65.29,33.06
091503007,91.0,129.0,223,3.0,40.81,57.85
091503008,63.0,80.0,154,11.0,40.91,51.95
091503009,91.0,107.0,202,4.0,45.05,52.97
091601002,671.0,1151.0,1860,38.0,36.08,61.88
091601003,560.0,1085.0,1701,56.0,32.92,63.79
091601004,416.0,998.0,1471,57.0,28.28,67.85
091601005,258.0,861.0,1144,25.0,22.55,75.26
091601006,294.0,728.0,1043,21.0,28.19,69.8
091601007,70.0,213.0,288,5.0,24.31,73.96
091601008,113.0,202.0,322,7.0,35.09,62.73
091601009,173.0,259.0,435,3.0,39.77,59.54
091601010,303.0,753.0,1092,36.0,27.75,68.96
091601011,500.0,1263.0,1789,26.0,27.95,70.6
091601012,156.0,427.0,604,21.0,25.83,70.7
091602001,281.0,1703.0,2011,27.0,13.97,84.68
091602002,464.0,1663.0,2188,61.0,21.21,76.01
091602003,527.0,1163.0,1734,44.0,30.39,67.07
091602004,275.0,1262.0,1566,29.0,17.56,80.59
091602005,444.0,1620.0,2121,57.0,20.93,76.38
091602006,155.0,333.0,500,12.0,31.0,66.6
091701001,386.0,555.0,955,14.0,40.42,58.12
091701002,68.0,89.0,163,6.0,41.72,54.6
091701003,57.0,77.0,134,0.0,42.54,57.46
091701004,107.0,272.0,394,15.0,27.16,69.04
091701005,94.0,146.0,251,11.0,37.45,58.17
091701006,18.0,90.0,108,0.0,16.67,83.33
091701007,74.0,112.0,189,3.0,39.15,59.26
091701008,36.0,52.0,89,1.0,40.45,58.43
091701009,218.0,481.0,718,19.0,30.36,66.99
091701010,49.0,32.0,82,1.0,59.76,39.02
091701011,60.0,83.0,150,7.0,40.0,55.33
091701013,31.0,157.0,189,1.0,16.4,83.07
091701016,39.0,46.0,87,2.0,44.83,52.87
091701018,57.0,46.0,106,3.0,53.77,43.4
091701019,31.0,20.0,52,1.0,59.62,38.46
091702007,15.0,127.0,147,5.0,10.2,86.39
091702009,31.0,109.0,145,5.0,21.38,75.17
091801001,223.0,618.0,857,16.0,26.02,72.11
091801002,227.0,765.0,1018,26.0,22.3,75.15
091801003,154.0,329.0,495,12.0,31.11,66.46
091801005,163.0,184.0,358,11.0,45.53,51.4
091801007,130.0,257.0,396,9.0,32.83,64.9
091801009,97.0,60.0,159,2.0,61.01,37.74
091801010,34.0,76.0,112,2.0,30.36,67.86
091801011,79.0,177.0,269,13.0,29.37,65.8
091801012,164.0,176.0,357,17.0,45.94,49.3
091802001,104.0,172.0,284,8.0,36.62,60.56
091802002,244.0,250.0,497,3.0,49.09,50.3
091802003,100.0,86.0,194,8.0,51.55,44.33
091802004,154.0,154.0,312,4.0,49.36,49.36
091802005,192.0,371.0,578,15.0,33.22,64.19
091802008,87.0,110.0,201,4.0,43.28,54.73
091802009,57.0,38.0,99,4.0,57.58,38.38
091802010,51.0,51.0,104,2.0,49.04,49.04
091803003,205.0,392.0,603,6.0,34.0,65.01
091803004,65.0,83.0,155,7.0,41.94,53.55
091803005,101.0,26.0,131,4.0,77.1,19.85
091803007,74.0,44.0,118,0.0,62.71,37.29
091901001,79.0,145.0,227,3.0,34.8,63.88
091901002,187.0,647.0,841,7.0,22.24,76.93
091901003,230.0,705.0,949,14.0,24.24,74.29
091901004,178.0,373.0,561,10.0,31.73,66.49
091901005,73.0,163.0,242,6.0,30.17,67.36
091901006,112.0,300.0,424,12.0,26.42,70.75
091901007,39.0,205.0,249,5.0,15.66,82.33
091901008,283.0,416.0,707,8.0,40.03,58.84
091901009,20.0,71.0,91,0.0,21.98,78.02
091901010,71.0,127.0,209,11.0,33.97,60.77
091901012,59.0,79.0,143,5.0,41.26,55.24
091901013,59.0,24.0,86,3.0,68.6,27.91
091901015,185.0,284.0,478,9.0,38.7,59.41
092001001,118.0,382.0,510,10.0,23.14,74.9
092001003,63.0,137.0,203,3.0,31.03,67.49
092001004,131.0,390.0,528,7.0,24.81,73.86
092001005,133.0,294.0,434,7.0,30.65,67.74
092001006,142.0,69.0,213,2.0,66.67,32.39
092001007,46.0,145.0,196,5.0,23.47,73.98
092001011,37.0,55.0,94,2.0,39.36,58.51
092001012,134.0,120.0,255,1.0,52.55,47.06
092001013,97.0,60.0,161,4.0,60.25,37.27
092002001,112.0,216.0,334,6.0,33.53,64.67
092002002,68.0,138.0,214,8.0,31.78,64.49
092002003,62.0,52.0,115,1.0,53.91,45.22
092002004,45.0,48.0,93,0.0,48.39,51.61
092002005,40.0,89.0,130,1.0,30.77,68.46
092002006,63.0,31.0,101,7.0,62.38,30.69
092003001,331.0,797.0,1149,21.0,28.81,69.36
092003004,99.0,132.0,231,0.0,42.86,57.14
092003005,28.0,89.0,120,3.0,23.33,74.17
092003006,68.0,59.0,128,1.0,53.12,46.09
092101001,181.0,730.0,927,16.0,19.53,78.75
092101002,154.0,588.0,751,9.0,20.51,78.3
092101004,309.0,1168.0,1507,30.0,20.5,77.5
092101005,129.0,551.0,697,17.0,18.51,79.05
092101006,40.0,216.0,260,4.0,15.38,83.08
092101007,370.0,905.0,1306,31.0,28.33,69.3
092101008,109.0,78.0,188,1.0,57.98,41.49
092101009,78.0,43.0,122,1.0,63.93,35.25
092201001,481.0,414.0,919,24.0,52.34,45.05
092201002,114.0,98.0,215,3.0,53.02,45.58
092201003,183.0,141.0,339,15.0,53.98,41.59
092201004,144.0,74.0,224,6.0,64.29,33.04
092201005,191.0,103.0,306,12.0,62.42,33.66
092201007,107.0,77.0,191,7.0,56.02,40.31
092201008,74.0,80.0,156,2.0,47.44,51.28
092201009,81.0,110.0,194,3.0,41.75,56.7
092201011,53.0,59.0,116,4.0,45.69,50.86
092301001,85.0,82.0,171,4.0,49.71,47.95
092301002,240.0,374.0,632,18.0,37.97,59.18
092301003,413.0,642.0,1072,17.0,38.53,59.89
092301004,81.0,15.0,98,2.0,82.65,15.31
092301005,100.0,103.0,208,5.0,48.08,49.52
092301006,42.0,22.0,64,0.0,65.62,34.38
092301007,90.0,144.0,243,9.0,37.04,59.26
092301008,113.0,118.0,237,6.0,47.68,49.79
092302001,168.0,231.0,407,8.0,41.28,56.76
092302002,39.0,29.0,72,4.0,54.17,40.28
092302003,94.0,36.0,144,14.0,65.28,25.0
092302006,53.0,45.0,99,1.0,53.54,45.45
092401001,488.0,935.0,1456,33.0,33.52,64.22
092401002,142.0,144.0,294,8.0,48.3,48.98
092401003,227.0,400.0,634,7.0,35.8,63.09
092401004,191.0,232.0,437,14.0,43.71,53.09
092401006,53.0,75.0,137,9.0,38.69,54.74
092401007,44.0,77.0,123,2.0,35.77,62.6
092401008,20.0,96.0,119,3.0,16.81,80.67
092401009,117.0,261.0,384,6.0,30.47,67.97
092402002,73.0,121.0,194,0.0,37.63,62.37
092402003,100.0,272.0,374,2.0,26.74,72.73
092402005,91.0,67.0,158,0.0,57.59,42.41
092402007,88.0,190.0,285,7.0,30.88,66.67
092402008,42.0,87.0,129,0.0,32.56,67.44
092402009,64.0,45.0,111,2.0,57.66,40.54
092402010,32.0,31.0,66,3.0,48.48,46.97
092501001,126.0,245.0,381,10.0,33.07,64.3
092501002,236.0,642.0,896,18.0,26.34,71.65
092501003,58.0,107.0,170,5.0,34.12,62.94
092501004,204.0,379.0,591,8.0,34.52,64.13
092501005,90.0,65.0,161,6.0,55.9,40.37
092501006,88.0,100.0,190,2.0,46.32,52.63
092501007,114.0,99.0,216,3.0,52.78,45.83
092501012,79.0,68.0,149,2.0,53.02,45.64
092501013,91.0,43.0,139,5.0,65.47,30.94
100101001,167.0,219.0,393,7.0,42.49,55.73
100101002,903.0,1700.0,2663,60.0,33.91,63.84
100101003,461.0,854.0,1336,21.0,34.51,63.92
100101004,711.0,1507.0,2277,59.0,31.23,66.18
100101005,707.0,1459.0,2224,58.0,31.79,65.6
100101006,477.0,1230.0,1745,38.0,27.34,70.49
100101007,842.0,2319.0,3242,81.0,25.97,71.53
100101008,541.0,1840.0,2438,57.0,22.19,75.47
100101009,260.0,801.0,1086,25.0,23.94,73.76
100101010,973.0,1806.0,2847,68.0,34.18,63.44
100101011,276.0,1534.0,1840,30.0,15.0,83.37
100101012,323.0,1568.0,1910,19.0,16.91,82.09
100101013,447.0,2314.0,2817,56.0,15.87,82.14
100101014,401.0,818.0,1248,29.0,32.13,65.54
100101015,644.0,2140.0,2856,72.0,22.55,74.93
100101016,365.0,621.0,1019,33.0,35.82,60.94
100101017,437.0,1887.0,2365,41.0,18.48,79.79
100101018,215.0,591.0,824,18.0,26.09,71.72
100101019,345.0,1764.0,2146,37.0,16.08,82.2
100101020,155.0,636.0,804,13.0,19.28,79.1
100101021,264.0,1657.0,1961,40.0,13.46,84.5
100101022,132.0,354.0,506,20.0,26.09,69.96
100101023,216.0,189.0,423,18.0,51.06,44.68
100101024,321.0,372.0,715,22.0,44.9,52.03
100101028,165.0,259.0,441,17.0,37.41,58.73
100101030,156.0,61.0,228,11.0,68.42,26.75
100101031,114.0,162.0,286,10.0,39.86,56.64
100101035,135.0,313.0,455,7.0,29.67,68.79
100101036,106.0,381.0,499,12.0,21.24,76.35
100101037,171.0,255.0,434,8.0,39.4,58.76
100101038,501.0,1271.0,1811,39.0,27.66,70.18
100101039,298.0,835.0,1150,17.0,25.91,72.61
100101040,104.0,267.0,377,6.0,27.59,70.82
100101041,76.0,330.0,415,9.0,18.31,79.52
100101043,124.0,296.0,432,12.0,28.7,68.52
100101044,67.0,154.0,225,4.0,29.78,68.44
100101045,200.0,510.0,725,15.0,27.59,70.34
100101046,210.0,107.0,324,7.0,64.81,33.02
100101047,112.0,317.0,437,8.0,25.63,72.54
100101048,72.0,229.0,305,4.0,23.61,75.08
100101049,116.0,88.0,211,7.0,54.98,41.71
100101050,249.0,437.0,694,8.0,35.88,62.97
100101054,209.0,282.0,499,8.0,41.88,56.51
100101055,273.0,177.0,466,16.0,58.58,37.98
100101056,228.0,182.0,421,11.0,54.16,43.23
100101057,258.0,265.0,538,15.0,47.96,49.26
100101058,217.0,134.0,354,3.0,61.3,37.85
100101059,141.0,130.0,283,12.0,49.82,45.94
100101061,48.0,41.0,93,4.0,51.61,44.09
100101062,167.0,122.0,294,5.0,56.8,41.5
100101063,123.0,157.0,291,11.0,42.27,53.95
100101065,144.0,92.0,242,6.0,59.5,38.02
100102003,48.0,28.0,80,4.0,60.0,35.0
100102004,108.0,111.0,226,7.0,47.79,49.12
100102005,12.0,74.0,88,2.0,13.64,84.09
100201001,541.0,1246.0,1826,39.0,29.63,68.24
100201002,541.0,992.0,1566,33.0,34.55,63.35
100201003,292.0,374.0,676,10.0,43.2,55.33
100201004,456.0,1033.0,1525,36.0,29.9,67.74
100201005,148.0,205.0,357,4.0,41.46,57.42
100201006,387.0,696.0,1102,19.0,35.12,63.16
100201007,394.0,765.0,1189,30.0,33.14,64.34
100201008,101.0,76.0,179,2.0,56.42,42.46
100201010,145.0,289.0,440,6.0,32.95,65.68
100201011,180.0,464.0,657,13.0,27.4,70.62
100201012,264.0,230.0,504,10.0,52.38,45.63
100201014,217.0,249.0,475,9.0,45.68,52.42
100201015,205.0,132.0,345,8.0,59.42,38.26
100201016,566.0,637.0,1229,26.0,46.05,51.83
100201019,78.0,130.0,215,7.0,36.28,60.47
100201020,69.0,63.0,134,2.0,51.49,47.01
100201023,87.0,66.0,156,3.0,55.77,42.31
100201024,131.0,71.0,203,1.0,64.53,34.98
100201025,56.0,11.0,69,2.0,81.16,15.94
100202001,261.0,449.0,726,16.0,35.95,61.85
100202002,126.0,88.0,217,3.0,58.06,40.55
100301001,623.0,2160.0,2860,77.0,21.78,75.52
100301002,595.0,1109.0,1762,58.0,33.77,62.94
100301003,542.0,1522.0,2118,54.0,25.59,71.86
100301005,383.0,903.0,1310,24.0,29.24,68.93
100301006,627.0,791.0,1462,44.0,42.89,54.1
100301007,240.0,395.0,657,22.0,36.53,60.12
100301008,427.0,1072.0,1544,45.0,27.66,69.43
100301009,775.0,1889.0,2738,74.0,28.31,68.99
100301010,248.0,645.0,916,23.0,27.07,70.41
100301011,500.0,1211.0,1745,34.0,28.65,69.4
100301012,262.0,1336.0,1627,29.0,16.1,82.11
100301013,222.0,759.0,999,18.0,22.22,75.98
100301014,293.0,931.0,1256,32.0,23.33,74.12
100301015,826.0,2095.0,2977,56.0,27.75,70.37
100301016,264.0,861.0,1151,26.0,22.94,74.8
100301017,342.0,634.0,1002,26.0,34.13,63.27
100301018,105.0,42.0,147,0.0,71.43,28.57
100301019,151.0,152.0,310,7.0,48.71,49.03
100301020,266.0,283.0,571,22.0,46.58,49.56
100301021,725.0,1844.0,2611,42.0,27.77,70.62
100301022,239.0,144.0,398,15.0,60.05,36.18
100301023,610.0,728.0,1365,27.0,44.69,53.33
100301024,110.0,176.0,299,13.0,36.79,58.86
100301026,131.0,85.0,219,3.0,59.82,38.81
100301027,260.0,214.0,494,20.0,52.63,43.32
100301028,88.0,40.0,132,4.0,66.67,30.3
100301029,662.0,1374.0,2097,61.0,31.57,65.52
100301030,440.0,716.0,1189,33.0,37.01,60.22
100301031,1102.0,1393.0,2576,81.0,42.78,54.08
100301033,335.0,524.0,880,21.0,38.07,59.55
100301034,282.0,244.0,532,6.0,53.01,45.86
100301035,241.0,518.0,783,24.0,30.78,66.16
100301036,172.0,528.0,708,8.0,24.29,74.58
100301037,144.0,482.0,644,18.0,22.36,74.84
100301038,342.0,521.0,882,19.0,38.78,59.07
100301039,171.0,489.0,675,15.0,25.33,72.44
100301040,178.0,313.0,500,9.0,35.6,62.6
100301042,420.0,536.0,980,24.0,42.86,54.69
100301043,404.0,617.0,1059,38.0,38.15,58.26
100301044,548.0,1240.0,1828,40.0,29.98,67.83
100301045,437.0,651.0,1108,20.0,39.44,58.75
100301046,370.0,457.0,848,21.0,43.63,53.89
100301047,296.0,951.0,1266,19.0,23.38,75.12
100301048,254.0,193.0,454,7.0,55.95,42.51
100301049,241.0,213.0,479,25.0,50.31,44.47
100301051,308.0,881.0,1214,25.0,25.37,72.57
100301053,107.0,65.0,179,7.0,59.78,36.31
100301054,155.0,117.0,282,10.0,54.96,41.49
100301055,263.0,148.0,425,14.0,61.88,34.82
100301056,574.0,299.0,897,24.0,63.99,33.33
100301057,216.0,151.0,382,15.0,56.54,39.53
100301058,147.0,111.0,264,6.0,55.68,42.05
100301059,174.0,198.0,381,9.0,45.67,51.97
100301060,205.0,175.0,388,8.0,52.84,45.1
100301061,344.0,371.0,728,13.0,47.25,50.96
100301062,165.0,247.0,421,9.0,39.19,58.67
100301063,150.0,154.0,312,8.0,48.08,49.36
100302001,255.0,416.0,690,19.0,36.96,60.29
100303001,159.0,292.0,458,7.0,34.72,63.76
100303002,149.0,238.0,392,5.0,38.01,60.71
100303004,106.0,79.0,189,4.0,56.08,41.8
100304001,429.0,680.0,1128,19.0,38.03,60.28
100304002,270.0,136.0,412,6.0,65.53,33.01
100304003,210.0,338.0,554,6.0,37.91,61.01
100304004,119.0,120.0,243,4.0,48.97,49.38
100401001,564.0,406.0,1001,31.0,56.34,40.56
100401002,640.0,573.0,1243,30.0,51.49,46.1
100401003,590.0,1818.0,2455,47.0,24.03,74.05
100401004,358.0,640.0,1022,24.0,35.03,62.62
100401005,729.0,980.0,1750,41.0,41.66,56.0
100401006,271.0,200.0,484,13.0,55.99,41.32
100401007,423.0,968.0,1426,35.0,29.66,67.88
100401008,338.0,632.0,986,16.0,34.28,64.1
100401009,402.0,816.0,1245,27.0,32.29,65.54
100401010,214.0,963.0,1199,22.0,17.85,80.32
100401011,327.0,695.0,1039,17.0,31.47,66.89
100401013,575.0,815.0,1429,39.0,40.24,57.03
100401014,567.0,1061.0,1661,33.0,34.14,63.88
100401015,454.0,683.0,1167,30.0,38.9,58.53
100401016,183.0,118.0,308,7.0,59.42,38.31
100401017,141.0,366.0,522,15.0,27.01,70.11
100401018,116.0,324.0,449,9.0,25.84,72.16
100401019,147.0,276.0,425,2.0,34.59,64.94
100401027,86.0,232.0,322,4.0,26.71,72.05
100401028,502.0,439.0,956,15.0,52.51,45.92
100401029,397.0,248.0,657,12.0,60.43,37.75
100401031,208.0,207.0,424,9.0,49.06,48.82
100401033,162.0,75.0,242,5.0,66.94,30.99
100401036,127.0,51.0,186,8.0,68.28,27.42
100401037,200.0,101.0,313,12.0,63.9,32.27
100401038,84.0,149.0,234,1.0,35.9,63.68
100401039,204.0,153.0,365,8.0,55.89,41.92
100401040,88.0,26.0,118,4.0,74.58,22.03
100401041,149.0,116.0,268,3.0,55.6,43.28
100401042,131.0,130.0,266,5.0,49.25,48.87
100402001,453.0,704.0,1188,31.0,38.13,59.26
100402002,48.0,185.0,237,4.0,20.25,78.06
100402003,41.0,143.0,186,2.0,22.04,76.88
100402005,58.0,52.0,113,3.0,51.33,46.02
100402006,138.0,42.0,187,7.0,73.8,22.46
100404001,575.0,442.0,1052,35.0,54.66,42.02
100404002,110.0,153.0,264,1.0,41.67,57.95
100404003,101.0,67.0,172,4.0,58.72,38.95
100405001,517.0,922.0,1478,39.0,34.98,62.38
100405002,135.0,85.0,229,9.0,58.95,37.12
100405003,284.0,390.0,686,12.0,41.4,56.85
100406001,143.0,227.0,378,8.0,37.83,60.05
100406004,139.0,135.0,278,4.0,50.0,48.56
100407001,394.0,704.0,1126,28.0,34.99,62.52
100407002,247.0,142.0,400,11.0,61.75,35.5
100407003,204.0,297.0,506,5.0,40.32,58.7
100501001,271.0,853.0,1148,24.0,23.61,74.3
100501002,250.0,781.0,1051,20.0,23.79,74.31
100501003,50.0,59.0,112,3.0,44.64,52.68
100501004,252.0,1052.0,1319,15.0,19.11,79.76
100501005,60.0,59.0,119,0.0,50.42,49.58
100501006,125.0,105.0,238,8.0,52.52,44.12
100501007,64.0,76.0,143,3.0,44.76,53.15
100501008,282.0,440.0,738,16.0,38.21,59.62
100501009,511.0,763.0,1296,22.0,39.43,58.87
100501010,157.0,232.0,389,0.0,40.36,59.64
100501011,111.0,125.0,248,12.0,44.76,50.4
100501012,346.0,578.0,941,17.0,36.77,61.42
100501013,55.0,145.0,205,5.0,26.83,70.73
100501014,323.0,762.0,1097,12.0,29.44,69.46
100501015,151.0,83.0,235,1.0,64.26,35.32
100501016,56.0,88.0,147,3.0,38.1,59.86
100501017,85.0,78.0,164,1.0,51.83,47.56
100501018,111.0,128.0,245,6.0,45.31,52.24
100501019,101.0,54.0,165,10.0,61.21,32.73
100501020,336.0,747.0,1099,16.0,30.57,67.97
100501021,271.0,420.0,705,14.0,38.44,59.57
100501023,126.0,266.0,394,2.0,31.98,67.51
100501024,177.0,444.0,632,11.0,28.01,70.25
100501025,102.0,273.0,383,8.0,26.63,71.28
100501026,151.0,298.0,456,7.0,33.11,65.35
100501027,192.0,291.0,493,10.0,38.95,59.03
100501028,173.0,235.0,417,9.0,41.49,56.35
100501029,192.0,279.0,476,5.0,40.34,58.61
100501030,130.0,201.0,334,3.0,38.92,60.18
100501031,61.0,120.0,184,3.0,33.15,65.22
100501032,180.0,187.0,372,5.0,48.39,50.27
100501034,35.0,108.0,146,3.0,23.97,73.97
100501035,35.0,50.0,90,5.0,38.89,55.56
100501036,91.0,214.0,308,3.0,29.55,69.48
100501037,103.0,83.0,189,3.0,54.5,43.92
100501039,54.0,58.0,115,3.0,46.96,50.43
100501040,70.0,30.0,107,7.0,65.42,28.04
100501041,108.0,95.0,205,2.0,52.68,46.34
100501042,92.0,171.0,267,4.0,34.46,64.04
100501043,127.0,131.0,271,13.0,46.86,48.34
100501044,128.0,119.0,250,3.0,51.2,47.6
100502001,206.0,258.0,473,9.0,43.55,54.55
100502002,105.0,79.0,187,3.0,56.15,42.25
100502003,264.0,231.0,497,2.0,53.12,46.48
100601001,529.0,998.0,1570,43.0,33.69,63.57
100601002,538.0,1495.0,2080,47.0,25.87,71.88
100601003,604.0,1442.0,2110,64.0,28.63,68.34
100601004,362.0,623.0,1012,27.0,35.77,61.56
100601005,619.0,1739.0,2407,49.0,25.72,72.25
100601006,245.0,1155.0,1424,24.0,17.21,81.11
100601007,554.0,1946.0,2544,44.0,21.78,76.49
100601008,517.0,962.0,1518,39.0,34.06,63.37
100601009,416.0,760.0,1198,22.0,34.72,63.44
100601010,775.0,1853.0,2701,73.0,28.69,68.6
100601011,273.0,632.0,932,27.0,29.29,67.81
100601013,508.0,1200.0,1747,39.0,29.08,68.69
100601014,441.0,857.0,1326,28.0,33.26,64.63
100601015,426.0,1591.0,2054,37.0,20.74,77.46
100601017,273.0,1094.0,1400,33.0,19.5,78.14
100601018,432.0,1198.0,1667,37.0,25.91,71.87
100601019,355.0,884.0,1263,24.0,28.11,69.99
100601020,421.0,1103.0,1558,34.0,27.02,70.8
100601021,527.0,1532.0,2100,41.0,25.1,72.95
100601022,581.0,2042.0,2673,50.0,21.74,76.39
100601023,195.0,487.0,696,14.0,28.02,69.97
100601024,472.0,1405.0,1917,40.0,24.62,73.29
100601025,275.0,1056.0,1356,25.0,20.28,77.88
100601026,439.0,2074.0,2551,38.0,17.21,81.3
100601028,523.0,997.0,1547,27.0,33.81,64.45
100601031,259.0,741.0,1032,32.0,25.1,71.8
100601032,234.0,297.0,554,23.0,42.24,53.61
100601033,321.0,417.0,752,14.0,42.69,55.45
100601035,93.0,255.0,354,6.0,26.27,72.03
100601036,267.0,540.0,825,18.0,32.36,65.45
100601037,353.0,880.0,1266,33.0,27.88,69.51
100601040,250.0,424.0,679,5.0,36.82,62.44
100601041,180.0,279.0,475,16.0,37.89,58.74
100601043,146.0,349.0,505,10.0,28.91,69.11
100601045,107.0,399.0,512,6.0,20.9,77.93
100601047,280.0,370.0,666,16.0,42.04,55.56
100601048,84.0,268.0,356,4.0,23.6,75.28
100601050,222.0,250.0,486,14.0,45.68,51.44
100601052,274.0,434.0,729,21.0,37.59,59.53
100601053,269.0,200.0,483,14.0,55.69,41.41
100601054,192.0,232.0,438,14.0,43.84,52.97
100601055,107.0,166.0,280,7.0,38.21,59.29
100601056,203.0,178.0,410,29.0,49.51,43.41
100601057,90.0,91.0,188,7.0,47.87,48.4
100601058,132.0,121.0,257,4.0,51.36,47.08
100601059,115.0,193.0,314,6.0,36.62,61.46
100601061,102.0,99.0,210,9.0,48.57,47.14
100601062,88.0,143.0,238,7.0,36.97,60.08
100602001,336.0,427.0,770,7.0,43.64,55.45
100602003,109.0,137.0,250,4.0,43.6,54.8
100602004,100.0,85.0,189,4.0,52.91,44.97
100602005,216.0,56.0,281,9.0,76.87,19.93
100603001,172.0,360.0,538,6.0,31.97,66.91
100603002,298.0,229.0,532,5.0,56.02,43.05
100701001,469.0,1320.0,1831,42.0,25.61,72.09
100701002,428.0,1705.0,2166,33.0,19.76,78.72
100701003,594.0,1689.0,2344,61.0,25.34,72.06
100701004,457.0,1171.0,1672,44.0,27.33,70.04
100701006,425.0,1757.0,2225,43.0,19.1,78.97
100701010,236.0,631.0,889,22.0,26.55,70.98
100701012,135.0,207.0,352,10.0,38.35,58.81
100701015,556.0,1061.0,1672,55.0,33.25,63.46
100701017,239.0,376.0,625,10.0,38.24,60.16
100701018,378.0,1294.0,1703,31.0,22.2,75.98
100701019,223.0,513.0,743,7.0,30.01,69.04
100701020,72.0,361.0,439,6.0,16.4,82.23
100701021,290.0,740.0,1044,14.0,27.78,70.88
100701022,93.0,239.0,337,5.0,27.6,70.92
100701023,96.0,557.0,656,3.0,14.63,84.91
100701024,339.0,746.0,1105,20.0,30.68,67.51
100701025,133.0,344.0,488,11.0,27.25,70.49
100701029,169.0,282.0,457,6.0,36.98,61.71
100701035,45.0,30.0,80,5.0,56.25,37.5
100701045,78.0,38.0,119,3.0,65.55,31.93
100701049,180.0,54.0,240,6.0,75.0,22.5
100701050,255.0,222.0,486,9.0,52.47,45.68
100701051,111.0,183.0,301,7.0,36.88,60.8
100701052,139.0,158.0,300,3.0,46.33,52.67
100701053,103.0,185.0,294,6.0,35.03,62.93
100701054,79.0,132.0,213,2.0,37.09,61.97
100701055,150.0,175.0,330,5.0,45.45,53.03
100701056,57.0,119.0,179,3.0,31.84,66.48
100701057,91.0,122.0,219,6.0,41.55,55.71
100701058,64.0,123.0,191,4.0,33.51,64.4
100701059,96.0,105.0,203,2.0,47.29,51.72
100701060,86.0,112.0,200,2.0,43.0,56.0
100702001,234.0,279.0,528,15.0,44.32,52.84
100801001,387.0,1069.0,1492,36.0,25.94,71.65
100801003,405.0,651.0,1086,30.0,37.29,59.94
100801004,170.0,251.0,431,10.0,39.44,58.24
100801005,237.0,242.0,488,9.0,48.57,49.59
100801006,217.0,762.0,1004,25.0,21.61,75.9
100801008,214.0,605.0,855,36.0,25.03,70.76
100801009,267.0,345.0,630,18.0,42.38,54.76
100801010,178.0,259.0,445,8.0,40.0,58.2
100801012,226.0,272.0,512,14.0,44.14,53.12
100801013,173.0,100.0,284,11.0,60.92,35.21
100801014,85.0,49.0,135,1.0,62.96,36.3
100801015,181.0,70.0,266,15.0,68.05,26.32
100801016,162.0,99.0,269,8.0,60.22,36.8
100803001,267.0,451.0,740,22.0,36.08,60.95
100803002,166.0,201.0,379,12.0,43.8,53.03
100901001,674.0,776.0,1480,30.0,45.54,52.43
100901002,172.0,215.0,398,11.0,43.22,54.02
100901003,83.0,106.0,198,9.0,41.92,53.54
100901004,232.0,72.0,310,6.0,74.84,23.23
100901006,110.0,76.0,189,3.0,58.2,40.21
100901007,31.0,27.0,58,0.0,53.45,46.55
100901013,193.0,334.0,539,12.0,35.81,61.97
100901014,102.0,120.0,232,10.0,43.97,51.72
100901016,48.0,35.0,83,0.0,57.83,42.17
100901017,114.0,71.0,187,2.0,60.96,37.97
100901018,87.0,57.0,145,1.0,60.0,39.31
101001001,604.0,1264.0,1919,51.0,31.47,65.87
101001002,317.0,628.0,969,24.0,32.71,64.81
101001003,683.0,1739.0,2488,66.0,27.45,69.9
101001004,235.0,507.0,761,19.0,30.88,66.62
101001005,189.0,280.0,485,16.0,38.97,57.73
101001006,160.0,195.0,366,11.0,43.72,53.28
101001007,130.0,197.0,332,5.0,39.16,59.34
101001008,158.0,99.0,264,7.0,59.85,37.5
101001009,239.0,308.0,560,13.0,42.68,55.0
101001010,211.0,215.0,441,15.0,47.85,48.75
101001011,233.0,245.0,492,14.0,47.36,49.8
101001012,130.0,123.0,257,4.0,50.58,47.86
101002001,229.0,280.0,515,6.0,44.47,54.37
101003001,774.0,764.0,1577,39.0,49.08,48.45
101003002,195.0,131.0,337,11.0,57.86,38.87
101003003,89.0,21.0,118,8.0,75.42,17.8
101003004,51.0,7.0,60,2.0,85.0,11.67
101003005,504.0,412.0,939,23.0,53.67,43.88
101003006,303.0,150.0,458,5.0,66.16,32.75
101003008,367.0,146.0,519,6.0,70.71,28.13
101101001,576.0,1894.0,2507,37.0,22.98,75.55
101101003,292.0,832.0,1143,19.0,25.55,72.79
101101004,59.0,144.0,206,3.0,28.64,69.9
101101005,313.0,498.0,822,11.0,38.08,60.58
101101007,83.0,191.0,279,5.0,29.75,68.46
101101008,95.0,175.0,273,3.0,34.8,64.1
101101009,422.0,904.0,1352,26.0,31.21,66.86
101101010,242.0,777.0,1038,19.0,23.31,74.86
101101011,111.0,72.0,192,9.0,57.81,37.5
101101012,52.0,50.0,103,1.0,50.49,48.54
101101013,308.0,693.0,1018,17.0,30.26,68.07
101101014,62.0,52.0,117,3.0,52.99,44.44
101101015,259.0,293.0,556,4.0,46.58,52.7
101101016,167.0,185.0,362,10.0,46.13,51.1
101101018,49.0,32.0,82,1.0,59.76,39.02
101101019,181.0,253.0,447,13.0,40.49,56.6
101201001,428.0,1250.0,1714,36.0,24.97,72.93
101201002,156.0,410.0,582,16.0,26.8,70.45
101201003,174.0,319.0,501,8.0,34.73,63.67
101201004,196.0,440.0,642,6.0,30.53,68.54
101201007,123.0,200.0,328,5.0,37.5,60.98
101201008,133.0,205.0,339,1.0,39.23,60.47
101201010,140.0,334.0,479,5.0,29.23,69.73
101201011,65.0,51.0,121,5.0,53.72,42.15
101202001,363.0,558.0,944,23.0,38.45,59.11
101202003,115.0,64.0,184,5.0,62.5,34.78
101203001,355.0,869.0,1250,26.0,28.4,69.52
101203002,492.0,578.0,1094,24.0,44.97,52.83
101203003,80.0,134.0,221,7.0,36.2,60.63
101203004,46.0,135.0,181,0.0,25.41,74.59
101204001,209.0,176.0,387,2.0,54.01,45.48
101204004,264.0,220.0,491,7.0,53.77,44.81
101301001,220.0,693.0,936,23.0,23.5,74.04
101301002,334.0,711.0,1066,21.0,31.33,66.7
101301003,266.0,516.0,803,21.0,33.13,64.26
101301004,177.0,135.0,322,10.0,54.97,41.93
101301005,55.0,95.0,153,3.0,35.95,62.09
101301006,46.0,37.0,90,7.0,51.11,41.11
101301007,38.0,86.0,125,1.0,30.4,68.8
101301008,32.0,89.0,129,8.0,24.81,68.99
101301009,123.0,73.0,201,5.0,61.19,36.32
101301010,194.0,274.0,490,22.0,39.59,55.92
101301011,180.0,434.0,628,14.0,28.66,69.11
101301012,150.0,218.0,380,12.0,39.47,57.37
101301013,125.0,274.0,405,6.0,30.86,67.65
101301014,96.0,159.0,257,2.0,37.35,61.87
101301015,106.0,234.0,344,4.0,30.81,68.02
101301016,36.0,72.0,113,5.0,31.86,63.72
101301018,38.0,86.0,127,3.0,29.92,67.72
101301019,121.0,157.0,282,4.0,42.91,55.67
101301021,107.0,50.0,160,3.0,66.88,31.25
101302002,166.0,184.0,356,6.0,46.63,51.69
101401001,443.0,1140.0,1614,31.0,27.45,70.63
101401002,102.0,143.0,259,14.0,39.38,55.21
101401003,262.0,431.0,717,24.0,36.54,60.11
101401004,94.0,140.0,241,7.0,39.0,58.09
101401005,185.0,141.0,337,11.0,54.9,41.84
101401006,260.0,541.0,820,19.0,31.71,65.98
101401007,25.0,167.0,193,1.0,12.95,86.53
101401009,136.0,116.0,257,5.0,52.92,45.14
101401010,31.0,25.0,58,2.0,53.45,43.1
101401011,140.0,264.0,412,8.0,33.98,64.08
101401012,137.0,307.0,455,11.0,30.11,67.47
101401013,253.0,215.0,476,8.0,53.15,45.17
101401014,182.0,233.0,425,10.0,42.82,54.82
101401016,85.0,91.0,177,1.0,48.02,51.41
101401019,158.0,308.0,469,3.0,33.69,65.67
101401020,66.0,148.0,214,0.0,30.84,69.16
101501001,1083.0,1496.0,2622,43.0,41.3,57.06
101501002,190.0,127.0,320,3.0,59.38,39.69
101501003,53.0,86.0,142,3.0,37.32,60.56
101501004,187.0,226.0,418,5.0,44.74,54.07
101501006,35.0,63.0,101,3.0,34.65,62.38
101501007,396.0,604.0,1015,15.0,39.01,59.51
101501008,232.0,219.0,456,5.0,50.88,48.03
101501011,243.0,122.0,371,6.0,65.5,32.88
101501012,191.0,93.0,290,6.0,65.86,32.07
101501013,92.0,113.0,206,1.0,44.66,54.85
101501015,182.0,58.0,248,8.0,73.39,23.39
101502003,204.0,259.0,464,1.0,43.97,55.82
101502005,192.0,159.0,353,2.0,54.39,45.04
110101001,474.0,1631.0,2140,35.0,22.15,76.21
110101002,632.0,1780.0,2469,57.0,25.6,72.09
110101005,181.0,102.0,288,5.0,62.85,35.42
110101006,257.0,324.0,596,15.0,43.12,54.36
110101007,113.0,237.0,361,11.0,31.3,65.65
110101010,242.0,162.0,421,17.0,57.48,38.48
110101011,47.0,108.0,159,4.0,29.56,67.92
110101012,103.0,171.0,280,6.0,36.79,61.07
110101013,197.0,320.0,525,8.0,37.52,60.95
110101014,95.0,119.0,218,4.0,43.58,54.59
110101016,67.0,52.0,136,17.0,49.26,38.24
110101017,612.0,1742.0,2419,65.0,25.3,72.01
110101018,617.0,1450.0,2111,44.0,29.23,68.69
110101019,427.0,662.0,1120,31.0,38.12,59.11
110101021,134.0,159.0,300,7.0,44.67,53.0
110101022,75.0,84.0,161,2.0,46.58,52.17
110101023,113.0,39.0,153,1.0,73.86,25.49
110101024,220.0,300.0,535,15.0,41.12,56.07
110101025,110.0,332.0,449,7.0,24.5,73.94
110101026,169.0,556.0,739,14.0,22.87,75.24
110101028,125.0,230.0,365,10.0,34.25,63.01
110101029,128.0,144.0,282,10.0,45.39,51.06
110102001,469.0,1222.0,1730,39.0,27.11,70.64
110102002,269.0,316.0,596,11.0,45.13,53.02
110102003,113.0,267.0,389,9.0,29.05,68.64
110102004,188.0,333.0,531,10.0,35.4,62.71
110102005,442.0,762.0,1251,47.0,35.33,60.91
110102007,250.0,483.0,762,29.0,32.81,63.39
110102008,123.0,291.0,430,16.0,28.6,67.67
110102009,176.0,269.0,454,9.0,38.77,59.25
110102010,284.0,395.0,708,29.0,40.11,55.79
110102011,259.0,307.0,581,15.0,44.58,52.84
110102012,266.0,447.0,742,29.0,35.85,60.24
110102013,111.0,147.0,273,15.0,40.66,53.85
110102014,152.0,76.0,237,9.0,64.14,32.07
110201001,163.0,974.0,1157,20.0,14.09,84.18
110201002,415.0,985.0,1463,63.0,28.37,67.33
110201003,207.0,1594.0,1822,21.0,11.36,87.49
110201004,75.0,419.0,504,10.0,14.88,83.13
110201005,269.0,1995.0,2303,39.0,11.68,86.63
110201007,345.0,1489.0,1887,53.0,18.28,78.91
110201008,528.0,1503.0,2073,42.0,25.47,72.5
110201010,231.0,1528.0,1786,27.0,12.93,85.55
110201011,140.0,783.0,942,19.0,14.86,83.12
110201014,150.0,1886.0,2061,25.0,7.28,91.51
110201020,499.0,1688.0,2247,60.0,22.21,75.12
110201021,174.0,392.0,590,24.0,29.49,66.44
110201022,263.0,1525.0,1812,24.0,14.51,84.16
110201024,236.0,1304.0,1579,39.0,14.95,82.58
110201025,153.0,564.0,729,12.0,20.99,77.37
110201026,251.0,1207.0,1485,27.0,16.9,81.28
110201028,91.0,355.0,450,4.0,20.22,78.89
110201029,122.0,561.0,694,11.0,17.58,80.84
110201031,281.0,1229.0,1541,31.0,18.23,79.75
110201033,167.0,622.0,810,21.0,20.62,76.79
110201035,706.0,1606.0,2407,95.0,29.33,66.72
110201036,528.0,1414.0,1991,49.0,26.52,71.02
110201037,142.0,398.0,550,10.0,25.82,72.36
110201038,329.0,971.0,1327,27.0,24.79,73.17
110201039,181.0,388.0,587,18.0,30.83,66.1
110201040,126.0,256.0,386,4.0,32.64,66.32
110201042,214.0,749.0,991,28.0,21.59,75.58
110201043,102.0,221.0,333,10.0,30.63,66.37
110201046,319.0,755.0,1116,42.0,28.58,67.65
110201047,266.0,617.0,906,23.0,29.36,68.1
110201048,143.0,655.0,805,7.0,17.76,81.37
110201049,279.0,1530.0,1839,30.0,15.17,83.2
110201050,170.0,679.0,880,31.0,19.32,77.16
110201051,23.0,220.0,246,3.0,9.35,89.43
110201056,142.0,165.0,313,6.0,45.37,52.72
110201057,148.0,205.0,364,11.0,40.66,56.32
110201060,99.0,245.0,364,20.0,27.2,67.31
110201061,476.0,1675.0,2228,77.0,21.36,75.18
110201063,245.0,316.0,581,20.0,42.17,54.39
110202001,126.0,337.0,480,17.0,26.25,70.21
110202002,129.0,636.0,774,9.0,16.67,82.17
110202005,249.0,619.0,895,27.0,27.82,69.16
110202007,124.0,721.0,855,10.0,14.5,84.33
110202009,249.0,1169.0,1443,25.0,17.26,81.01
110202010,327.0,1867.0,2237,43.0,14.62,83.46
110202011,118.0,514.0,640,8.0,18.44,80.31
110202012,412.0,1379.0,1824,33.0,22.59,75.6
110202013,167.0,423.0,603,13.0,27.69,70.15
110202014,181.0,506.0,706,19.0,25.64,71.67
110202015,189.0,417.0,618,12.0,30.58,67.48
110202017,262.0,902.0,1192,28.0,21.98,75.67
110202018,142.0,373.0,538,23.0,26.39,69.33
110202020,132.0,434.0,581,15.0,22.72,74.7
110202021,299.0,921.0,1246,26.0,24.0,73.92
110202022,390.0,1919.0,2349,40.0,16.6,81.69
110202025,426.0,660.0,1106,20.0,38.52,59.67
110202026,94.0,877.0,976,5.0,9.63,89.86
110202027,277.0,1190.0,1493,26.0,18.55,79.71
110202029,281.0,1786.0,2109,42.0,13.32,84.68
110202030,142.0,1009.0,1163,12.0,12.21,86.76
110202031,271.0,1202.0,1501,28.0,18.05,80.08
110202032,191.0,1129.0,1345,25.0,14.2,83.94
110202033,160.0,665.0,851,26.0,18.8,78.14
110202034,115.0,921.0,1052,16.0,10.93,87.55
110202035,129.0,1063.0,1205,13.0,10.71,88.22
110202036,109.0,511.0,624,4.0,17.47,81.89
110202037,212.0,831.0,1059,16.0,20.02,78.47
110202038,635.0,2530.0,3245,80.0,19.57,77.97
110202039,142.0,722.0,882,18.0,16.1,81.86
110202040,318.0,1679.0,2032,35.0,15.65,82.63
110202041,89.0,449.0,547,9.0,16.27,82.08
110202042,303.0,492.0,816,21.0,37.13,60.29
110202043,257.0,861.0,1145,27.0,22.45,75.2
110202045,367.0,1142.0,1534,25.0,23.92,74.45
110202046,135.0,467.0,617,15.0,21.88,75.69
110202047,234.0,811.0,1073,28.0,21.81,75.58
110202048,149.0,415.0,579,15.0,25.73,71.68
110202050,263.0,1273.0,1560,24.0,16.86,81.6
110202051,96.0,308.0,418,14.0,22.97,73.68
110202052,202.0,892.0,1121,27.0,18.02,79.57
110202053,102.0,392.0,504,10.0,20.24,77.78
110202055,147.0,410.0,564,7.0,26.06,72.7
110202057,96.0,197.0,299,6.0,32.11,65.89
110202059,236.0,335.0,585,14.0,40.34,57.26
110202061,45.0,168.0,217,4.0,20.74,77.42
110202063,72.0,229.0,304,3.0,23.68,75.33
110202064,88.0,193.0,287,6.0,30.66,67.25
110202065,218.0,1424.0,1664,22.0,13.1,85.58
110202066,135.0,311.0,454,8.0,29.74,68.5
110202070,201.0,387.0,606,18.0,33.17,63.86
110204012,166.0,345.0,521,10.0,31.86,66.22
110204013,469.0,1407.0,1918,42.0,24.45,73.36
110204014,189.0,427.0,642,26.0,29.44,66.51
110205001,451.0,1699.0,2229,79.0,20.23,76.22
110205002,219.0,715.0,960,26.0,22.81,74.48
110205003,467.0,1365.0,1876,44.0,24.89,72.76
110205006,565.0,1561.0,2196,70.0,25.73,71.08
110205007,319.0,1153.0,1508,36.0,21.15,76.46
110205012,344.0,840.0,1226,42.0,28.06,68.52
110205015,114.0,207.0,335,14.0,34.03,61.79
110205017,134.0,259.0,403,10.0,33.25,64.27
110205018,301.0,208.0,529,20.0,56.9,39.32
110206001,211.0,356.0,583,16.0,36.19,61.06
110206002,236.0,311.0,572,25.0,41.26,54.37
110206004,493.0,792.0,1363,78.0,36.17,58.11
110206006,1092.0,3269.0,4507,146.0,24.23,72.53
110206008,248.0,307.0,589,34.0,42.11,52.12
110206010,444.0,945.0,1438,49.0,30.88,65.72
110206011,131.0,101.0,246,14.0,53.25,41.06
110206013,248.0,688.0,966,30.0,25.67,71.22
110206015,97.0,101.0,210,12.0,46.19,48.1
110206023,279.0,313.0,610,18.0,45.74,51.31
110206025,608.0,719.0,1376,49.0,44.19,52.25
110206026,212.0,285.0,511,14.0,41.49,55.77
110206027,335.0,280.0,642,27.0,52.18,43.61
110206028,172.0,163.0,343,8.0,50.15,47.52
110206031,59.0,175.0,244,10.0,24.18,71.72
110206033,316.0,958.0,1315,41.0,24.03,72.85
110206038,674.0,957.0,1671,40.0,40.34,57.27
110206039,203.0,220.0,441,18.0,46.03,49.89
110207001,355.0,1527.0,1902,20.0,18.66,80.28
110207004,379.0,1676.0,2098,43.0,18.06,79.89
110207005,393.0,1314.0,1743,36.0,22.55,75.39
110207008,339.0,1562.0,1944,43.0,17.44,80.35
110207012,180.0,948.0,1152,24.0,15.62,82.29
110207013,158.0,961.0,1135,16.0,13.92,84.67
110207015,666.0,2672.0,3424,86.0,19.45,78.04
110207016,863.0,2214.0,3168,91.0,27.24,69.89
110207017,453.0,1599.0,2101,49.0,21.56,76.11
110207018,729.0,2269.0,3140,142.0,23.22,72.26
110207019,686.0,2007.0,2782,89.0,24.66,72.14
110207023,460.0,1263.0,1790,67.0,25.7,70.56
110207025,435.0,1782.0,2273,56.0,19.14,78.4
110207028,154.0,602.0,774,18.0,19.9,77.78
110207029,382.0,1125.0,1558,51.0,24.52,72.21
110207030,390.0,1713.0,2141,38.0,18.22,80.01
110207031,428.0,1305.0,1786,53.0,23.96,73.07
110207032,579.0,2300.0,2937,58.0,19.71,78.31
110207033,231.0,679.0,952,42.0,24.26,71.32
110207036,247.0,772.0,1046,27.0,23.61,73.8
110207039,473.0,1518.0,2074,83.0,22.81,73.19
110207040,135.0,391.0,547,21.0,24.68,71.48
110207042,415.0,911.0,1380,54.0,30.07,66.01
110207045,308.0,1645.0,1987,34.0,15.5,82.79
110207048,385.0,1624.0,2057,48.0,18.72,78.95
110207051,145.0,224.0,390,21.0,37.18,57.44
110207052,156.0,368.0,548,24.0,28.47,67.15
110207053,1019.0,2087.0,3221,115.0,31.64,64.79
110207054,296.0,818.0,1149,35.0,25.76,71.19
110207055,361.0,828.0,1233,44.0,29.28,67.15
110207057,412.0,1355.0,1822,55.0,22.61,74.37
110207058,589.0,1928.0,2592,75.0,22.72,74.38
110207059,454.0,1742.0,2242,46.0,20.25,77.7
110207061,126.0,410.0,551,15.0,22.87,74.41
110207062,602.0,1839.0,2509,68.0,23.99,73.3
110207063,267.0,588.0,889,34.0,30.03,66.14
110207064,572.0,1638.0,2289,79.0,24.99,71.56
110207065,422.0,1018.0,1505,65.0,28.04,67.64
110207067,177.0,632.0,841,32.0,21.05,75.15
110207071,211.0,315.0,541,15.0,39.0,58.23
110207072,408.0,970.0,1412,34.0,28.9,68.7
110207076,674.0,1020.0,1747,53.0,38.58,58.39
110207079,139.0,337.0,490,14.0,28.37,68.78
110207085,113.0,333.0,455,9.0,24.84,73.19
110207090,446.0,917.0,1409,46.0,31.65,65.08
110207095,555.0,1271.0,1891,65.0,29.35,67.21
110207096,296.0,535.0,868,37.0,34.1,61.64
110207097,289.0,800.0,1122,33.0,25.76,71.3
110207099,129.0,251.0,394,14.0,32.74,63.71
110207100,93.0,283.0,383,7.0,24.28,73.89
110207101,109.0,234.0,351,8.0,31.05,66.67
110207104,168.0,327.0,510,15.0,32.94,64.12
110207105,275.0,769.0,1080,36.0,25.46,71.2
110207107,135.0,429.0,575,11.0,23.48,74.61
110207119,265.0,687.0,991,39.0,26.74,69.32
110207121,138.0,337.0,485,10.0,28.45,69.48
110207122,271.0,480.0,776,25.0,34.92,61.86
110207124,297.0,726.0,1056,33.0,28.12,68.75
110207135,238.0,228.0,482,16.0,49.38,47.3
110207137,132.0,255.0,401,14.0,32.92,63.59
110207139,250.0,433.0,706,23.0,35.41,61.33
110207141,682.0,2017.0,2745,46.0,24.85,73.48
110207142,282.0,948.0,1255,25.0,22.47,75.54
110207143,423.0,1142.0,1627,62.0,26.0,70.19
110207144,486.0,991.0,1535,58.0,31.66,64.56
110207145,367.0,1028.0,1449,54.0,25.33,70.95
110207146,106.0,116.0,229,7.0,46.29,50.66
110207147,45.0,50.0,96,1.0,46.88,52.08
110207149,153.0,206.0,368,9.0,41.58,55.98
110207155,162.0,181.0,355,12.0,45.63,50.99
110207157,138.0,380.0,536,18.0,25.75,70.9
110209001,613.0,762.0,1412,37.0,43.41,53.97
110209006,78.0,116.0,204,10.0,38.24,56.86
110209008,251.0,89.0,353,13.0,71.1,25.21
110210004,579.0,546.0,1164,39.0,49.74,46.91
110210007,298.0,318.0,637,21.0,46.78,49.92
110301001,452.0,1397.0,1887,38.0,23.95,74.03
110301002,363.0,1574.0,1973,36.0,18.4,79.78
110301003,316.0,1363.0,1714,35.0,18.44,79.52
110301004,751.0,1637.0,2472,84.0,30.38,66.22
110301005,942.0,2060.0,3071,69.0,30.67,67.08
110301006,610.0,454.0,1094,30.0,55.76,41.5
110301007,905.0,1284.0,2258,69.0,40.08,56.86
110301008,383.0,827.0,1242,32.0,30.84,66.59
110301009,337.0,323.0,676,16.0,49.85,47.78
110301010,145.0,114.0,269,10.0,53.9,42.38
110301011,248.0,1024.0,1287,15.0,19.27,79.56
110301012,440.0,760.0,1221,21.0,36.04,62.24
110301013,189.0,319.0,516,8.0,36.63,61.82
110301014,217.0,184.0,415,14.0,52.29,44.34
110301016,135.0,489.0,638,14.0,21.16,76.65
110301017,213.0,407.0,635,15.0,33.54,64.09
110301018,147.0,128.0,279,4.0,52.69,45.88
110301020,179.0,251.0,437,7.0,40.96,57.44
110302001,353.0,1220.0,1610,37.0,21.93,75.78
110302003,164.0,268.0,452,20.0,36.28,59.29
110302004,172.0,476.0,664,16.0,25.9,71.69
110302005,156.0,212.0,372,4.0,41.94,56.99
110302006,156.0,235.0,401,10.0,38.9,58.6
110302007,84.0,140.0,232,8.0,36.21,60.34
110302008,85.0,109.0,202,8.0,42.08,53.96
110303001,410.0,637.0,1070,23.0,38.32,59.53
110303002,113.0,78.0,201,10.0,56.22,38.81
110303003,206.0,101.0,312,5.0,66.03,32.37
110303004,92.0,27.0,122,3.0,75.41,22.13
110303005,148.0,63.0,215,4.0,68.84,29.3
110303006,165.0,51.0,218,2.0,75.69,23.39
110304002,257.0,394.0,662,11.0,38.82,59.52
110304003,76.0,107.0,188,5.0,40.43,56.91
110304004,64.0,83.0,157,10.0,40.76,52.87
110304005,225.0,750.0,995,20.0,22.61,75.38
110304006,78.0,146.0,230,6.0,33.91,63.48
110305001,68.0,86.0,166,12.0,40.96,51.81
110305002,391.0,252.0,658,15.0,59.42,38.3
110306001,60.0,316.0,384,8.0,15.62,82.29
110306002,188.0,117.0,312,7.0,60.26,37.5
110306003,217.0,636.0,876,23.0,24.77,72.6
110306004,108.0,474.0,612,30.0,17.65,77.45
110306006,122.0,286.0,423,15.0,28.84,67.61
110306007,304.0,1105.0,1454,45.0,20.91,76.0
110306008,184.0,354.0,557,19.0,33.03,63.55
110306009,352.0,897.0,1272,23.0,27.67,70.52
110306010,60.0,203.0,265,2.0,22.64,76.6
110306013,119.0,265.0,394,10.0,30.2,67.26
110307001,201.0,757.0,978,20.0,20.55,77.4
110307002,221.0,655.0,908,32.0,24.34,72.14
110307003,143.0,177.0,329,9.0,43.47,53.8
110307004,240.0,736.0,995,19.0,24.12,73.97
110307005,358.0,528.0,922,36.0,38.83,57.27
110307007,173.0,225.0,415,17.0,41.69,54.22
110307008,136.0,212.0,353,5.0,38.53,60.06
110307009,231.0,210.0,453,12.0,50.99,46.36
110307010,284.0,156.0,447,7.0,63.53,34.9
110307011,101.0,138.0,244,5.0,41.39,56.56
110307012,127.0,110.0,248,11.0,51.21,44.35
110308001,434.0,1590.0,2089,65.0,20.78,76.11
110308002,355.0,1439.0,1838,44.0,19.31,78.29
110308003,94.0,137.0,240,9.0,39.17,57.08
110308006,238.0,465.0,736,33.0,32.34,63.18
110308007,269.0,637.0,923,17.0,29.14,69.01
110308008,219.0,699.0,946,28.0,23.15,73.89
110308009,189.0,492.0,700,19.0,27.0,70.29
110401002,409.0,1371.0,1820,40.0,22.47,75.33
110401003,266.0,997.0,1290,27.0,20.62,77.29
110401004,122.0,306.0,440,12.0,27.73,69.55
110401005,413.0,1347.0,1785,25.0,23.14,75.46
110401007,298.0,990.0,1309,21.0,22.77,75.63
110401008,150.0,440.0,597,7.0,25.13,73.7
110401009,501.0,1703.0,2241,37.0,22.36,75.99
110401010,228.0,1021.0,1270,21.0,17.95,80.39
110401011,129.0,352.0,492,11.0,26.22,71.54
110401012,192.0,109.0,306,5.0,62.75,35.62
110401014,83.0,79.0,165,3.0,50.3,47.88
110401015,190.0,227.0,426,9.0,44.6,53.29
110401016,357.0,133.0,499,9.0,71.54,26.65
110401018,353.0,788.0,1168,27.0,30.22,67.47
110401019,189.0,170.0,374,15.0,50.53,45.45
110401022,44.0,69.0,116,3.0,37.93,59.48
110401023,377.0,254.0,642,11.0,58.72,39.56
110401024,147.0,87.0,244,10.0,60.25,35.66
110401027,49.0,42.0,92,1.0,53.26,45.65
110401028,280.0,213.0,515,22.0,54.37,41.36
110401029,202.0,267.0,480,11.0,42.08,55.62
110401030,512.0,836.0,1389,41.0,36.86,60.19
110401032,366.0,1536.0,1948,46.0,18.79,78.85
110401033,420.0,869.0,1307,18.0,32.13,66.49
110401034,65.0,242.0,311,4.0,20.9,77.81
110401035,176.0,331.0,517,10.0,34.04,64.02
110401036,342.0,1362.0,1721,17.0,19.87,79.14
110401037,324.0,859.0,1206,23.0,26.87,71.23
110401039,118.0,190.0,321,13.0,36.76,59.19
110401040,422.0,138.0,565,5.0,74.69,24.42
110401042,127.0,73.0,203,3.0,62.56,35.96
110401043,394.0,539.0,954,21.0,41.3,56.5
110401044,43.0,29.0,73,1.0,58.9,39.73
110401050,147.0,86.0,236,3.0,62.29,36.44
110401052,183.0,56.0,251,12.0,72.91,22.31
110401054,178.0,75.0,259,6.0,68.73,28.96
110402001,298.0,644.0,976,34.0,30.53,65.98
110402002,47.0,60.0,113,6.0,41.59,53.1
110402003,124.0,151.0,285,10.0,43.51,52.98
110402004,184.0,381.0,592,27.0,31.08,64.36
110402005,122.0,104.0,239,13.0,51.05,43.51
110402006,39.0,152.0,205,14.0,19.02,74.15
110402008,61.0,98.0,165,6.0,36.97,59.39
110402009,83.0,28.0,112,1.0,74.11,25.0
110402010,58.0,64.0,128,6.0,45.31,50.0
110403001,289.0,1107.0,1440,44.0,20.07,76.88
110403002,93.0,308.0,415,14.0,22.41,74.22
110403003,411.0,831.0,1281,39.0,32.08,64.87
110403005,183.0,187.0,392,22.0,46.68,47.7
110403006,190.0,163.0,362,9.0,52.49,45.03
110403008,175.0,168.0,358,15.0,48.88,46.93
110403009,98.0,261.0,369,10.0,26.56,70.73
110403010,124.0,155.0,284,5.0,43.66,54.58
110403013,106.0,172.0,287,9.0,36.93,59.93
110403014,148.0,146.0,306,12.0,48.37,47.71
110403018,53.0,21.0,74,0.0,71.62,28.38
110403021,108.0,68.0,182,6.0,59.34,37.36
110403022,90.0,28.0,120,2.0,75.0,23.33
110404001,622.0,954.0,1608,32.0,38.68,59.33
110404002,269.0,532.0,825,24.0,32.61,64.48
110404003,122.0,148.0,286,16.0,42.66,51.75
110404004,291.0,72.0,393,30.0,74.05,18.32
110404005,130.0,179.0,320,11.0,40.62,55.94
110404006,261.0,38.0,303,4.0,86.14,12.54
110404007,345.0,79.0,430,6.0,80.23,18.37
110404008,172.0,259.0,439,8.0,39.18,59.0
110404010,102.0,124.0,239,13.0,42.68,51.88
110404012,158.0,36.0,200,6.0,79.0,18.0
110405001,328.0,877.0,1232,27.0,26.62,71.19
110405002,179.0,328.0,512,5.0,34.96,64.06
110405004,150.0,344.0,511,17.0,29.35,67.32
110405008,63.0,68.0,141,10.0,44.68,48.23
110405009,41.0,52.0,96,3.0,42.71,54.17
110405012,206.0,148.0,365,11.0,56.44,40.55
110405013,232.0,124.0,364,8.0,63.74,34.07
110405015,90.0,53.0,146,3.0,61.64,36.3
110406001,240.0,403.0,662,19.0,36.25,60.88
110406003,101.0,109.0,211,1.0,47.87,51.66
110406005,86.0,185.0,282,11.0,30.5,65.6
110406006,130.0,118.0,257,9.0,50.58,45.91
110406008,50.0,42.0,98,6.0,51.02,42.86
110407005,323.0,270.0,628,35.0,51.43,42.99
110407007,517.0,744.0,1322,61.0,39.11,56.28
110407008,186.0,195.0,395,14.0,47.09,49.37
110407009,47.0,97.0,148,4.0,31.76,65.54
110407010,164.0,56.0,225,5.0,72.89,24.89
110407017,147.0,122.0,275,6.0,53.45,44.36
110407018,43.0,85.0,130,2.0,33.08,65.38
110407021,144.0,73.0,223,6.0,64.57,32.74
110408001,208.0,90.0,302,4.0,68.87,29.8
110408003,54.0,12.0,67,1.0,80.6,17.91
110408004,137.0,54.0,192,1.0,71.35,28.12
110501003,410.0,1428.0,1886,48.0,21.74,75.72
110501006,376.0,1379.0,1805,50.0,20.83,76.4
110501010,210.0,818.0,1050,22.0,20.0,77.9
110501012,420.0,1440.0,1908,48.0,22.01,75.47
110501025,502.0,1142.0,1684,40.0,29.81,67.81
110501028,153.0,603.0,782,26.0,19.57,77.11
110502005,421.0,1199.0,1663,43.0,25.32,72.1
110502008,127.0,406.0,546,13.0,23.26,74.36
110502017,375.0,1230.0,1648,43.0,22.75,74.64
110502021,250.0,1776.0,2057,31.0,12.15,86.34
110502031,330.0,456.0,798,12.0,41.35,57.14
110503001,607.0,2159.0,2841,75.0,21.37,75.99
110503002,401.0,861.0,1313,51.0,30.54,65.58
110503003,357.0,776.0,1162,29.0,30.72,66.78
110503005,375.0,1225.0,1649,49.0,22.74,74.29
110503006,93.0,225.0,335,17.0,27.76,67.16
110601001,202.0,875.0,1089,12.0,18.55,80.35
110601002,608.0,1245.0,1898,45.0,32.03,65.6
110601003,164.0,782.0,955,9.0,17.17,81.88
110601004,226.0,802.0,1050,22.0,21.52,76.38
110601005,72.0,372.0,463,19.0,15.55,80.35
110601007,441.0,1642.0,2119,36.0,20.81,77.49
110601009,803.0,2784.0,3661,74.0,21.93,76.04
110601010,319.0,1566.0,1915,30.0,16.66,81.78
110601011,559.0,1740.0,2337,38.0,23.92,74.45
110601013,359.0,1480.0,1881,42.0,19.09,78.68
110601014,506.0,2133.0,2673,34.0,18.93,79.8
110601015,162.0,851.0,1021,8.0,15.87,83.35
110601016,144.0,619.0,787,24.0,18.3,78.65
110601017,843.0,2091.0,2984,50.0,28.25,70.07
110601018,177.0,1185.0,1375,13.0,12.87,86.18
110601019,409.0,1186.0,1627,32.0,25.14,72.89
110601020,154.0,449.0,610,7.0,25.25,73.61
110601021,121.0,367.0,497,9.0,24.35,73.84
110601022,297.0,792.0,1114,25.0,26.66,71.1
110601023,335.0,1501.0,1866,30.0,17.95,80.44
110601024,156.0,920.0,1096,20.0,14.23,83.94
110601025,134.0,258.0,401,9.0,33.42,64.34
110601026,149.0,148.0,308,11.0,48.38,48.05
110601027,579.0,274.0,879,26.0,65.87,31.17
110601028,315.0,98.0,419,6.0,75.18,23.39
110601029,60.0,148.0,216,8.0,27.78,68.52
110601031,513.0,838.0,1391,40.0,36.88,60.24
110601032,131.0,276.0,418,11.0,31.34,66.03
110601033,201.0,208.0,416,7.0,48.32,50.0
110601035,278.0,435.0,735,22.0,37.82,59.18
110601036,218.0,739.0,974,17.0,22.38,75.87
110601037,351.0,628.0,1006,27.0,34.89,62.43
110601038,138.0,103.0,246,5.0,56.1,41.87
110601041,322.0,767.0,1116,27.0,28.85,68.73
110601042,257.0,614.0,890,19.0,28.88,68.99
110601043,280.0,1052.0,1355,23.0,20.66,77.64
110601044,369.0,214.0,592,9.0,62.33,36.15
110601046,213.0,285.0,506,8.0,42.09,56.32
110601047,158.0,471.0,644,15.0,24.53,73.14
110601048,246.0,236.0,492,10.0,50.0,47.97
110601049,101.0,80.0,187,6.0,54.01,42.78
110601050,91.0,236.0,328,1.0,27.74,71.95
110601051,201.0,274.0,481,6.0,41.79,56.96
110601052,224.0,312.0,545,9.0,41.1,57.25
110601053,176.0,201.0,385,8.0,45.71,52.21
110601054,167.0,485.0,663,11.0,25.19,73.15
110601056,302.0,191.0,501,8.0,60.28,38.12
110601058,275.0,210.0,494,9.0,55.67,42.51
110601059,98.0,122.0,226,6.0,43.36,53.98
110601060,111.0,73.0,185,1.0,60.0,39.46
110601061,55.0,9.0,65,1.0,84.62,13.85
110601062,178.0,129.0,311,4.0,57.23,41.48
110601063,125.0,75.0,202,2.0,61.88,37.13
110601064,92.0,161.0,260,7.0,35.38,61.92
110602001,274.0,331.0,611,6.0,44.84,54.17
110602002,101.0,20.0,124,3.0,81.45,16.13
110602003,94.0,42.0,138,2.0,68.12,30.43
110602004,103.0,26.0,133,4.0,77.44,19.55
110602005,127.0,60.0,191,4.0,66.49,31.41
110602006,107.0,159.0,273,7.0,39.19,58.24
110603001,391.0,625.0,1033,17.0,37.85,60.5
110603002,88.0,242.0,345,15.0,25.51,70.14
110603004,64.0,58.0,127,5.0,50.39,45.67
110603005,353.0,599.0,972,20.0,36.32,61.63
110603007,330.0,138.0,478,10.0,69.04,28.87
110603008,78.0,115.0,201,8.0,38.81,57.21
110603009,207.0,261.0,472,4.0,43.86,55.3
110603010,418.0,152.0,580,10.0,72.07,26.21
110603011,70.0,52.0,126,4.0,55.56,41.27
110603012,155.0,61.0,218,2.0,71.1,27.98
110604002,231.0,173.0,412,8.0,56.07,41.99
110604003,379.0,632.0,1033,22.0,36.69,61.18
110604004,90.0,149.0,255,16.0,35.29,58.43
110604005,74.0,41.0,123,8.0,60.16,33.33
110604006,54.0,70.0,128,4.0,42.19,54.69
110604007,49.0,31.0,82,2.0,59.76,37.8
110605001,614.0,927.0,1565,24.0,39.23,59.23
110605002,123.0,166.0,292,3.0,42.12,56.85
110605003,132.0,106.0,245,7.0,53.88,43.27
110605004,45.0,87.0,137,5.0,32.85,63.5
110605005,20.0,45.0,66,1.0,30.3,68.18
110605006,104.0,23.0,131,4.0,79.39,17.56
110606001,259.0,673.0,957,25.0,27.06,70.32
110606002,185.0,507.0,710,18.0,26.06,71.41
110606003,104.0,143.0,265,18.0,39.25,53.96
110606004,103.0,68.0,176,5.0,58.52,38.64
110606005,94.0,86.0,184,4.0,51.09,46.74
110606006,75.0,36.0,115,4.0,65.22,31.3
110606007,61.0,84.0,148,3.0,41.22,56.76
110606008,24.0,81.0,111,6.0,21.62,72.97
110607001,206.0,433.0,649,10.0,31.74,66.72
110608001,278.0,530.0,820,12.0,33.9,64.63
110608002,276.0,291.0,586,19.0,47.1,49.66
110608004,305.0,131.0,440,4.0,69.32,29.77
110608005,39.0,54.0,94,1.0,41.49,57.45
110609001,371.0,605.0,993,17.0,37.36,60.93
110609002,125.0,233.0,362,4.0,34.53,64.36
110609003,37.0,91.0,131,3.0,28.24,69.47
110609005,114.0,51.0,168,3.0,67.86,30.36
110609007,42.0,31.0,74,1.0,56.76,41.89
110609008,156.0,48.0,206,2.0,75.73,23.3
110610001,226.0,344.0,584,14.0,38.7,58.9
110611001,841.0,2048.0,2936,47.0,28.64,69.75
110611004,42.0,46.0,92,4.0,45.65,50.0
110611006,26.0,184.0,214,4.0,12.15,85.98
110611009,46.0,139.0,188,3.0,24.47,73.94
110611010,53.0,43.0,107,11.0,49.53,40.19
110611011,52.0,116.0,170,2.0,30.59,68.24
110611012,155.0,113.0,271,3.0,57.2,41.7
110611013,57.0,65.0,129,7.0,44.19,50.39
110611015,89.0,40.0,134,5.0,66.42,29.85
110612003,227.0,1274.0,1560,59.0,14.55,81.67
110612005,135.0,621.0,770,14.0,17.53,80.65
110612007,70.0,282.0,360,8.0,19.44,78.33
110612009,264.0,282.0,553,7.0,47.74,50.99
110612010,129.0,208.0,342,5.0,37.72,60.82
110612011,115.0,83.0,204,6.0,56.37,40.69
110612012,76.0,100.0,182,6.0,41.76,54.95
110612013,31.0,80.0,115,4.0,26.96,69.57
110612014,66.0,166.0,251,19.0,26.29,66.14
110612015,130.0,219.0,358,9.0,36.31,61.17
110612016,35.0,74.0,114,5.0,30.7,64.91
110612017,46.0,99.0,150,5.0,30.67,66.0
110612019,24.0,61.0,93,8.0,25.81,65.59
110613001,56.0,64.0,125,5.0,44.8,51.2
110614001,495.0,550.0,1074,29.0,46.09,51.21
110614004,71.0,295.0,393,27.0,18.07,75.06
110614005,188.0,588.0,796,20.0,23.62,73.87
110614006,137.0,102.0,248,9.0,55.24,41.13
110614007,92.0,129.0,229,8.0,40.17,56.33
110614008,127.0,193.0,325,5.0,39.08,59.38
110614010,105.0,118.0,232,9.0,45.26,50.86
110614011,112.0,51.0,172,9.0,65.12,29.65
110615001,347.0,331.0,685,7.0,50.66,48.32
110615002,207.0,293.0,509,9.0,40.67,57.56
110615003,333.0,697.0,1044,14.0,31.9,66.76
110616002,111.0,75.0,191,5.0,58.12,39.27
110616003,163.0,178.0,348,7.0,46.84,51.15
110616005,329.0,157.0,495,9.0,66.46,31.72
110617001,124.0,433.0,571,14.0,21.72,75.83
110617002,11.0,77.0,90,2.0,12.22,85.56
110617003,36.0,53.0,89,0.0,40.45,59.55
110617004,35.0,37.0,80,8.0,43.75,46.25
110701001,594.0,1549.0,2183,40.0,27.21,70.96
110701002,357.0,886.0,1281,38.0,27.87,69.16
110701003,87.0,63.0,158,8.0,55.06,39.87
110701004,192.0,246.0,443,5.0,43.34,55.53
110701005,235.0,230.0,472,7.0,49.79,48.73
110701008,247.0,283.0,541,11.0,45.66,52.31
110701009,176.0,295.0,484,13.0,36.36,60.95
110701010,125.0,165.0,305,15.0,40.98,54.1
110701011,37.0,22.0,60,1.0,61.67,36.67
110701012,165.0,119.0,288,4.0,57.29,41.32
110701013,103.0,51.0,170,16.0,60.59,30.0
110701014,175.0,374.0,553,4.0,31.65,67.63
110701019,236.0,93.0,332,3.0,71.08,28.01
110701021,133.0,58.0,195,4.0,68.21,29.74
110701022,33.0,12.0,46,1.0,71.74,26.09
110701023,180.0,59.0,247,8.0,72.87,23.89
110701024,201.0,83.0,287,3.0,70.03,28.92
110701025,185.0,383.0,576,8.0,32.12,66.49
110701027,149.0,149.0,302,4.0,49.34,49.34
110701028,69.0,119.0,188,0.0,36.7,63.3
110701029,316.0,456.0,787,15.0,40.15,57.94
110701031,73.0,19.0,94,2.0,77.66,20.21
110701032,51.0,56.0,108,1.0,47.22,51.85
110701033,101.0,79.0,180,0.0,56.11,43.89
110701034,206.0,340.0,551,5.0,37.39,61.71
110702002,684.0,1250.0,1951,17.0,35.06,64.07
110702003,253.0,197.0,471,21.0,53.72,41.83
110702004,63.0,24.0,92,5.0,68.48,26.09
110702005,111.0,95.0,211,5.0,52.61,45.02
110702006,93.0,75.0,171,3.0,54.39,43.86
110702007,206.0,246.0,462,10.0,44.59,53.25
110702008,279.0,139.0,431,13.0,64.73,32.25
110702010,94.0,72.0,167,1.0,56.29,43.11
110702011,251.0,166.0,420,3.0,59.76,39.52
110702012,130.0,32.0,165,3.0,78.79,19.39
110702013,121.0,90.0,215,4.0,56.28,41.86
110702014,69.0,63.0,133,1.0,51.88,47.37
110702015,211.0,62.0,280,7.0,75.36,22.14
110702016,70.0,139.0,212,3.0,33.02,65.57
110702017,128.0,167.0,298,3.0,42.95,56.04
110702018,200.0,45.0,248,3.0,80.65,18.15
110702019,105.0,88.0,195,2.0,53.85,45.13
110702020,140.0,28.0,171,3.0,81.87,16.37
110702021,42.0,62.0,106,2.0,39.62,58.49
110702023,100.0,56.0,161,5.0,62.11,34.78
110702024,83.0,11.0,97,3.0,85.57,11.34
110703001,193.0,780.0,993,20.0,19.44,78.55
110703002,33.0,84.0,119,2.0,27.73,70.59
110703003,24.0,73.0,99,2.0,24.24,73.74
110703004,36.0,98.0,141,7.0,25.53,69.5
110703005,39.0,76.0,117,2.0,33.33,64.96
110703006,44.0,70.0,116,2.0,37.93,60.34
110703007,95.0,102.0,209,12.0,45.45,48.8
110703009,70.0,93.0,169,6.0,41.42,55.03
110704006,191.0,157.0,358,10.0,53.35,43.85
110704012,354.0,157.0,520,9.0,68.08,30.19
110704023,121.0,50.0,172,1.0,70.35,29.07
110704024,312.0,170.0,487,5.0,64.07,34.91
110801001,388.0,1652.0,2076,36.0,18.69,79.58
110801002,157.0,1029.0,1206,20.0,13.02,85.32
110801003,142.0,250.0,409,17.0,34.72,61.12
110801005,247.0,799.0,1065,19.0,23.19,75.02
110801006,308.0,917.0,1254,29.0,24.56,73.13
110801007,182.0,102.0,290,6.0,62.76,35.17
110801008,207.0,109.0,320,4.0,64.69,34.06
110801009,262.0,205.0,501,34.0,52.3,40.92
110801010,85.0,114.0,204,5.0,41.67,55.88
110801011,319.0,360.0,712,33.0,44.8,50.56
110801012,166.0,274.0,459,19.0,36.17,59.69
110801013,151.0,1015.0,1186,20.0,12.73,85.58
110801014,122.0,384.0,516,10.0,23.64,74.42
110801015,110.0,67.0,180,3.0,61.11,37.22
110801016,40.0,192.0,235,3.0,17.02,81.7
110801017,276.0,615.0,908,17.0,30.4,67.73
110801018,221.0,213.0,441,7.0,50.11,48.3
110801019,202.0,201.0,411,8.0,49.15,48.91
110801021,200.0,84.0,287,3.0,69.69,29.27
110801022,91.0,70.0,167,6.0,54.49,41.92
110801023,167.0,67.0,238,4.0,70.17,28.15
110801025,210.0,87.0,301,4.0,69.77,28.9
110801026,114.0,401.0,528,13.0,21.59,75.95
110801029,111.0,54.0,168,3.0,66.07,32.14
110801031,156.0,77.0,237,4.0,65.82,32.49
110801032,139.0,160.0,306,7.0,45.42,52.29
110801033,122.0,42.0,167,3.0,73.05,25.15
110801034,215.0,1071.0,1309,23.0,16.42,81.82
110801037,39.0,31.0,72,2.0,54.17,43.06
110801039,21.0,120.0,142,1.0,14.79,84.51
110801040,47.0,63.0,113,3.0,41.59,55.75
110801042,68.0,100.0,172,4.0,39.53,58.14
110801044,60.0,37.0,101,4.0,59.41,36.63
110801045,92.0,67.0,161,2.0,57.14,41.61
110801046,106.0,58.0,167,3.0,63.47,34.73
110801047,29.0,94.0,129,6.0,22.48,72.87
110801048,33.0,93.0,127,1.0,25.98,73.23
110801049,45.0,154.0,201,2.0,22.39,76.62
110801050,121.0,19.0,140,0.0,86.43,13.57
110801051,96.0,55.0,159,8.0,60.38,34.59
110802001,163.0,116.0,296,17.0,55.07,39.19
110802002,200.0,138.0,352,14.0,56.82,39.2
110802003,215.0,180.0,409,14.0,52.57,44.01
110802006,159.0,51.0,215,5.0,73.95,23.72
110802007,174.0,121.0,300,5.0,58.0,40.33
110802008,130.0,188.0,328,10.0,39.63,57.32
110802009,67.0,84.0,167,16.0,40.12,50.3
110802010,79.0,56.0,139,4.0,56.83,40.29
110802011,121.0,65.0,197,11.0,61.42,32.99
110802012,163.0,87.0,258,8.0,63.18,33.72
110802013,104.0,47.0,155,4.0,67.1,30.32
110802014,80.0,10.0,91,1.0,87.91,10.99
110802015,128.0,64.0,201,9.0,63.68,31.84
110802016,41.0,37.0,82,4.0,50.0,45.12
110802018,88.0,67.0,159,4.0,55.35,42.14
110802020,127.0,16.0,146,3.0,86.99,10.96
110802021,89.0,14.0,105,2.0,84.76,13.33
110802022,173.0,13.0,186,0.0,93.01,6.99
110802024,86.0,11.0,98,1.0,87.76,11.22
110802025,61.0,32.0,103,10.0,59.22,31.07
110802026,77.0,23.0,101,1.0,76.24,22.77
110802028,57.0,9.0,69,3.0,82.61,13.04
110803001,151.0,39.0,192,2.0,78.65,20.31
110803002,59.0,86.0,153,8.0,38.56,56.21
110803003,159.0,6.0,171,6.0,92.98,3.51
110803004,229.0,234.0,472,9.0,48.52,49.58
110803005,356.0,20.0,381,5.0,93.44,5.25
110803006,283.0,17.0,304,4.0,93.09,5.59
110803007,123.0,119.0,242,0.0,50.83,49.17
110803008,228.0,51.0,282,3.0,80.85,18.09
110803009,425.0,181.0,622,16.0,68.33,29.1
110803010,219.0,42.0,264,3.0,82.95,15.91
110803011,116.0,53.0,171,2.0,67.84,30.99
110803012,120.0,13.0,134,1.0,89.55,9.7
110803013,66.0,104.0,173,3.0,38.15,60.12
120101001,162.0,868.0,1050,20.0,15.43,82.67
120101002,134.0,378.0,522,10.0,25.67,72.41
120101003,80.0,270.0,353,3.0,22.66,76.49
120102002,116.0,375.0,494,3.0,23.48,75.91
120102003,184.0,954.0,1149,11.0,16.01,83.03
120102004,54.0,196.0,252,2.0,21.43,77.78
120102006,103.0,184.0,293,6.0,35.15,62.8
120102007,118.0,267.0,395,10.0,29.87,67.59
120102008,146.0,538.0,691,7.0,21.13,77.86
120102009,51.0,213.0,268,4.0,19.03,79.48
120103001,65.0,120.0,191,6.0,34.03,62.83
120103002,285.0,357.0,650,8.0,43.85,54.92
120104001,347.0,1443.0,1820,30.0,19.07,79.29
120104002,250.0,1496.0,1776,30.0,14.08,84.23
120104003,31.0,138.0,185,16.0,16.76,74.59
120104004,357.0,1537.0,1931,37.0,18.49,79.6
120104005,277.0,1136.0,1431,18.0,19.36,79.39
120104006,39.0,381.0,425,5.0,9.18,89.65
120104007,154.0,528.0,688,6.0,22.38,76.74
120104008,205.0,876.0,1092,11.0,18.77,80.22
120104009,130.0,208.0,343,5.0,37.9,60.64
120104011,213.0,623.0,865,29.0,24.62,72.02
120104012,48.0,109.0,159,2.0,30.19,68.55
120105001,146.0,1242.0,1404,16.0,10.4,88.46
120105003,259.0,1265.0,1561,37.0,16.59,81.04
120105004,92.0,350.0,450,8.0,20.44,77.78
120105005,160.0,1352.0,1527,15.0,10.48,88.54
120105010,277.0,439.0,741,25.0,37.38,59.24
120105011,165.0,379.0,553,9.0,29.84,68.54
120105012,127.0,203.0,338,8.0,37.57,60.06
120106001,349.0,1185.0,1554,20.0,22.46,76.25
120106002,256.0,1550.0,1833,27.0,13.97,84.56
120106003,75.0,404.0,481,2.0,15.59,83.99
120106004,305.0,1784.0,2111,22.0,14.45,84.51
120106005,52.0,120.0,172,0.0,30.23,69.77
120106006,95.0,296.0,398,7.0,23.87,74.37
120106007,225.0,790.0,1037,22.0,21.7,76.18
120106008,74.0,294.0,372,4.0,19.89,79.03
120106010,134.0,409.0,550,7.0,24.36,74.36
120107001,145.0,1145.0,1300,10.0,11.15,88.08
120107002,196.0,991.0,1205,18.0,16.27,82.24
120107003,438.0,2381.0,2857,38.0,15.33,83.34
120107004,217.0,1663.0,1898,18.0,11.43,87.62
120107006,135.0,581.0,726,10.0,18.6,80.03
120107007,64.0,386.0,453,3.0,14.13,85.21
120107010,85.0,394.0,484,5.0,17.56,81.4
120107011,418.0,1560.0,2011,33.0,20.79,77.57
120107012,59.0,413.0,477,5.0,12.37,86.58
120107015,504.0,998.0,1538,36.0,32.77,64.89
120107016,157.0,425.0,596,14.0,26.34,71.31
120107017,80.0,208.0,293,5.0,27.3,70.99
120107020,121.0,232.0,355,2.0,34.08,65.35
120107023,361.0,645.0,1038,32.0,34.78,62.14
120107024,72.0,248.0,322,2.0,22.36,77.02
120201001,323.0,1272.0,1617,22.0,19.98,78.66
120201002,60.0,184.0,245,1.0,24.49,75.1
120201003,76.0,127.0,203,0.0,37.44,62.56
120201004,68.0,315.0,386,3.0,17.62,81.61
120201005,48.0,105.0,155,2.0,30.97,67.74
120201006,53.0,225.0,279,1.0,19.0,80.65
120201007,49.0,96.0,145,0.0,33.79,66.21
120201008,38.0,185.0,225,2.0,16.89,82.22
120201009,85.0,158.0,248,5.0,34.27,63.71
120201010,68.0,97.0,168,3.0,40.48,57.74
120201011,67.0,107.0,177,3.0,37.85,60.45
120201012,151.0,301.0,463,11.0,32.61,65.01
120201013,119.0,191.0,318,8.0,37.42,60.06
120201014,62.0,107.0,177,8.0,35.03,60.45
120201015,55.0,222.0,281,4.0,19.57,79.0
120201016,95.0,365.0,469,9.0,20.26,77.83
120201017,90.0,159.0,253,4.0,35.57,62.85
120201018,144.0,618.0,773,11.0,18.63,79.95
120201019,143.0,170.0,317,4.0,45.11,53.63
120201021,75.0,133.0,212,4.0,35.38,62.74
120201022,72.0,53.0,130,5.0,55.38,40.77
120201023,20.0,16.0,36,0.0,55.56,44.44
120201024,44.0,87.0,133,2.0,33.08,65.41
120301001,199.0,983.0,1198,16.0,16.61,82.05
120301002,28.0,223.0,254,3.0,11.02,87.8
120301003,144.0,483.0,635,8.0,22.68,76.06
120302001,28.0,312.0,346,6.0,8.09,90.17
120302002,39.0,75.0,117,3.0,33.33,64.1
120303001,113.0,178.0,292,1.0,38.7,60.96
120303002,75.0,81.0,157,1.0,47.77,51.59
120303003,180.0,314.0,495,1.0,36.36,63.43
120304001,222.0,811.0,1052,19.0,21.1,77.09
120305001,38.0,143.0,182,1.0,20.88,78.57
120305002,33.0,153.0,190,4.0,17.37,80.53
120306001,228.0,331.0,571,12.0,39.93,57.97
120306002,46.0,83.0,131,2.0,35.11,63.36
120306003,75.0,148.0,227,4.0,33.04,65.2
120306004,28.0,76.0,108,4.0,25.93,70.37
120306005,34.0,184.0,224,6.0,15.18,82.14
120306006,13.0,50.0,67,4.0,19.4,74.63
120307001,282.0,478.0,771,11.0,36.58,62.0
120307002,27.0,12.0,39,0.0,69.23,30.77
120307006,23.0,31.0,55,1.0,41.82,56.36
120401001,104.0,132.0,239,3.0,43.51,55.23
120401002,79.0,108.0,193,6.0,40.93,55.96
120402001,114.0,454.0,579,11.0,19.69,78.41
120402002,108.0,203.0,318,7.0,33.96,63.84
120402003,142.0,200.0,348,6.0,40.8,57.47
120402004,44.0,111.0,160,5.0,27.5,69.38
120402005,43.0,131.0,179,5.0,24.02,73.18
120402006,68.0,131.0,200,1.0,34.0,65.5
120403001,355.0,704.0,1079,20.0,32.9,65.25
120403002,152.0,476.0,647,19.0,23.49,73.57
120403004,56.0,85.0,142,1.0,39.44,59.86
120403005,166.0,384.0,562,12.0,29.54,68.33
120404001,59.0,273.0,336,4.0,17.56,81.25
120404002,59.0,168.0,235,8.0,25.11,71.49
120404003,31.0,85.0,119,3.0,26.05,71.43
120405001,362.0,2280.0,2690,48.0,13.46,84.76
120405002,125.0,547.0,683,11.0,18.3,80.09
120405003,181.0,1526.0,1734,27.0,10.44,88.0
120405004,478.0,1550.0,2087,59.0,22.9,74.27
120405005,345.0,696.0,1072,31.0,32.18,64.93
120405006,510.0,1428.0,1980,42.0,25.76,72.12
120405007,191.0,580.0,790,19.0,24.18,73.42
120405008,127.0,942.0,1086,17.0,11.69,86.74
120405009,272.0,1034.0,1341,35.0,20.28,77.11
120405010,93.0,221.0,325,11.0,28.62,68.0
120405011,93.0,147.0,247,7.0,37.65,59.51
120405013,63.0,171.0,238,4.0,26.47,71.85
120406001,198.0,1247.0,1477,32.0,13.41,84.43
120406002,331.0,1595.0,1973,47.0,16.78,80.84
120406003,502.0,1051.0,1584,31.0,31.69,66.35
120406004,564.0,1989.0,2615,62.0,21.57,76.06
120406005,169.0,1693.0,1900,38.0,8.89,89.11
120406006,406.0,930.0,1378,42.0,29.46,67.49
120406007,317.0,614.0,950,19.0,33.37,64.63
120406008,356.0,828.0,1213,29.0,29.35,68.26
120406009,144.0,771.0,937,22.0,15.37,82.28
120406010,38.0,242.0,287,7.0,13.24,84.32
120406011,220.0,1020.0,1265,25.0,17.39,80.63
120406013,415.0,1111.0,1556,30.0,26.67,71.4
120406014,339.0,924.0,1293,30.0,26.22,71.46
120406015,182.0,431.0,627,14.0,29.03,68.74
120406017,381.0,1125.0,1544,38.0,24.68,72.86
120407001,250.0,1151.0,1446,45.0,17.29,79.6
120407002,26.0,38.0,66,2.0,39.39,57.58
120407003,189.0,606.0,821,26.0,23.02,73.81
120407004,355.0,1756.0,2142,31.0,16.57,81.98
120407005,73.0,173.0,257,11.0,28.4,67.32
120407006,186.0,850.0,1075,39.0,17.3,79.07
120407007,141.0,472.0,631,18.0,22.35,74.8
120407008,141.0,118.0,266,7.0,53.01,44.36
120501001,239.0,724.0,963,0.0,24.82,75.18
120501002,75.0,233.0,308,0.0,24.35,75.65
120501003,85.0,180.0,265,0.0,32.08,67.92
120501004,59.0,298.0,358,1.0,16.48,83.24
120501006,99.0,275.0,375,1.0,26.4,73.33
120502001,109.0,495.0,606,2.0,17.99,81.68
120503001,201.0,651.0,852,0.0,23.59,76.41
120503002,63.0,308.0,371,0.0,16.98,83.02
120503003,131.0,240.0,371,0.0,35.31,64.69
120503004,59.0,259.0,318,0.0,18.55,81.45
120601001,256.0,809.0,1080,15.0,23.7,74.91
120601002,265.0,505.0,780,10.0,33.97,64.74
120601003,327.0,672.0,1009,10.0,32.41,66.6
120601004,389.0,562.0,964,13.0,40.35,58.3
120601005,116.0,318.0,438,4.0,26.48,72.6
120601006,123.0,428.0,556,5.0,22.12,76.98
120601007,48.0,118.0,168,2.0,28.57,70.24
120601010,185.0,511.0,704,8.0,26.28,72.59
120601011,141.0,331.0,475,3.0,29.68,69.68
120602001,346.0,640.0,998,12.0,34.67,64.13
120602002,175.0,485.0,670,10.0,26.12,72.39
120602003,35.0,152.0,189,2.0,18.52,80.42
120701001,364.0,739.0,1131,28.0,32.18,65.34
120701002,117.0,280.0,400,3.0,29.25,70.0
120701003,79.0,158.0,244,7.0,32.38,64.75
120701004,52.0,79.0,132,1.0,39.39,59.85
120701005,49.0,121.0,171,1.0,28.65,70.76
120701006,28.0,67.0,97,2.0,28.87,69.07
120702001,411.0,529.0,946,6.0,43.45,55.92
120801001,190.0,1139.0,1347,18.0,14.11,84.56
120801002,130.0,636.0,775,9.0,16.77,82.06
120801003,808.0,1231.0,2075,36.0,38.94,59.33
120801004,115.0,360.0,486,11.0,23.66,74.07
120801005,299.0,1247.0,1584,38.0,18.88,78.72
120801006,110.0,434.0,564,20.0,19.5,76.95
120801007,306.0,657.0,991,28.0,30.88,66.3
120801008,94.0,307.0,405,4.0,23.21,75.8
120801009,70.0,98.0,175,7.0,40.0,56.0
120802001,141.0,717.0,887,29.0,15.9,80.83
120802002,423.0,1449.0,1904,32.0,22.22,76.1
120803001,278.0,1718.0,2027,31.0,13.71,84.76
120803002,262.0,1095.0,1387,30.0,18.89,78.95
120803003,76.0,634.0,716,6.0,10.61,88.55
120803004,274.0,911.0,1211,26.0,22.63,75.23
120803005,268.0,1509.0,1806,29.0,14.84,83.55
120803006,172.0,1021.0,1212,19.0,14.19,84.24
120803007,48.0,233.0,283,2.0,16.96,82.33
120803008,97.0,408.0,517,12.0,18.76,78.92
120803009,139.0,526.0,678,13.0,20.5,77.58
120803010,197.0,423.0,632,12.0,31.17,66.93
120804001,153.0,1259.0,1431,19.0,10.69,87.98
120804002,333.0,1935.0,2299,31.0,14.48,84.17
120804003,197.0,964.0,1180,19.0,16.69,81.69
120804004,180.0,889.0,1084,15.0,16.61,82.01
120804005,71.0,423.0,501,7.0,14.17,84.43
120805001,167.0,1016.0,1197,14.0,13.95,84.88
120805002,125.0,1532.0,1681,24.0,7.44,91.14
120805003,58.0,724.0,791,9.0,7.33,91.53
120805004,123.0,726.0,872,23.0,14.11,83.26
120805005,94.0,788.0,890,8.0,10.56,88.54
120805007,44.0,312.0,364,8.0,12.09,85.71
120805008,65.0,137.0,208,6.0,31.25,65.87
120806001,590.0,2194.0,2837,53.0,20.8,77.34
120806002,458.0,1977.0,2473,38.0,18.52,79.94
120806003,708.0,2873.0,3665,84.0,19.32,78.39
120806004,587.0,1821.0,2473,65.0,23.74,73.64
120806007,218.0,456.0,696,22.0,31.32,65.52
120806008,137.0,238.0,377,2.0,36.34,63.13
120806009,113.0,300.0,426,13.0,26.53,70.42
120806010,205.0,357.0,586,24.0,34.98,60.92
120807001,161.0,590.0,768,17.0,20.96,76.82
120807002,218.0,1220.0,1464,26.0,14.89,83.33
120807003,161.0,1006.0,1188,21.0,13.55,84.68
120807005,182.0,705.0,913,26.0,19.93,77.22
120807006,414.0,1254.0,1713,45.0,24.17,73.2
120807007,204.0,562.0,790,24.0,25.82,71.14
120807008,168.0,688.0,868,12.0,19.35,79.26
120807009,301.0,1362.0,1691,28.0,17.8,80.54
120807010,83.0,439.0,531,9.0,15.63,82.67
120807011,100.0,294.0,399,5.0,25.06,73.68
120808001,158.0,508.0,679,13.0,23.27,74.82
120808002,118.0,372.0,505,15.0,23.37,73.66
120808003,427.0,1338.0,1802,37.0,23.7,74.25
120808004,162.0,694.0,870,14.0,18.62,79.77
120809001,578.0,1548.0,2160,34.0,26.76,71.67
120809002,743.0,2682.0,3496,71.0,21.25,76.72
120809003,380.0,1373.0,1787,34.0,21.26,76.83
120809004,196.0,628.0,850,26.0,23.06,73.88
120810001,214.0,1155.0,1390,21.0,15.4,83.09
120810002,316.0,1132.0,1475,27.0,21.42,76.75
120810003,194.0,1143.0,1364,27.0,14.22,83.8
120810005,89.0,224.0,333,20.0,26.73,67.27
120811001,203.0,1579.0,1806,24.0,11.24,87.43
120811003,162.0,1593.0,1783,28.0,9.09,89.34
120811004,66.0,834.0,913,13.0,7.23,91.35
120811005,78.0,666.0,750,6.0,10.4,88.8
120811006,43.0,365.0,413,5.0,10.41,88.38
120812001,241.0,872.0,1132,19.0,21.29,77.03
120812002,65.0,415.0,486,6.0,13.37,85.39
120812003,90.0,357.0,460,13.0,19.57,77.61
120812004,189.0,1340.0,1553,24.0,12.17,86.28
120812005,247.0,1702.0,1979,30.0,12.48,86.0
120813001,145.0,394.0,556,17.0,26.08,70.86
120813002,238.0,1233.0,1492,21.0,15.95,82.64
120813004,231.0,2156.0,2411,24.0,9.58,89.42
120813005,205.0,1106.0,1331,20.0,15.4,83.1
120813006,133.0,468.0,620,19.0,21.45,75.48
120813007,107.0,225.0,347,15.0,30.84,64.84
120813008,120.0,979.0,1113,14.0,10.78,87.96
120813009,359.0,1456.0,1843,28.0,19.48,79.0
120813010,140.0,282.0,431,9.0,32.48,65.43
120813011,102.0,126.0,238,10.0,42.86,52.94
120814001,185.0,330.0,526,11.0,35.17,62.74
120814002,23.0,34.0,58,1.0,39.66,58.62
120814003,118.0,148.0,271,5.0,43.54,54.61
120901001,378.0,1944.0,2363,41.0,16.0,82.27
120901002,307.0,1108.0,1441,26.0,21.3,76.89
120901003,439.0,1360.0,1829,30.0,24.0,74.36
120901004,198.0,437.0,657,22.0,30.14,66.51
120901005,175.0,456.0,642,11.0,27.26,71.03
120901006,176.0,525.0,720,19.0,24.44,72.92
120901007,195.0,614.0,826,17.0,23.61,74.33
120901008,150.0,466.0,629,13.0,23.85,74.09
121001001,422.0,1613.0,2077,42.0,20.32,77.66
121001002,332.0,1769.0,2134,33.0,15.56,82.9
121001003,284.0,1637.0,1943,22.0,14.62,84.25
121001004,272.0,782.0,1076,22.0,25.28,72.68
121001006,113.0,432.0,567,22.0,19.93,76.19
121001007,84.0,453.0,548,11.0,15.33,82.66
121001008,47.0,208.0,257,2.0,18.29,80.93
121001009,167.0,135.0,306,4.0,54.58,44.12
121001010,100.0,136.0,240,4.0,41.67,56.67
121001011,104.0,80.0,188,4.0,55.32,42.55
121002001,109.0,506.0,633,18.0,17.22,79.94
121003001,131.0,225.0,361,5.0,36.29,62.33
121003002,74.0,61.0,137,2.0,54.01,44.53
121003003,143.0,112.0,258,3.0,55.43,43.41
121003006,12.0,80.0,94,2.0,12.77,85.11
121004001,100.0,500.0,620,20.0,16.13,80.65
121004002,63.0,167.0,233,3.0,27.04,71.67
121101001,197.0,1055.0,1281,29.0,15.38,82.36
121101002,121.0,808.0,936,7.0,12.93,86.32
121101003,101.0,377.0,486,8.0,20.78,77.57
121101004,200.0,611.0,828,17.0,24.15,73.79
121101005,142.0,388.0,543,13.0,26.15,71.45
121101006,143.0,230.0,383,10.0,37.34,60.05
121101007,165.0,499.0,673,9.0,24.52,74.15
121101008,69.0,250.0,321,2.0,21.5,77.88
121101009,84.0,232.0,324,8.0,25.93,71.6
121101010,90.0,254.0,346,2.0,26.01,73.41
121101011,140.0,646.0,802,16.0,17.46,80.55
121101012,163.0,383.0,554,8.0,29.42,69.13
121101013,207.0,1078.0,1306,21.0,15.85,82.54
121101014,48.0,25.0,75,2.0,64.0,33.33
121102001,191.0,828.0,1035,16.0,18.45,80.0
121102002,129.0,237.0,373,7.0,34.58,63.54
121102003,44.0,155.0,204,5.0,21.57,75.98
121102004,93.0,245.0,343,5.0,27.11,71.43
121102005,56.0,136.0,194,2.0,28.87,70.1
121102006,84.0,111.0,198,3.0,42.42,56.06
121103001,41.0,99.0,140,0.0,29.29,70.71
121103002,187.0,577.0,783,19.0,23.88,73.69
121103003,52.0,69.0,123,2.0,42.28,56.1
121103004,42.0,67.0,110,1.0,38.18,60.91
121103005,43.0,160.0,207,4.0,20.77,77.29
121201001,245.0,1263.0,1512,4.0,16.2,83.53
121201002,168.0,847.0,1020,5.0,16.47,83.04
121201003,105.0,101.0,211,5.0,49.76,47.87
121201004,112.0,335.0,450,3.0,24.89,74.44
121201007,319.0,519.0,850,12.0,37.53,61.06
121201008,148.0,359.0,514,7.0,28.79,69.84
121201009,212.0,600.0,815,3.0,26.01,73.62
121201010,139.0,142.0,285,4.0,48.77,49.82
121201013,71.0,191.0,264,2.0,26.89,72.35
121202001,368.0,980.0,1371,23.0,26.84,71.48
121202002,114.0,247.0,365,4.0,31.23,67.67
121202003,243.0,292.0,542,7.0,44.83,53.87
121202004,67.0,79.0,148,2.0,45.27,53.38
121202005,214.0,336.0,556,6.0,38.49,60.43
121202006,101.0,310.0,414,3.0,24.4,74.88
121202008,95.0,70.0,165,0.0,57.58,42.42
121203001,99.0,431.0,539,9.0,18.37,79.96
121203002,266.0,744.0,1028,18.0,25.88,72.37
121203003,101.0,399.0,504,4.0,20.04,79.17
121203004,119.0,257.0,378,2.0,31.48,67.99
121203005,58.0,89.0,150,3.0,38.67,59.33
121203006,63.0,103.0,171,5.0,36.84,60.23
121301001,278.0,1468.0,1764,18.0,15.76,83.22
121301002,362.0,1611.0,2003,30.0,18.07,80.43
121301003,191.0,827.0,1037,19.0,18.42,79.75
121301004,168.0,630.0,813,15.0,20.66,77.49
121301005,296.0,255.0,565,14.0,52.39,45.13
121301008,236.0,498.0,746,12.0,31.64,66.76
121301009,28.0,159.0,189,2.0,14.81,84.13
121301010,165.0,190.0,359,4.0,45.96,52.92
121301011,208.0,783.0,1005,14.0,20.7,77.91
121301012,141.0,431.0,586,14.0,24.06,73.55
121301013,115.0,243.0,360,2.0,31.94,67.5
121301014,65.0,159.0,225,1.0,28.89,70.67
121302002,454.0,1001.0,1481,26.0,30.65,67.59
121302004,193.0,330.0,531,8.0,36.35,62.15
121302005,77.0,155.0,234,2.0,32.91,66.24
121302006,311.0,777.0,1119,31.0,27.79,69.44
121401001,240.0,1467.0,1731,24.0,13.86,84.75
121401002,116.0,456.0,584,12.0,19.86,78.08
121401003,79.0,349.0,434,6.0,18.2,80.41
121401004,109.0,254.0,369,6.0,29.54,68.83
121402001,91.0,902.0,1005,12.0,9.05,89.75
121402002,27.0,186.0,218,5.0,12.39,85.32
121402003,50.0,240.0,298,8.0,16.78,80.54
121402004,59.0,396.0,460,5.0,12.83,86.09
121402006,64.0,170.0,250,16.0,25.6,68.0
121402007,35.0,104.0,140,1.0,25.0,74.29
121402008,42.0,152.0,197,3.0,21.32,77.16
121501001,177.0,1883.0,2078,18.0,8.52,90.62
121501002,60.0,973.0,1038,5.0,5.78,93.74
121501004,137.0,1089.0,1248,22.0,10.98,87.26
121501005,68.0,351.0,423,4.0,16.08,82.98
121501006,55.0,230.0,289,4.0,19.03,79.58
121501007,104.0,946.0,1063,13.0,9.78,88.99
121601001,320.0,1693.0,2050,37.0,15.61,82.59
121601002,212.0,1279.0,1510,19.0,14.04,84.7
121601003,71.0,481.0,571,19.0,12.43,84.24
121601004,139.0,198.0,344,7.0,40.41,57.56
121601005,58.0,156.0,216,2.0,26.85,72.22
121602001,337.0,941.0,1302,24.0,25.88,72.27
121602002,67.0,406.0,477,4.0,14.05,85.12
121602003,16.0,40.0,57,1.0,28.07,70.18
121603001,153.0,918.0,1089,18.0,14.05,84.3
121603002,115.0,505.0,638,18.0,18.03,79.15
121603003,28.0,150.0,178,0.0,15.73,84.27
121603004,46.0,103.0,151,2.0,30.46,68.21
121603005,45.0,99.0,148,4.0,30.41,66.89
121604001,157.0,573.0,741,11.0,21.19,77.33
121605001,94.0,526.0,631,11.0,14.9,83.36
121605002,50.0,19.0,70,1.0,71.43,27.14
121701001,190.0,1877.0,2094,27.0,9.07,89.64
121701002,17.0,126.0,144,1.0,11.81,87.5
121701003,129.0,795.0,933,9.0,13.83,85.21
121701004,100.0,591.0,699,8.0,14.31,84.55
121701005,81.0,374.0,463,8.0,17.49,80.78
121701006,65.0,560.0,637,12.0,10.2,87.91
121701007,22.0,583.0,615,10.0,3.58,94.8
121701008,61.0,684.0,752,7.0,8.11,90.96
121701010,132.0,913.0,1066,21.0,12.38,85.65
121701012,25.0,112.0,145,8.0,17.24,77.24
121701013,30.0,315.0,350,5.0,8.57,90.0
121701014,53.0,167.0,223,3.0,23.77,74.89
121702001,182.0,1108.0,1309,19.0,13.9,84.64
121801001,84.0,400.0,494,10.0,17.0,80.97
121801002,242.0,986.0,1253,25.0,19.31,78.69
121801003,581.0,1536.0,2163,46.0,26.86,71.01
121801004,379.0,1678.0,2101,44.0,18.04,79.87
121801005,112.0,270.0,393,11.0,28.5,68.7
121801006,59.0,58.0,118,1.0,50.0,49.15
121801007,330.0,806.0,1146,10.0,28.8,70.33
121801009,262.0,492.0,771,17.0,33.98,63.81
121801010,210.0,353.0,575,12.0,36.52,61.39
121801013,177.0,334.0,518,7.0,34.17,64.48
121802001,115.0,418.0,543,10.0,21.18,76.98
121802002,203.0,1567.0,1787,17.0,11.36,87.69
121802003,24.0,56.0,80,0.0,30.0,70.0
121802004,75.0,88.0,167,4.0,44.91,52.69
121802005,24.0,74.0,101,3.0,23.76,73.27
121802007,131.0,228.0,368,9.0,35.6,61.96
121802008,57.0,251.0,309,1.0,18.45,81.23
121802009,15.0,63.0,80,2.0,18.75,78.75
121802010,29.0,21.0,51,1.0,56.86,41.18
121802011,58.0,80.0,141,3.0,41.13,56.74
121803001,174.0,439.0,623,10.0,27.93,70.47
121803002,72.0,253.0,330,5.0,21.82,76.67
121803003,116.0,87.0,204,1.0,56.86,42.65
121803004,39.0,221.0,269,9.0,14.5,82.16
121803005,27.0,82.0,110,1.0,24.55,74.55
121803007,15.0,87.0,105,3.0,14.29,82.86
121803008,22.0,122.0,148,4.0,14.86,82.43
121803009,30.0,106.0,139,3.0,21.58,76.26
121804001,665.0,2033.0,2758,60.0,24.11,73.71
121804002,193.0,682.0,902,27.0,21.4,75.61
121804003,19.0,44.0,71,8.0,26.76,61.97
121804007,140.0,315.0,468,13.0,29.91,67.31
121804008,265.0,506.0,793,22.0,33.42,63.81
121804009,92.0,321.0,425,12.0,21.65,75.53
121804011,148.0,412.0,580,20.0,25.52,71.03
121804012,71.0,102.0,178,5.0,39.89,57.3
121805001,130.0,611.0,745,4.0,17.45,82.01
121805003,68.0,119.0,192,5.0,35.42,61.98
121805004,60.0,128.0,189,1.0,31.75,67.72
121805005,43.0,43.0,90,4.0,47.78,47.78
121805006,61.0,82.0,145,2.0,42.07,56.55
121805007,136.0,224.0,364,4.0,37.36,61.54
121805008,65.0,82.0,151,4.0,43.05,54.3
121805010,41.0,26.0,68,1.0,60.29,38.24
121806001,78.0,127.0,217,12.0,35.94,58.53
121806002,106.0,123.0,232,3.0,45.69,53.02
121806003,101.0,199.0,301,1.0,33.55,66.11
121806004,6.0,69.0,76,1.0,7.89,90.79
121806005,60.0,43.0,109,6.0,55.05,39.45
121806006,52.0,67.0,121,2.0,42.98,55.37
121901001,309.0,2651.0,2992,32.0,10.33,88.6
121901002,199.0,1377.0,1599,23.0,12.45,86.12
121901004,116.0,521.0,643,6.0,18.04,81.03
121901005,75.0,264.0,343,4.0,21.87,76.97
121902002,177.0,1097.0,1291,17.0,13.71,84.97
121902003,266.0,1433.0,1725,26.0,15.42,83.07
121902005,132.0,567.0,705,6.0,18.72,80.43
121902007,164.0,485.0,662,13.0,24.77,73.26
121902009,114.0,496.0,623,13.0,18.3,79.61
121902010,62.0,202.0,264,0.0,23.48,76.52
121902011,142.0,207.0,357,8.0,39.78,57.98
121902012,76.0,86.0,169,7.0,44.97,50.89
121902015,51.0,137.0,188,0.0,27.13,72.87
121902016,39.0,143.0,183,1.0,21.31,78.14
121903001,180.0,728.0,922,14.0,19.52,78.96
121903002,50.0,121.0,172,1.0,29.07,70.35
121904001,127.0,681.0,815,7.0,15.58,83.56
121904002,52.0,346.0,401,3.0,12.97,86.28
121904003,20.0,224.0,248,4.0,8.06,90.32
122001001,270.0,1131.0,1427,26.0,18.92,79.26
122001002,493.0,1894.0,2429,42.0,20.3,77.97
122001003,160.0,407.0,575,8.0,27.83,70.78
122001004,86.0,280.0,367,1.0,23.43,76.29
122001005,172.0,884.0,1068,12.0,16.1,82.77
122001007,46.0,94.0,142,2.0,32.39,66.2
122001008,203.0,478.0,690,9.0,29.42,69.28
122001009,115.0,251.0,370,4.0,31.08,67.84
122001010,137.0,115.0,265,13.0,51.7,43.4
122002001,448.0,601.0,1074,25.0,41.71,55.96
122002002,562.0,969.0,1550,19.0,36.26,62.52
122002003,154.0,342.0,515,19.0,29.9,66.41
122002004,221.0,274.0,504,9.0,43.85,54.37
122002005,207.0,417.0,629,5.0,32.91,66.3
122002006,106.0,182.0,291,3.0,36.43,62.54
122002007,56.0,21.0,77,0.0,72.73,27.27
122003001,165.0,309.0,481,7.0,34.3,64.24
122003004,101.0,112.0,215,2.0,46.98,52.09
122003005,118.0,140.0,266,8.0,44.36,52.63
122003007,57.0,96.0,157,4.0,36.31,61.15
122004001,181.0,439.0,628,8.0,28.82,69.9
122004003,41.0,117.0,161,3.0,25.47,72.67
122004005,37.0,168.0,211,6.0,17.54,79.62
122101001,252.0,853.0,1122,17.0,22.46,76.02
122101002,166.0,339.0,518,13.0,32.05,65.44
122201001,295.0,884.0,1202,23.0,24.54,73.54
122201003,164.0,109.0,278,5.0,58.99,39.21
122201005,40.0,58.0,99,1.0,40.4,58.59
122201006,187.0,341.0,541,13.0,34.57,63.03
122202001,198.0,325.0,533,10.0,37.15,60.98
122301001,150.0,857.0,1018,11.0,14.73,84.18
122301002,134.0,804.0,951,13.0,14.09,84.54
122301003,30.0,95.0,128,3.0,23.44,74.22
122301005,76.0,206.0,284,2.0,26.76,72.54
122301006,57.0,124.0,185,4.0,30.81,67.03
122301007,82.0,752.0,838,4.0,9.79,89.74
122301008,73.0,219.0,293,1.0,24.91,74.74
122301009,38.0,115.0,154,1.0,24.68,74.68
122302001,160.0,797.0,963,6.0,16.61,82.76
122302004,71.0,203.0,276,2.0,25.72,73.55
130101001,1055.0,1493.0,2624,76.0,40.21,56.9
130101004,372.0,1122.0,1522,28.0,24.44,73.72
130101009,335.0,154.0,515,26.0,65.05,29.9
130101016,181.0,258.0,450,11.0,40.22,57.33
130101017,83.0,180.0,269,6.0,30.86,66.91
130101019,378.0,455.0,853,20.0,44.31,53.34
130102001,758.0,437.0,1235,40.0,61.38,35.38
130102003,294.0,88.0,404,22.0,72.77,21.78
130102004,141.0,13.0,156,2.0,90.38,8.33
130103001,218.0,45.0,269,6.0,81.04,16.73
130103005,153.0,64.0,225,8.0,68.0,28.44
130103007,43.0,52.0,100,5.0,43.0,52.0
130103009,112.0,43.0,160,5.0,70.0,26.88
130104004,258.0,103.0,367,6.0,70.3,28.07
130104005,96.0,48.0,148,4.0,64.86,32.43
130104010,38.0,22.0,63,3.0,60.32,34.92
130104012,147.0,159.0,318,12.0,46.23,50.0
130104015,99.0,70.0,179,10.0,55.31,39.11
130104017,224.0,184.0,420,12.0,53.33,43.81
130104018,538.0,505.0,1064,21.0,50.56,47.46
130105001,581.0,651.0,1263,31.0,46.0,51.54
130105004,245.0,33.0,280,2.0,87.5,11.79
130105005,81.0,22.0,106,3.0,76.42,20.75
130105008,173.0,70.0,246,3.0,70.33,28.46
130105010,81.0,21.0,105,3.0,77.14,20.0
130106001,232.0,279.0,522,11.0,44.44,53.45
130106004,129.0,37.0,167,1.0,77.25,22.16
130106011,182.0,131.0,321,8.0,56.7,40.81
130106014,73.0,61.0,134,0.0,54.48,45.52
130106017,107.0,94.0,206,5.0,51.94,45.63
130107003,540.0,334.0,904,30.0,59.73,36.95
130108002,600.0,651.0,1281,30.0,46.84,50.82
130108003,414.0,413.0,844,17.0,49.05,48.93
130108005,1357.0,502.0,1903,44.0,71.31,26.38
130201002,173.0,304.0,494,17.0,35.02,61.54
130201003,611.0,1087.0,1746,48.0,34.99,62.26
130201006,519.0,766.0,1363,78.0,38.08,56.2
130201008,172.0,182.0,364,10.0,47.25,50.0
130201011,239.0,441.0,712,32.0,33.57,61.94
130201013,118.0,227.0,352,7.0,33.52,64.49
130201014,361.0,738.0,1121,22.0,32.2,65.83
130201017,362.0,254.0,640,24.0,56.56,39.69
130201020,159.0,92.0,270,19.0,58.89,34.07
130201022,106.0,49.0,163,8.0,65.03,30.06
130202005,300.0,400.0,724,24.0,41.44,55.25
130202007,152.0,202.0,373,19.0,40.75,54.16
130202009,67.0,70.0,144,7.0,46.53,48.61
130202011,159.0,103.0,266,4.0,59.77,38.72
130203001,667.0,1343.0,2060,50.0,32.38,65.19
130203006,203.0,211.0,432,18.0,46.99,48.84
130203008,238.0,280.0,538,20.0,44.24,52.04
130203016,139.0,137.0,288,12.0,48.26,47.57
130203017,255.0,133.0,402,14.0,63.43,33.08
130301001,151.0,378.0,547,18.0,27.61,69.1
130301010,114.0,376.0,499,9.0,22.85,75.35
130301012,116.0,350.0,483,17.0,24.02,72.46
130301019,218.0,732.0,977,27.0,22.31,74.92
130301020,222.0,895.0,1155,38.0,19.22,77.49
130301035,119.0,344.0,473,10.0,25.16,72.73
130301036,109.0,370.0,497,18.0,21.93,74.45
130301039,130.0,461.0,611,20.0,21.28,75.45
130301045,133.0,428.0,580,19.0,22.93,73.79
130301048,172.0,445.0,648,31.0,26.54,68.67
130301059,412.0,654.0,1121,55.0,36.75,58.34
130301061,76.0,240.0,329,13.0,23.1,72.95
130302005,148.0,316.0,489,25.0,30.27,64.62
130302007,96.0,390.0,507,21.0,18.93,76.92
130303001,453.0,1283.0,1787,51.0,25.35,71.8
130303002,426.0,1115.0,1576,35.0,27.03,70.75
130303003,179.0,336.0,535,20.0,33.46,62.8
130303004,171.0,348.0,534,15.0,32.02,65.17
130303005,153.0,428.0,606,25.0,25.25,70.63
130303007,50.0,181.0,236,5.0,21.19,76.69
130303010,111.0,119.0,239,9.0,46.44,49.79
130304001,368.0,1348.0,1773,57.0,20.76,76.03
130304002,121.0,420.0,552,11.0,21.92,76.09
130307004,60.0,74.0,143,9.0,41.96,51.75
130401001,666.0,839.0,1560,55.0,42.69,53.78
130401003,95.0,239.0,349,15.0,27.22,68.48
130401004,182.0,347.0,548,19.0,33.21,63.32
130401005,374.0,584.0,994,36.0,37.63,58.75
130401006,594.0,528.0,1171,49.0,50.73,45.09
130401007,593.0,1153.0,1800,54.0,32.94,64.06
130401008,265.0,497.0,783,21.0,33.84,63.47
130401010,165.0,395.0,571,11.0,28.9,69.18
130401012,601.0,834.0,1500,65.0,40.07,55.6
130401013,345.0,681.0,1054,28.0,32.73,64.61
130401014,250.0,95.0,358,13.0,69.83,26.54
130401015,1237.0,951.0,2267,79.0,54.57,41.95
130401017,668.0,680.0,1402,54.0,47.65,48.5
130401018,651.0,595.0,1301,55.0,50.04,45.73
130401019,743.0,244.0,1024,37.0,72.56,23.83
130401020,857.0,876.0,1800,67.0,47.61,48.67
130401021,837.0,1006.0,1933,90.0,43.3,52.04
130401022,404.0,534.0,980,42.0,41.22,54.49
130401023,462.0,1468.0,1995,65.0,23.16,73.58
130401024,462.0,580.0,1090,48.0,42.39,53.21
130401025,263.0,202.0,486,21.0,54.12,41.56
130401026,338.0,321.0,692,33.0,48.84,46.39
130401028,266.0,121.0,396,9.0,67.17,30.56
130401029,129.0,246.0,394,19.0,32.74,62.44
130401031,122.0,72.0,202,8.0,60.4,35.64
130401032,119.0,121.0,246,6.0,48.37,49.19
130401033,227.0,160.0,404,17.0,56.19,39.6
130401034,183.0,68.0,259,8.0,70.66,26.25
130401036,173.0,83.0,267,11.0,64.79,31.09
130401040,176.0,100.0,291,15.0,60.48,34.36
130401044,154.0,108.0,274,12.0,56.2,39.42
130401046,48.0,52.0,108,8.0,44.44,48.15
130401048,81.0,72.0,160,7.0,50.62,45.0
130402001,407.0,389.0,814,18.0,50.0,47.79
130402002,212.0,360.0,591,19.0,35.87,60.91
130402003,919.0,995.0,2004,90.0,45.86,49.65
130402004,1318.0,1753.0,3192,121.0,41.29,54.92
130402006,783.0,906.0,1758,69.0,44.54,51.54
130402007,552.0,872.0,1485,61.0,37.17,58.72
130402008,717.0,757.0,1556,82.0,46.08,48.65
130402009,1261.0,1667.0,3043,115.0,41.44,54.78
130402010,631.0,868.0,1559,60.0,40.47,55.68
130402011,1323.0,2022.0,3466,121.0,38.17,58.34
130402012,760.0,769.0,1575,46.0,48.25,48.83
130402014,197.0,242.0,456,17.0,43.2,53.07
130402015,794.0,1250.0,2104,60.0,37.74,59.41
130402016,513.0,428.0,988,47.0,51.92,43.32
130402017,270.0,413.0,703,20.0,38.41,58.75
130402018,126.0,118.0,258,14.0,48.84,45.74
130402019,199.0,107.0,318,12.0,62.58,33.65
130402023,171.0,157.0,338,10.0,50.59,46.45
130402026,146.0,129.0,283,8.0,51.59,45.58
130402027,121.0,69.0,202,12.0,59.9,34.16
130402029,133.0,160.0,308,15.0,43.18,51.95
130402030,193.0,235.0,444,16.0,43.47,52.93
130402031,165.0,118.0,289,6.0,57.09,40.83
130501001,670.0,854.0,1568,44.0,42.73,54.46
130501002,435.0,343.0,814,36.0,53.44,42.14
130501003,450.0,811.0,1304,43.0,34.51,62.19
130501004,521.0,781.0,1349,47.0,38.62,57.89
130501005,129.0,262.0,398,7.0,32.41,65.83
130501006,282.0,350.0,649,17.0,43.45,53.93
130501008,1355.0,1479.0,2943,109.0,46.04,50.25
130501009,689.0,772.0,1516,55.0,45.45,50.92
130501010,411.0,436.0,876,29.0,46.92,49.77
130501011,873.0,484.0,1413,56.0,61.78,34.25
130501012,718.0,903.0,1683,62.0,42.66,53.65
130501013,632.0,773.0,1482,77.0,42.65,52.16
130501014,464.0,533.0,1042,45.0,44.53,51.15
130501015,1135.0,1041.0,2270,94.0,50.0,45.86
130501016,434.0,875.0,1351,42.0,32.12,64.77
130501017,546.0,668.0,1262,48.0,43.26,52.93
130501018,580.0,834.0,1455,41.0,39.86,57.32
130501019,281.0,82.0,381,18.0,73.75,21.52
130501021,1042.0,1128.0,2264,94.0,46.02,49.82
130501022,434.0,353.0,813,26.0,53.38,43.42
130501023,1237.0,1245.0,2607,125.0,47.45,47.76
130501025,311.0,53.0,379,15.0,82.06,13.98
130501026,1383.0,428.0,1867,56.0,74.08,22.92
130501027,947.0,577.0,1577,53.0,60.05,36.59
130501028,681.0,675.0,1407,51.0,48.4,47.97
130501029,721.0,314.0,1084,49.0,66.51,28.97
130501030,878.0,662.0,1583,43.0,55.46,41.82
130501031,264.0,557.0,852,31.0,30.99,65.38
130501032,299.0,852.0,1189,38.0,25.15,71.66
130501033,667.0,328.0,1040,45.0,64.13,31.54
130501034,346.0,333.0,707,28.0,48.94,47.1
130501035,713.0,641.0,1420,66.0,50.21,45.14
130501036,655.0,703.0,1421,63.0,46.09,49.47
130501038,700.0,591.0,1349,58.0,51.89,43.81
130501039,222.0,101.0,333,10.0,66.67,30.33
130501040,381.0,278.0,692,33.0,55.06,40.17
130501041,265.0,404.0,694,25.0,38.18,58.21
130501042,267.0,95.0,375,13.0,71.2,25.33
130501043,304.0,170.0,499,25.0,60.92,34.07
130501046,608.0,621.0,1264,35.0,48.1,49.13
130501047,474.0,479.0,989,36.0,47.93,48.43
130501051,375.0,213.0,621,33.0,60.39,34.3
130501052,273.0,429.0,728,26.0,37.5,58.93
130501053,281.0,195.0,497,21.0,56.54,39.24
130501054,272.0,59.0,343,12.0,79.3,17.2
130501055,249.0,127.0,395,19.0,63.04,32.15
130501056,236.0,105.0,349,8.0,67.62,30.09
130501057,190.0,53.0,250,7.0,76.0,21.2
130501058,665.0,367.0,1061,29.0,62.68,34.59
130502002,114.0,32.0,149,3.0,76.51,21.48
130502003,169.0,50.0,230,11.0,73.48,21.74
130502004,140.0,74.0,227,13.0,61.67,32.6
130503001,359.0,545.0,954,50.0,37.63,57.13
130503002,810.0,1123.0,1999,66.0,40.52,56.18
130503003,440.0,362.0,854,52.0,51.52,42.39
130503004,839.0,571.0,1457,47.0,57.58,39.19
130503005,253.0,153.0,423,17.0,59.81,36.17
130503006,421.0,266.0,707,20.0,59.55,37.62
130601001,603.0,865.0,1505,37.0,40.07,57.48
130601002,364.0,469.0,862,29.0,42.23,54.41
130601003,661.0,948.0,1670,61.0,39.58,56.77
130601004,281.0,142.0,437,14.0,64.3,32.49
130601005,598.0,312.0,930,20.0,64.3,33.55
130601006,572.0,417.0,1041,52.0,54.95,40.06
130601007,372.0,264.0,642,6.0,57.94,41.12
130601008,331.0,118.0,467,18.0,70.88,25.27
130601009,345.0,86.0,440,9.0,78.41,19.55
130601010,663.0,256.0,939,20.0,70.61,27.26
130601011,302.0,416.0,735,17.0,41.09,56.6
130601012,367.0,267.0,658,24.0,55.78,40.58
130601013,259.0,50.0,317,8.0,81.7,15.77
130602001,389.0,286.0,694,19.0,56.05,41.21
130602002,866.0,697.0,1604,41.0,53.99,43.45
130602004,244.0,143.0,409,22.0,59.66,34.96
130602005,310.0,129.0,465,26.0,66.67,27.74
130602006,195.0,38.0,236,3.0,82.63,16.1
130602007,140.0,75.0,217,2.0,64.52,34.56
130602009,160.0,21.0,186,5.0,86.02,11.29
130602012,89.0,29.0,120,2.0,74.17,24.17
130603001,465.0,438.0,918,15.0,50.65,47.71
130603002,439.0,608.0,1072,25.0,40.95,56.72
130603003,212.0,167.0,391,12.0,54.22,42.71
130603004,82.0,37.0,125,6.0,65.6,29.6
130604001,463.0,356.0,831,12.0,55.72,42.84
130605001,645.0,558.0,1243,40.0,51.89,44.89
130605002,295.0,162.0,468,11.0,63.03,34.62
130701002,486.0,507.0,1031,38.0,47.14,49.18
130701003,678.0,932.0,1679,69.0,40.38,55.51
130701005,388.0,860.0,1279,31.0,30.34,67.24
130701006,572.0,934.0,1574,68.0,36.34,59.34
130701009,548.0,491.0,1084,45.0,50.55,45.3
130701010,642.0,954.0,1647,51.0,38.98,57.92
130701011,513.0,1059.0,1609,37.0,31.88,65.82
130701012,275.0,515.0,801,11.0,34.33,64.29
130701014,488.0,553.0,1086,45.0,44.94,50.92
130701016,230.0,117.0,354,7.0,64.97,33.05
130701017,864.0,636.0,1540,40.0,56.1,41.3
130701018,244.0,136.0,389,9.0,62.72,34.96
130701019,276.0,114.0,404,14.0,68.32,28.22
130701020,385.0,421.0,843,37.0,45.67,49.94
130701021,1007.0,1575.0,2721,139.0,37.01,57.88
130701022,486.0,603.0,1131,42.0,42.97,53.32
130701023,231.0,444.0,701,26.0,32.95,63.34
130701025,983.0,1113.0,2207,111.0,44.54,50.43
130701026,717.0,761.0,1543,65.0,46.47,49.32
130701027,336.0,335.0,691,20.0,48.63,48.48
130701028,131.0,112.0,254,11.0,51.57,44.09
130701030,262.0,257.0,540,21.0,48.52,47.59
130701031,169.0,93.0,269,7.0,62.83,34.57
130701032,308.0,489.0,846,49.0,36.41,57.8
130701033,318.0,486.0,835,31.0,38.08,58.2
130701034,186.0,160.0,358,12.0,51.96,44.69
130701036,172.0,120.0,298,6.0,57.72,40.27
130701038,313.0,406.0,734,15.0,42.64,55.31
130701040,230.0,142.0,384,12.0,59.9,36.98
130701041,327.0,313.0,670,30.0,48.81,46.72
130701042,160.0,133.0,303,10.0,52.81,43.89
130701044,194.0,231.0,445,20.0,43.6,51.91
130701045,87.0,54.0,143,2.0,60.84,37.76
130701049,98.0,100.0,207,9.0,47.34,48.31
130701051,52.0,35.0,88,1.0,59.09,39.77
130701054,87.0,73.0,170,10.0,51.18,42.94
130701057,83.0,49.0,135,3.0,61.48,36.3
130701058,185.0,79.0,267,3.0,69.29,29.59
130701060,173.0,57.0,235,5.0,73.62,24.26
130701062,235.0,371.0,634,28.0,37.07,58.52
130701063,210.0,167.0,394,17.0,53.3,42.39
130701064,153.0,141.0,306,12.0,50.0,46.08
130701066,204.0,94.0,303,5.0,67.33,31.02
130701067,168.0,176.0,358,14.0,46.93,49.16
130701068,205.0,172.0,395,18.0,51.9,43.54
130701069,414.0,398.0,837,25.0,49.46,47.55
130701070,136.0,80.0,232,16.0,58.62,34.48
130701073,58.0,97.0,157,2.0,36.94,61.78
130701074,100.0,94.0,205,11.0,48.78,45.85
130701076,95.0,69.0,171,7.0,55.56,40.35
130701077,167.0,44.0,220,9.0,75.91,20.0
130801003,471.0,2038.0,2574,65.0,18.3,79.18
130801006,767.0,4425.0,5287,95.0,14.51,83.7
130801017,324.0,670.0,1031,37.0,31.43,64.99
130801026,186.0,296.0,500,18.0,37.2,59.2
130801053,331.0,1005.0,1375,39.0,24.07,73.09
130901001,90.0,319.0,417,8.0,21.58,76.5
130901002,62.0,1038.0,1105,5.0,5.61,93.94
130901003,210.0,2706.0,2952,36.0,7.11,91.67
130901006,165.0,636.0,823,22.0,20.05,77.28
130901007,151.0,476.0,642,15.0,23.52,74.14
130901008,391.0,2241.0,2678,46.0,14.6,83.68
130901011,583.0,1371.0,2014,60.0,28.95,68.07
130901012,1178.0,2030.0,3322,114.0,35.46,61.11
130901015,444.0,853.0,1347,50.0,32.96,63.33
130901017,150.0,277.0,448,21.0,33.48,61.83
130901018,302.0,896.0,1236,38.0,24.43,72.49
130901019,120.0,220.0,353,13.0,33.99,62.32
130901021,641.0,1358.0,2072,73.0,30.94,65.54
130901022,329.0,614.0,959,16.0,34.31,64.03
130901023,198.0,1769.0,1994,27.0,9.93,88.72
130901030,164.0,1507.0,1695,24.0,9.68,88.91
130901031,51.0,805.0,865,9.0,5.9,93.06
130901033,46.0,219.0,268,3.0,17.16,81.72
130901034,203.0,434.0,654,17.0,31.04,66.36
130901036,85.0,766.0,865,14.0,9.83,88.55
130901039,240.0,1151.0,1426,35.0,16.83,80.72
130901040,38.0,355.0,402,9.0,9.45,88.31
130901041,142.0,786.0,941,13.0,15.09,83.53
130901042,722.0,1196.0,1995,77.0,36.19,59.95
130901044,226.0,2927.0,3188,35.0,7.09,91.81
130901045,358.0,551.0,949,40.0,37.72,58.06
130901046,206.0,247.0,472,19.0,43.64,52.33
130901048,163.0,1975.0,2165,27.0,7.53,91.22
130901049,44.0,799.0,854,11.0,5.15,93.56
130901050,67.0,591.0,665,7.0,10.08,88.87
130901051,54.0,268.0,335,13.0,16.12,80.0
130901056,242.0,459.0,734,33.0,32.97,62.53
130901057,482.0,1218.0,1762,62.0,27.36,69.13
130901058,184.0,406.0,621,31.0,29.63,65.38
130901059,473.0,1973.0,2502,56.0,18.9,78.86
130901060,174.0,1046.0,1245,25.0,13.98,84.02
130901061,233.0,400.0,659,26.0,35.36,60.7
130901062,864.0,1551.0,2517,102.0,34.33,61.62
130901063,352.0,511.0,903,40.0,38.98,56.59
130901064,272.0,292.0,580,16.0,46.9,50.34
130901065,791.0,1565.0,2453,97.0,32.25,63.8
130901066,429.0,560.0,1032,43.0,41.57,54.26
130901067,760.0,1558.0,2425,107.0,31.34,64.25
130901068,680.0,1348.0,2105,77.0,32.3,64.04
130901069,465.0,941.0,1461,55.0,31.83,64.41
130901070,805.0,1445.0,2338,88.0,34.43,61.8
130901073,320.0,514.0,869,35.0,36.82,59.15
130901074,720.0,1849.0,2659,90.0,27.08,69.54
130901075,177.0,432.0,626,17.0,28.27,69.01
130901076,348.0,739.0,1121,34.0,31.04,65.92
130901078,571.0,2024.0,2676,81.0,21.34,75.64
130901079,282.0,416.0,730,32.0,38.63,56.99
130901080,188.0,298.0,508,22.0,37.01,58.66
130901084,669.0,1098.0,1838,71.0,36.4,59.74
130901086,137.0,224.0,371,10.0,36.93,60.38
130901087,884.0,1419.0,2423,120.0,36.48,58.56
130901088,553.0,1053.0,1670,64.0,33.11,63.05
130901090,326.0,1133.0,1496,37.0,21.79,75.74
130901092,54.0,335.0,399,10.0,13.53,83.96
130901095,1189.0,2109.0,3417,119.0,34.8,61.72
130901096,755.0,1273.0,2096,68.0,36.02,60.73
130901098,393.0,641.0,1067,33.0,36.83,60.07
130901099,657.0,1509.0,2217,51.0,29.63,68.06
130901100,796.0,1316.0,2182,70.0,36.48,60.31
130901102,1019.0,1800.0,2928,109.0,34.8,61.48
130901103,346.0,639.0,1032,47.0,33.53,61.92
130901104,275.0,579.0,903,49.0,30.45,64.12
130901105,830.0,1592.0,2523,101.0,32.9,63.1
130901106,296.0,721.0,1062,45.0,27.87,67.89
130901107,316.0,725.0,1083,42.0,29.18,66.94
130901108,619.0,1094.0,1792,79.0,34.54,61.05
130901109,154.0,224.0,403,25.0,38.21,55.58
130901110,279.0,649.0,962,34.0,29.0,67.46
130901111,1173.0,2775.0,4124,176.0,28.44,67.29
130901112,154.0,1055.0,1231,22.0,12.51,85.7
130901113,266.0,1617.0,1913,30.0,13.9,84.53
130901114,59.0,345.0,409,5.0,14.43,84.35
130901115,120.0,126.0,252,6.0,47.62,50.0
130901126,75.0,134.0,215,6.0,34.88,62.33
130901127,139.0,186.0,332,7.0,41.87,56.02
130901128,58.0,104.0,171,9.0,33.92,60.82
130901130,585.0,827.0,1448,36.0,40.4,57.11
130901131,217.0,204.0,442,21.0,49.1,46.15
130901134,126.0,240.0,378,12.0,33.33,63.49
130901136,381.0,552.0,975,42.0,39.08,56.62
130901138,72.0,83.0,159,4.0,45.28,52.2
130901142,131.0,221.0,360,8.0,36.39,61.39
130901144,98.0,147.0,252,7.0,38.89,58.33
130901151,368.0,489.0,880,23.0,41.82,55.57
130901153,145.0,148.0,296,3.0,48.99,50.0
130901159,148.0,195.0,365,22.0,40.55,53.42
130901165,145.0,183.0,344,16.0,42.15,53.2
130901166,86.0,162.0,254,6.0,33.86,63.78
130901169,138.0,100.0,246,8.0,56.1,40.65
130901173,43.0,99.0,151,9.0,28.48,65.56
130901174,143.0,226.0,379,10.0,37.73,59.63
130902001,127.0,995.0,1143,21.0,11.11,87.05
130902002,169.0,1602.0,1811,40.0,9.33,88.46
130902003,218.0,969.0,1217,30.0,17.91,79.62
130902005,83.0,472.0,571,16.0,14.54,82.66
130902007,159.0,1286.0,1474,29.0,10.79,87.25
130902008,106.0,602.0,719,11.0,14.74,83.73
130902009,248.0,1441.0,1734,45.0,14.3,83.1
130902011,330.0,538.0,879,11.0,37.54,61.21
130902012,76.0,491.0,579,12.0,13.13,84.8
130902013,76.0,615.0,694,3.0,10.95,88.62
130902014,119.0,527.0,669,23.0,17.79,78.77
130902015,210.0,1369.0,1611,32.0,13.04,84.98
130902018,295.0,776.0,1108,37.0,26.62,70.04
130902019,197.0,936.0,1144,11.0,17.22,81.82
130902020,350.0,902.0,1287,35.0,27.2,70.09
130902021,155.0,896.0,1081,30.0,14.34,82.89
130902022,659.0,2557.0,3281,65.0,20.09,77.93
130902024,397.0,2569.0,3023,57.0,13.13,84.98
130902025,144.0,319.0,478,15.0,30.13,66.74
130902027,350.0,93.0,454,11.0,77.09,20.48
130904001,228.0,619.0,861,14.0,26.48,71.89
130904002,511.0,1171.0,1739,57.0,29.38,67.34
130904007,465.0,642.0,1161,54.0,40.05,55.3
130904011,164.0,178.0,354,12.0,46.33,50.28
130905001,832.0,1373.0,2279,74.0,36.51,60.25
130905002,182.0,424.0,623,17.0,29.21,68.06
130905004,832.0,1435.0,2379,112.0,34.97,60.32
130905005,719.0,1352.0,2148,77.0,33.47,62.94
130905006,621.0,1088.0,1764,55.0,35.2,61.68
130905007,370.0,977.0,1398,51.0,26.47,69.89
130905008,138.0,222.0,378,18.0,36.51,58.73
130905009,465.0,723.0,1238,50.0,37.56,58.4
130905010,196.0,637.0,862,29.0,22.74,73.9
130905012,182.0,364.0,572,26.0,31.82,63.64
130905013,105.0,204.0,319,10.0,32.92,63.95
130905014,136.0,205.0,359,18.0,37.88,57.1
130905015,70.0,94.0,173,9.0,40.46,54.34
131001001,587.0,1308.0,1946,51.0,30.16,67.21
131001002,734.0,1155.0,1970,81.0,37.26,58.63
131001003,118.0,235.0,366,13.0,32.24,64.21
131001004,886.0,1863.0,2871,122.0,30.86,64.89
131001005,545.0,980.0,1576,51.0,34.58,62.18
131001006,186.0,231.0,424,7.0,43.87,54.48
131001008,369.0,814.0,1236,53.0,29.85,65.86
131001009,472.0,1481.0,2009,56.0,23.49,73.72
131001010,630.0,1330.0,2024,64.0,31.13,65.71
131001012,137.0,306.0,455,12.0,30.11,67.25
131001013,245.0,747.0,1017,25.0,24.09,73.45
131001014,461.0,824.0,1349,64.0,34.17,61.08
131001015,850.0,814.0,1739,75.0,48.88,46.81
131001016,493.0,1303.0,1842,46.0,26.76,70.74
131001019,577.0,586.0,1217,54.0,47.41,48.15
131001021,710.0,1473.0,2262,79.0,31.39,65.12
131001022,473.0,428.0,929,28.0,50.91,46.07
131001023,346.0,999.0,1392,47.0,24.86,71.77
131001026,69.0,51.0,123,3.0,56.1,41.46
131001028,226.0,191.0,442,25.0,51.13,43.21
131001031,381.0,1318.0,1767,68.0,21.56,74.59
131001033,246.0,361.0,631,24.0,38.99,57.21
131001036,104.0,123.0,233,6.0,44.64,52.79
131001037,81.0,58.0,145,6.0,55.86,40.0
131001038,52.0,150.0,212,10.0,24.53,70.75
131001040,55.0,105.0,165,5.0,33.33,63.64
131001041,97.0,181.0,289,11.0,33.56,62.63
131001042,123.0,157.0,292,12.0,42.12,53.77
131001043,127.0,122.0,267,18.0,47.57,45.69
131001044,74.0,122.0,203,7.0,36.45,60.1
131001045,180.0,58.0,242,4.0,74.38,23.97
131001048,171.0,128.0,303,4.0,56.44,42.24
131001049,123.0,81.0,224,20.0,54.91,36.16
131001050,121.0,76.0,212,15.0,57.08,35.85
131001051,113.0,136.0,259,10.0,43.63,52.51
131001053,170.0,131.0,317,16.0,53.63,41.32
131001054,116.0,58.0,183,9.0,63.39,31.69
131001056,91.0,108.0,207,8.0,43.96,52.17
131001058,117.0,96.0,220,7.0,53.18,43.64
131001059,108.0,75.0,193,10.0,55.96,38.86
131001060,137.0,83.0,234,14.0,58.55,35.47
131001062,151.0,126.0,288,11.0,52.43,43.75
131002001,308.0,228.0,552,16.0,55.8,41.3
131002002,221.0,354.0,598,23.0,36.96,59.2
131002003,469.0,308.0,815,38.0,57.55,37.79
131002007,545.0,658.0,1255,52.0,43.43,52.43
131002008,723.0,1077.0,1862,62.0,38.83,57.84
131002013,150.0,161.0,327,16.0,45.87,49.24
131002014,173.0,46.0,236,17.0,73.31,19.49
131002015,223.0,285.0,523,15.0,42.64,54.49
131002017,89.0,83.0,174,2.0,51.15,47.7
131002018,142.0,84.0,237,11.0,59.92,35.44
131002021,87.0,75.0,167,5.0,52.1,44.91
131002024,132.0,85.0,219,2.0,60.27,38.81
131002027,83.0,51.0,140,6.0,59.29,36.43
131002028,89.0,29.0,121,3.0,73.55,23.97
131002029,216.0,140.0,364,8.0,59.34,38.46
131002031,75.0,120.0,201,6.0,37.31,59.7
131002033,84.0,66.0,160,10.0,52.5,41.25
131002034,67.0,112.0,187,8.0,35.83,59.89
131002037,161.0,122.0,292,9.0,55.14,41.78
131002041,129.0,90.0,226,7.0,57.08,39.82
131002044,52.0,67.0,123,4.0,42.28,54.47
131101001,105.0,115.0,230,10.0,45.65,50.0
131101003,238.0,298.0,552,16.0,43.12,53.99
131101004,682.0,955.0,1702,65.0,40.07,56.11
131101006,658.0,926.0,1676,92.0,39.26,55.25
131101007,365.0,1252.0,1671,54.0,21.84,74.93
131101008,192.0,445.0,652,15.0,29.45,68.25
131101010,859.0,1779.0,2722,84.0,31.56,65.36
131101012,667.0,816.0,1540,57.0,43.31,52.99
131101014,1505.0,2109.0,3746,132.0,40.18,56.3
131101016,517.0,2952.0,3542,73.0,14.6,83.34
131101017,552.0,3489.0,4111,70.0,13.43,84.87
131101018,305.0,1641.0,1994,48.0,15.3,82.3
131101020,270.0,474.0,769,25.0,35.11,61.64
131101021,330.0,545.0,903,28.0,36.54,60.35
131101023,338.0,630.0,1016,48.0,33.27,62.01
131101024,814.0,2299.0,3222,109.0,25.26,71.35
131101025,398.0,1539.0,1993,56.0,19.97,77.22
131101026,696.0,2755.0,3522,71.0,19.76,78.22
131101027,389.0,560.0,998,49.0,38.98,56.11
131101028,838.0,1278.0,2198,82.0,38.13,58.14
131101029,590.0,907.0,1559,62.0,37.84,58.18
131101031,559.0,2633.0,3261,69.0,17.14,80.74
131101032,551.0,2208.0,2847,88.0,19.35,77.56
131101033,547.0,1814.0,2434,73.0,22.47,74.53
131101035,492.0,1296.0,1836,48.0,26.8,70.59
131101036,505.0,293.0,828,30.0,60.99,35.39
131101038,213.0,237.0,471,21.0,45.22,50.32
131101040,332.0,667.0,1031,32.0,32.2,64.69
131101041,669.0,1430.0,2159,60.0,30.99,66.23
131101042,89.0,409.0,515,17.0,17.28,79.42
131101043,352.0,373.0,750,25.0,46.93,49.73
131101044,675.0,711.0,1459,73.0,46.26,48.73
131101046,48.0,101.0,153,4.0,31.37,66.01
131101047,663.0,1682.0,2421,76.0,27.39,69.48
131101049,566.0,782.0,1398,50.0,40.49,55.94
131101051,478.0,649.0,1187,60.0,40.27,54.68
131101052,685.0,950.0,1711,76.0,40.04,55.52
131101053,316.0,154.0,497,27.0,63.58,30.99
131101054,182.0,275.0,480,23.0,37.92,57.29
131101055,131.0,142.0,282,9.0,46.45,50.35
131101056,143.0,119.0,270,8.0,52.96,44.07
131101057,155.0,168.0,333,10.0,46.55,50.45
131101058,52.0,72.0,130,6.0,40.0,55.38
131101059,124.0,116.0,250,10.0,49.6,46.4
131101060,206.0,182.0,410,22.0,50.24,44.39
131101064,156.0,176.0,348,16.0,44.83,50.57
131101065,141.0,75.0,221,5.0,63.8,33.94
131101069,250.0,188.0,459,21.0,54.47,40.96
131102001,516.0,1510.0,2092,66.0,24.67,72.18
131102002,642.0,811.0,1532,79.0,41.91,52.94
131102003,512.0,333.0,908,63.0,56.39,36.67
131102004,340.0,655.0,1028,33.0,33.07,63.72
131102005,121.0,66.0,201,14.0,60.2,32.84
131102006,224.0,223.0,462,15.0,48.48,48.27
131102007,82.0,31.0,115,2.0,71.3,26.96
131102008,273.0,69.0,353,11.0,77.34,19.55
131102012,301.0,98.0,415,16.0,72.53,23.61
131102013,137.0,124.0,285,24.0,48.07,43.51
131102014,163.0,134.0,319,22.0,51.1,42.01
131102015,478.0,375.0,915,62.0,52.24,40.98
131102016,333.0,240.0,600,27.0,55.5,40.0
131102019,202.0,73.0,285,10.0,70.88,25.61
131102020,487.0,205.0,732,40.0,66.53,28.01
131102023,169.0,142.0,318,7.0,53.14,44.65
131102027,97.0,18.0,120,5.0,80.83,15.0
131201001,557.0,1756.0,2373,60.0,23.47,74.0
131201002,448.0,1440.0,1946,58.0,23.02,74.0
131201003,683.0,1131.0,1901,87.0,35.93,59.5
131201005,402.0,1263.0,1708,43.0,23.54,73.95
131201006,590.0,909.0,1554,55.0,37.97,58.49
131201007,1112.0,2086.0,3317,119.0,33.52,62.89
131201008,684.0,1331.0,2092,77.0,32.7,63.62
131201009,284.0,989.0,1311,38.0,21.66,75.44
131201010,512.0,1691.0,2262,59.0,22.63,74.76
131201011,389.0,1500.0,1929,40.0,20.17,77.76
131201012,300.0,1203.0,1539,36.0,19.49,78.17
131201013,590.0,1658.0,2319,71.0,25.44,71.5
131201014,416.0,626.0,1073,31.0,38.77,58.34
131201016,626.0,1257.0,1963,80.0,31.89,64.03
131201017,719.0,728.0,1498,51.0,48.0,48.6
131201018,727.0,914.0,1720,79.0,42.27,53.14
131201019,782.0,1029.0,1906,95.0,41.03,53.99
131201020,240.0,252.0,523,31.0,45.89,48.18
131201021,170.0,280.0,459,9.0,37.04,61.0
131201022,303.0,416.0,736,17.0,41.17,56.52
131201023,222.0,515.0,760,23.0,29.21,67.76
131201024,565.0,720.0,1343,58.0,42.07,53.61
131201025,342.0,705.0,1079,32.0,31.7,65.34
131201026,173.0,211.0,397,13.0,43.58,53.15
131201027,501.0,587.0,1138,50.0,44.02,51.58
131201028,115.0,296.0,420,9.0,27.38,70.48
131201029,88.0,228.0,322,6.0,27.33,70.81
131201030,240.0,357.0,632,35.0,37.97,56.49
131201032,64.0,184.0,257,9.0,24.9,71.6
131201033,58.0,127.0,192,7.0,30.21,66.15
131201034,217.0,353.0,585,15.0,37.09,60.34
131201035,183.0,425.0,637,29.0,28.73,66.72
131201036,343.0,320.0,691,28.0,49.64,46.31
131201037,359.0,317.0,709,33.0,50.63,44.71
131201039,188.0,444.0,651,19.0,28.88,68.2
131201040,127.0,126.0,262,9.0,48.47,48.09
131201041,141.0,91.0,242,10.0,58.26,37.6
131201042,155.0,144.0,311,12.0,49.84,46.3
131201043,545.0,375.0,939,19.0,58.04,39.94
131201044,359.0,450.0,837,28.0,42.89,53.76
131201047,98.0,151.0,254,5.0,38.58,59.45
131201049,239.0,277.0,543,27.0,44.01,51.01
131201052,214.0,185.0,427,28.0,50.12,43.33
131201054,131.0,106.0,246,9.0,53.25,43.09
131201057,104.0,96.0,210,10.0,49.52,45.71
131202001,141.0,338.0,489,10.0,28.83,69.12
131202002,505.0,765.0,1317,47.0,38.34,58.09
131202003,317.0,264.0,599,18.0,52.92,44.07
131202004,112.0,145.0,274,17.0,40.88,52.92
131202005,498.0,946.0,1511,67.0,32.96,62.61
131202006,418.0,575.0,1045,52.0,40.0,55.02
131202007,208.0,263.0,480,9.0,43.33,54.79
131202008,195.0,388.0,601,18.0,32.45,64.56
131202009,258.0,241.0,517,18.0,49.9,46.62
131202011,203.0,141.0,360,16.0,56.39,39.17
131202012,212.0,106.0,338,20.0,62.72,31.36
131301001,309.0,2020.0,2367,38.0,13.05,85.34
131301002,378.0,1746.0,2179,55.0,17.35,80.13
131301004,360.0,982.0,1371,29.0,26.26,71.63
131301005,107.0,907.0,1031,17.0,10.38,87.97
131301007,163.0,955.0,1150,32.0,14.17,83.04
131301008,201.0,1082.0,1322,39.0,15.2,81.85
131301009,241.0,1734.0,2018,43.0,11.94,85.93
131301010,238.0,1354.0,1626,34.0,14.64,83.27
131301011,95.0,683.0,792,14.0,11.99,86.24
131301013,225.0,718.0,957,14.0,23.51,75.03
131301014,381.0,1128.0,1550,41.0,24.58,72.77
131301015,89.0,754.0,863,20.0,10.31,87.37
131301017,325.0,2167.0,2530,38.0,12.85,85.65
131301018,215.0,1385.0,1632,32.0,13.17,84.87
131301019,95.0,348.0,448,5.0,21.21,77.68
131301020,123.0,416.0,561,22.0,21.93,74.15
131301021,46.0,315.0,371,10.0,12.4,84.91
131301025,140.0,335.0,490,15.0,28.57,68.37
131301027,771.0,2740.0,3611,100.0,21.35,75.88
131301029,49.0,114.0,171,8.0,28.65,66.67
131401002,637.0,768.0,1439,34.0,44.27,53.37
131401003,511.0,490.0,1040,39.0,49.13,47.12
131401004,323.0,431.0,779,25.0,41.46,55.33
131401005,180.0,84.0,267,3.0,67.42,31.46
131401006,199.0,93.0,302,10.0,65.89,30.79
131401007,288.0,90.0,389,11.0,74.04,23.14
131401008,369.0,111.0,499,19.0,73.95,22.24
131401010,31.0,38.0,82,13.0,37.8,46.34
131401011,154.0,183.0,342,5.0,45.03,53.51
131401012,494.0,454.0,982,34.0,50.31,46.23
131401013,367.0,315.0,707,25.0,51.91,44.55
131401014,390.0,93.0,496,13.0,78.63,18.75
131401015,186.0,55.0,244,3.0,76.23,22.54
131401016,541.0,297.0,864,26.0,62.62,34.38
131401020,279.0,146.0,437,12.0,63.84,33.41
131401024,191.0,62.0,264,11.0,72.35,23.48
131401025,235.0,152.0,396,9.0,59.34,38.38
131402001,305.0,365.0,693,23.0,44.01,52.67
131501001,438.0,700.0,1172,34.0,37.37,59.73
131501004,189.0,263.0,468,16.0,40.38,56.2
131501005,599.0,533.0,1200,68.0,49.92,44.42
131501006,541.0,732.0,1311,38.0,41.27,55.84
131501007,256.0,285.0,562,21.0,45.55,50.71
131501008,233.0,185.0,430,12.0,54.19,43.02
131501009,611.0,385.0,1048,52.0,58.3,36.74
131501011,428.0,132.0,576,16.0,74.31,22.92
131501012,284.0,304.0,603,15.0,47.1,50.41
131501014,297.0,817.0,1143,29.0,25.98,71.48
131501016,142.0,281.0,439,16.0,32.35,64.01
131501017,197.0,111.0,317,9.0,62.15,35.02
131501018,162.0,198.0,372,12.0,43.55,53.23
131501019,268.0,295.0,574,11.0,46.69,51.39
131501020,324.0,176.0,529,29.0,61.25,33.27
131501021,459.0,549.0,1049,41.0,43.76,52.34
131501026,226.0,20.0,250,4.0,90.4,8.0
131501028,97.0,43.0,143,3.0,67.83,30.07
131502005,317.0,295.0,634,22.0,50.0,46.53
131502006,293.0,264.0,570,13.0,51.4,46.32
131502010,254.0,191.0,467,22.0,54.39,40.9
131502011,323.0,315.0,659,21.0,49.01,47.8
131502012,269.0,91.0,372,12.0,72.31,24.46
131502014,92.0,23.0,121,6.0,76.03,19.01
131502015,77.0,30.0,113,6.0,68.14,26.55
131502016,189.0,72.0,266,5.0,71.05,27.07
131502017,68.0,38.0,110,4.0,61.82,34.55
131502018,137.0,84.0,234,13.0,58.55,35.9
131502019,145.0,110.0,262,7.0,55.34,41.98
131502020,269.0,94.0,372,9.0,72.31,25.27
131502022,177.0,99.0,285,9.0,62.11,34.74
131502023,141.0,51.0,203,11.0,69.46,25.12
131502025,154.0,92.0,251,5.0,61.35,36.65
131502026,101.0,88.0,203,14.0,49.75,43.35
131601002,268.0,2577.0,2891,46.0,9.27,89.14
131601003,94.0,629.0,732,9.0,12.84,85.93
131601004,144.0,838.0,1009,27.0,14.27,83.05
131601005,103.0,658.0,777,16.0,13.26,84.68
131601007,117.0,1666.0,1803,20.0,6.49,92.4
131601008,26.0,323.0,355,6.0,7.32,90.99
131601009,189.0,1224.0,1437,24.0,13.15,85.18
131601011,52.0,923.0,988,13.0,5.26,93.42
131601012,59.0,324.0,389,6.0,15.17,83.29
131601013,52.0,223.0,286,11.0,18.18,77.97
131601014,69.0,1320.0,1396,7.0,4.94,94.56
131601015,213.0,2102.0,2346,31.0,9.08,89.6
131601016,53.0,619.0,682,10.0,7.77,90.76
131601017,87.0,725.0,820,8.0,10.61,88.41
131601018,128.0,1569.0,1718,21.0,7.45,91.33
131601019,155.0,1739.0,1928,34.0,8.04,90.2
131601020,104.0,1026.0,1151,21.0,9.04,89.14
131601021,115.0,1268.0,1401,18.0,8.21,90.51
131601022,90.0,1156.0,1258,12.0,7.15,91.89
131601023,79.0,696.0,787,12.0,10.04,88.44
131601024,55.0,361.0,426,10.0,12.91,84.74
131601025,104.0,1422.0,1544,18.0,6.74,92.1
131601026,497.0,1292.0,1855,66.0,26.79,69.65
131601027,121.0,1159.0,1306,26.0,9.26,88.74
131601028,369.0,952.0,1365,44.0,27.03,69.74
131601029,287.0,527.0,846,32.0,33.92,62.29
131601030,53.0,643.0,707,11.0,7.5,90.95
131601032,183.0,680.0,888,25.0,20.61,76.58
131601033,162.0,614.0,795,19.0,20.38,77.23
131601035,496.0,1813.0,2389,80.0,20.76,75.89
131601036,167.0,689.0,888,32.0,18.81,77.59
131601037,401.0,1729.0,2179,49.0,18.4,79.35
131601038,109.0,241.0,364,14.0,29.95,66.21
131601039,385.0,1901.0,2357,71.0,16.33,80.65
131601040,682.0,1213.0,1986,91.0,34.34,61.08
131601041,175.0,3585.0,3794,34.0,4.61,94.49
131601042,66.0,1206.0,1283,11.0,5.14,94.0
131601044,133.0,1116.0,1255,6.0,10.6,88.92
131601045,40.0,347.0,391,4.0,10.23,88.75
131601046,151.0,1476.0,1644,17.0,9.18,89.78
131601047,549.0,1876.0,2507,82.0,21.9,74.83
131601048,591.0,1516.0,2186,79.0,27.04,69.35
131601049,72.0,162.0,238,4.0,30.25,68.07
131601050,415.0,1869.0,2337,53.0,17.76,79.97
131601054,132.0,1974.0,2119,13.0,6.23,93.16
131601060,83.0,166.0,258,9.0,32.17,64.34
131601061,53.0,71.0,130,6.0,40.77,54.62
131601063,149.0,336.0,499,14.0,29.86,67.33
131601065,317.0,644.0,1018,57.0,31.14,63.26
131601071,142.0,904.0,1071,25.0,13.26,84.41
131601072,29.0,49.0,85,7.0,34.12,57.65
131602001,80.0,1804.0,1902,18.0,4.21,94.85
131602002,58.0,649.0,719,12.0,8.07,90.26
131602005,67.0,910.0,986,9.0,6.8,92.29
131602006,48.0,815.0,870,7.0,5.52,93.68
131602007,62.0,248.0,315,5.0,19.68,78.73
131602009,96.0,1536.0,1644,12.0,5.84,93.43
131602010,39.0,1018.0,1063,6.0,3.67,95.77
131602011,168.0,2224.0,2420,28.0,6.94,91.9
131602012,32.0,485.0,531,14.0,6.03,91.34
131602014,73.0,652.0,730,5.0,10.0,89.32
131602015,237.0,1613.0,1879,29.0,12.61,85.84
131602016,97.0,1103.0,1216,16.0,7.98,90.71
131602017,33.0,686.0,725,6.0,4.55,94.62
131602018,32.0,434.0,472,6.0,6.78,91.95
131602019,40.0,467.0,512,5.0,7.81,91.21
131602020,29.0,322.0,354,3.0,8.19,90.96
131602021,52.0,617.0,685,16.0,7.59,90.07
131603001,203.0,3175.0,3414,36.0,5.95,93.0
131603002,438.0,1220.0,1710,52.0,25.61,71.35
131603003,127.0,385.0,522,10.0,24.33,73.75
131603005,402.0,1566.0,2045,77.0,19.66,76.58
131603006,236.0,1157.0,1435,42.0,16.45,80.63
131603007,542.0,1296.0,1892,54.0,28.65,68.5
131603008,253.0,655.0,939,31.0,26.94,69.76
131603009,287.0,1856.0,2205,62.0,13.02,84.17
131603011,21.0,238.0,261,2.0,8.05,91.19
131603014,604.0,972.0,1622,46.0,37.24,59.93
131603015,124.0,188.0,332,20.0,37.35,56.63
131603016,179.0,199.0,393,15.0,45.55,50.64
131701003,375.0,1619.0,2050,56.0,18.29,78.98
131701004,383.0,1611.0,2055,61.0,18.64,78.39
131701005,289.0,1685.0,2024,50.0,14.28,83.25
131701006,196.0,648.0,869,25.0,22.55,74.57
131701007,648.0,1498.0,2208,62.0,29.35,67.84
131701008,151.0,824.0,993,18.0,15.21,82.98
131701009,489.0,1696.0,2258,73.0,21.66,75.11
131701010,294.0,1011.0,1332,27.0,22.07,75.9
131701011,264.0,1216.0,1513,33.0,17.45,80.37
131701012,518.0,1518.0,2100,64.0,24.67,72.29
131701013,67.0,264.0,334,3.0,20.06,79.04
131701014,197.0,373.0,593,23.0,33.22,62.9
131701015,141.0,473.0,637,23.0,22.14,74.25
131701017,167.0,1043.0,1235,25.0,13.52,84.45
131701019,144.0,507.0,676,25.0,21.3,75.0
131701020,145.0,357.0,510,8.0,28.43,70.0
131701021,417.0,1325.0,1799,57.0,23.18,73.65
131701022,96.0,252.0,363,15.0,26.45,69.42
131701025,95.0,121.0,219,3.0,43.38,55.25
131701026,55.0,136.0,204,13.0,26.96,66.67
131701027,103.0,121.0,229,5.0,44.98,52.84
131701028,49.0,93.0,143,1.0,34.27,65.03
131801001,54.0,401.0,466,11.0,11.59,86.05
131801002,190.0,974.0,1193,29.0,15.93,81.64
131801003,156.0,579.0,762,27.0,20.47,75.98
131801004,144.0,1512.0,1688,32.0,8.53,89.57
131801005,401.0,1347.0,1796,48.0,22.33,75.0
131801007,158.0,1162.0,1342,22.0,11.77,86.59
131801008,305.0,1529.0,1870,36.0,16.31,81.76
131801009,108.0,1100.0,1231,23.0,8.77,89.36
131801010,551.0,3011.0,3635,73.0,15.16,82.83
131801011,226.0,1143.0,1398,29.0,16.17,81.76
131801012,168.0,576.0,770,26.0,21.82,74.81
131801013,298.0,2070.0,2441,73.0,12.21,84.8
131801014,235.0,2460.0,2734,39.0,8.6,89.98
131801016,123.0,1447.0,1588,18.0,7.75,91.12
131801017,245.0,1310.0,1599,44.0,15.32,81.93
131801018,139.0,872.0,1031,20.0,13.48,84.58
131801020,132.0,1043.0,1191,16.0,11.08,87.57
131801021,311.0,3785.0,4155,59.0,7.48,91.1
131801022,251.0,1603.0,1880,26.0,13.35,85.27
131801024,250.0,1281.0,1570,39.0,15.92,81.59
131801025,155.0,297.0,462,10.0,33.55,64.29
131801026,166.0,481.0,669,22.0,24.81,71.9
131801027,25.0,283.0,317,9.0,7.89,89.27
131801028,175.0,1084.0,1283,24.0,13.64,84.49
131901001,61.0,1145.0,1221,15.0,5.0,93.78
131901002,193.0,1035.0,1254,26.0,15.39,82.54
131901003,226.0,3457.0,3731,48.0,6.06,92.66
131901004,145.0,1644.0,1813,24.0,8.0,90.68
131901006,167.0,897.0,1101,37.0,15.17,81.47
131901007,160.0,1433.0,1632,39.0,9.8,87.81
131901008,243.0,819.0,1096,34.0,22.17,74.73
131901009,283.0,1850.0,2187,54.0,12.94,84.59
131901010,257.0,2495.0,2786,34.0,9.22,89.55
131901011,133.0,2216.0,2363,14.0,5.63,93.78
131901012,262.0,1134.0,1433,37.0,18.28,79.13
131901013,160.0,257.0,442,25.0,36.2,58.14
131901014,491.0,565.0,1122,66.0,43.76,50.36
131901015,789.0,1794.0,2720,137.0,29.01,65.96
131901016,167.0,1714.0,1895,14.0,8.81,90.45
131901018,160.0,2068.0,2258,30.0,7.09,91.59
131901019,175.0,266.0,457,16.0,38.29,58.21
131901020,106.0,611.0,725,8.0,14.62,84.28
131901022,196.0,328.0,551,27.0,35.57,59.53
132001001,407.0,313.0,744,24.0,54.7,42.07
132001003,418.0,276.0,714,20.0,58.54,38.66
132001004,204.0,239.0,451,8.0,45.23,52.99
132001005,313.0,278.0,618,27.0,50.65,44.98
132001006,77.0,5.0,82,0.0,93.9,6.1
132001007,571.0,420.0,1011,20.0,56.48,41.54
132001008,166.0,83.0,255,6.0,65.1,32.55
132001009,452.0,345.0,822,25.0,54.99,41.97
132001010,756.0,734.0,1531,41.0,49.38,47.94
132001011,150.0,99.0,255,6.0,58.82,38.82
132001012,1024.0,1297.0,2399,78.0,42.68,54.06
132001013,176.0,222.0,415,17.0,42.41,53.49
132001014,230.0,123.0,376,23.0,61.17,32.71
132001015,519.0,654.0,1216,43.0,42.68,53.78
132001017,212.0,89.0,312,11.0,67.95,28.53
132001019,304.0,136.0,451,11.0,67.41,30.16
132001022,153.0,16.0,169,0.0,90.53,9.47
132001024,136.0,82.0,226,8.0,60.18,36.28
132001028,396.0,141.0,562,25.0,70.46,25.09
132101001,715.0,704.0,1460,41.0,48.97,48.22
132101002,368.0,258.0,638,12.0,57.68,40.44
132101003,781.0,471.0,1299,47.0,60.12,36.26
132101004,184.0,184.0,377,9.0,48.81,48.81
132101005,189.0,126.0,330,15.0,57.27,38.18
132101006,268.0,227.0,503,8.0,53.28,45.13
132101010,236.0,170.0,422,16.0,55.92,40.28
132101014,457.0,471.0,948,20.0,48.21,49.68
132101017,95.0,109.0,211,7.0,45.02,51.66
132101018,119.0,124.0,247,4.0,48.18,50.2
132101019,68.0,61.0,133,4.0,51.13,45.86
132101020,121.0,26.0,150,3.0,80.67,17.33
132101021,232.0,183.0,431,16.0,53.83,42.46
132102001,152.0,173.0,336,11.0,45.24,51.49
140101001,506.0,1046.0,1574,22.0,32.15,66.45
140101002,280.0,764.0,1055,11.0,26.54,72.42
140101003,352.0,787.0,1158,19.0,30.4,67.96
140101004,138.0,292.0,440,10.0,31.36,66.36
140101006,119.0,262.0,390,9.0,30.51,67.18
140101007,173.0,310.0,491,8.0,35.23,63.14
140101008,279.0,229.0,524,16.0,53.24,43.7
140101009,49.0,80.0,134,5.0,36.57,59.7
140101010,96.0,52.0,148,0.0,64.86,35.14
140101011,233.0,327.0,570,10.0,40.88,57.37
140101013,122.0,109.0,236,5.0,51.69,46.19
140101014,100.0,63.0,165,2.0,60.61,38.18
140102001,576.0,677.0,1268,15.0,45.43,53.39
140102003,122.0,215.0,339,2.0,35.99,63.42
140102004,349.0,272.0,630,9.0,55.4,43.17
140102006,139.0,166.0,316,11.0,43.99,52.53
140102007,96.0,129.0,227,2.0,42.29,56.83
140102008,102.0,129.0,232,1.0,43.97,55.6
140102009,218.0,87.0,306,1.0,71.24,28.43
140201001,446.0,834.0,1295,15.0,34.44,64.4
140201002,279.0,212.0,499,8.0,55.91,42.48
140201003,105.0,207.0,317,5.0,33.12,65.3
140201004,165.0,176.0,347,6.0,47.55,50.72
140201005,294.0,512.0,829,23.0,35.46,61.76
140201007,154.0,267.0,426,5.0,36.15,62.68
140201008,256.0,266.0,527,5.0,48.58,50.47
140201009,164.0,248.0,423,11.0,38.77,58.63
140201010,186.0,81.0,272,5.0,68.38,29.78
140201012,178.0,148.0,333,7.0,53.45,44.44
140201013,570.0,1001.0,1594,23.0,35.76,62.8
140201014,327.0,506.0,853,20.0,38.34,59.32
140201015,162.0,240.0,417,15.0,38.85,57.55
140201016,354.0,301.0,664,9.0,53.31,45.33
140201017,434.0,705.0,1160,21.0,37.41,60.78
140201018,172.0,315.0,498,11.0,34.54,63.25
140201019,465.0,807.0,1298,26.0,35.82,62.17
140201020,121.0,102.0,227,4.0,53.3,44.93
140201021,159.0,120.0,285,6.0,55.79,42.11
140201024,221.0,391.0,620,8.0,35.65,63.06
140201026,117.0,141.0,260,2.0,45.0,54.23
140201027,168.0,179.0,357,10.0,47.06,50.14
140201028,108.0,94.0,205,3.0,52.68,45.85
140201029,133.0,107.0,245,5.0,54.29,43.67
140201030,90.0,77.0,168,1.0,53.57,45.83
140201031,95.0,169.0,270,6.0,35.19,62.59
140201033,222.0,83.0,308,3.0,72.08,26.95
140201034,181.0,48.0,233,4.0,77.68,20.6
140201035,143.0,86.0,233,4.0,61.37,36.91
140201040,245.0,174.0,428,9.0,57.24,40.65
140201041,97.0,32.0,130,1.0,74.62,24.62
140201046,120.0,94.0,217,3.0,55.3,43.32
140201047,165.0,51.0,220,4.0,75.0,23.18
140201048,223.0,127.0,355,5.0,62.82,35.77
140201049,99.0,29.0,128,0.0,77.34,22.66
140301001,276.0,304.0,588,8.0,46.94,51.7
140301002,688.0,1243.0,1966,35.0,34.99,63.22
140301004,549.0,710.0,1282,23.0,42.82,55.38
140302002,466.0,568.0,1055,21.0,44.17,53.84
140302003,385.0,329.0,721,7.0,53.4,45.63
140302004,259.0,95.0,357,3.0,72.55,26.61
140302007,191.0,110.0,304,3.0,62.83,36.18
140302008,206.0,133.0,351,12.0,58.69,37.89
140302009,259.0,92.0,362,11.0,71.55,25.41
140302010,85.0,25.0,110,0.0,77.27,22.73
140302013,70.0,11.0,82,1.0,85.37,13.41
140303001,728.0,897.0,1656,31.0,43.96,54.17
140303002,130.0,320.0,459,9.0,28.32,69.72
140303003,190.0,162.0,356,4.0,53.37,45.51
140304001,426.0,502.0,949,21.0,44.89,52.9
140304002,151.0,134.0,294,9.0,51.36,45.58
140304003,305.0,283.0,599,11.0,50.92,47.25
140305001,329.0,399.0,745,17.0,44.16,53.56
140306001,448.0,507.0,977,22.0,45.85,51.89
140401001,415.0,819.0,1256,22.0,33.04,65.21
140401002,626.0,995.0,1645,24.0,38.05,60.49
140401003,1076.0,1660.0,2779,43.0,38.72,59.73
140401004,399.0,672.0,1114,43.0,35.82,60.32
140401007,169.0,136.0,312,7.0,54.17,43.59
140401008,128.0,183.0,314,3.0,40.76,58.28
140401009,943.0,716.0,1680,21.0,56.13,42.62
140401010,231.0,96.0,328,1.0,70.43,29.27
140401011,289.0,239.0,549,21.0,52.64,43.53
140402001,453.0,369.0,832,10.0,54.45,44.35
140402002,284.0,129.0,423,10.0,67.14,30.5
140402003,85.0,85.0,173,3.0,49.13,49.13
140402009,376.0,119.0,511,16.0,73.58,23.29
140402010,329.0,78.0,416,9.0,79.09,18.75
140402014,105.0,51.0,158,2.0,66.46,32.28
140403001,336.0,529.0,874,9.0,38.44,60.53
140403002,130.0,257.0,389,2.0,33.42,66.07
140403003,248.0,189.0,439,2.0,56.49,43.05
140403004,231.0,98.0,334,5.0,69.16,29.34
140403006,60.0,58.0,121,3.0,49.59,47.93
140404001,631.0,824.0,1477,22.0,42.72,55.79
140404002,148.0,100.0,254,6.0,58.27,39.37
140404003,210.0,92.0,304,2.0,69.08,30.26
140501001,667.0,1034.0,1746,45.0,38.2,59.22
140501002,407.0,716.0,1159,36.0,35.12,61.78
140501003,604.0,900.0,1543,39.0,39.14,58.33
140501004,418.0,580.0,1026,28.0,40.74,56.53
140501006,418.0,512.0,956,26.0,43.72,53.56
140501007,260.0,492.0,777,25.0,33.46,63.32
140501008,561.0,958.0,1556,37.0,36.05,61.57
140501009,622.0,969.0,1638,47.0,37.97,59.16
140501010,581.0,1086.0,1717,50.0,33.84,63.25
140501011,762.0,880.0,1691,49.0,45.06,52.04
140501012,215.0,220.0,444,9.0,48.42,49.55
140501013,434.0,569.0,1027,24.0,42.26,55.4
140501014,473.0,461.0,955,21.0,49.53,48.27
140501015,243.0,527.0,790,20.0,30.76,66.71
140501016,261.0,208.0,488,19.0,53.48,42.62
140501017,570.0,588.0,1191,33.0,47.86,49.37
140501019,134.0,80.0,216,2.0,62.04,37.04
140501020,397.0,159.0,579,23.0,68.57,27.46
140501021,437.0,475.0,931,19.0,46.94,51.02
140501024,113.0,87.0,202,2.0,55.94,43.07
140501025,208.0,116.0,333,9.0,62.46,34.83
140501026,321.0,146.0,477,10.0,67.3,30.61
140501027,243.0,75.0,329,11.0,73.86,22.8
140501028,278.0,106.0,392,8.0,70.92,27.04
140501029,185.0,182.0,376,9.0,49.2,48.4
140501030,275.0,167.0,452,10.0,60.84,36.95
140501032,204.0,252.0,462,6.0,44.16,54.55
140501033,287.0,202.0,500,11.0,57.4,40.4
140502001,603.0,945.0,1590,42.0,37.92,59.43
140502002,508.0,594.0,1135,33.0,44.76,52.33
140502003,455.0,664.0,1147,28.0,39.67,57.89
140502004,229.0,338.0,577,10.0,39.69,58.58
140502005,183.0,164.0,357,10.0,51.26,45.94
140502006,234.0,123.0,366,9.0,63.93,33.61
140601001,642.0,1301.0,1979,36.0,32.44,65.74
140601002,865.0,1232.0,2157,60.0,40.1,57.12
140601003,321.0,450.0,782,11.0,41.05,57.54
140601005,372.0,820.0,1218,26.0,30.54,67.32
140601006,233.0,132.0,375,10.0,62.13,35.2
140601007,747.0,1003.0,1789,39.0,41.76,56.06
140601008,811.0,1211.0,2079,57.0,39.01,58.25
140601012,211.0,106.0,320,3.0,65.94,33.12
140602003,88.0,3.0,92,1.0,95.65,3.26
140602004,60.0,38.0,101,3.0,59.41,37.62
140603001,340.0,298.0,649,11.0,52.39,45.92
140604004,195.0,96.0,301,10.0,64.78,31.89
140604005,156.0,140.0,308,12.0,50.65,45.45
140702001,802.0,920.0,1759,37.0,45.59,52.3
140702002,178.0,249.0,434,7.0,41.01,57.37
140702003,640.0,787.0,1463,36.0,43.75,53.79
140702004,316.0,196.0,526,14.0,60.08,37.26
140702005,308.0,173.0,493,12.0,62.47,35.09
140702006,262.0,246.0,525,17.0,49.9,46.86
140702008,207.0,182.0,398,9.0,52.01,45.73
140703001,466.0,944.0,1437,27.0,32.43,65.69
140704002,706.0,1092.0,1842,44.0,38.33,59.28
140704003,119.0,196.0,329,14.0,36.17,59.57
140704005,191.0,201.0,400,8.0,47.75,50.25
140704006,115.0,81.0,199,3.0,57.79,40.7
140705002,264.0,462.0,756,30.0,34.92,61.11
140705003,107.0,63.0,173,3.0,61.85,36.42
140705004,226.0,283.0,524,15.0,43.13,54.01
140705005,190.0,172.0,374,12.0,50.8,45.99
140705006,227.0,280.0,525,18.0,43.24,53.33
140705007,105.0,98.0,209,6.0,50.24,46.89
140705009,198.0,154.0,358,6.0,55.31,43.02
140705012,305.0,342.0,666,19.0,45.8,51.35
140706001,355.0,701.0,1099,43.0,32.3,63.79
140706004,360.0,868.0,1253,25.0,28.73,69.27
140706005,157.0,324.0,496,15.0,31.65,65.32
140706006,408.0,731.0,1172,33.0,34.81,62.37
140706007,417.0,1040.0,1487,30.0,28.04,69.94
140706008,548.0,728.0,1303,27.0,42.06,55.87
140706010,184.0,507.0,703,12.0,26.17,72.12
140706011,211.0,647.0,878,20.0,24.03,73.69
140706012,332.0,714.0,1071,25.0,31.0,66.67
140706014,195.0,599.0,818,24.0,23.84,73.23
140706015,235.0,777.0,1032,20.0,22.77,75.29
140706016,381.0,1154.0,1561,26.0,24.41,73.93
140706017,377.0,1170.0,1573,26.0,23.97,74.38
140706018,409.0,1283.0,1722,30.0,23.75,74.51
140706019,424.0,1111.0,1565,30.0,27.09,70.99
140706021,429.0,1545.0,2022,48.0,21.22,76.41
140706022,107.0,492.0,607,8.0,17.63,81.05
140706024,335.0,1932.0,2289,22.0,14.64,84.4
140706026,375.0,838.0,1245,32.0,30.12,67.31
140706027,562.0,1069.0,1663,32.0,33.79,64.28
140706028,426.0,557.0,1013,30.0,42.05,54.99
140706029,138.0,344.0,497,15.0,27.77,69.22
140706031,212.0,295.0,516,9.0,41.09,57.17
140706032,466.0,818.0,1311,27.0,35.55,62.4
140706035,676.0,858.0,1559,25.0,43.36,55.04
140706036,379.0,709.0,1115,27.0,33.99,63.59
140706037,249.0,290.0,549,10.0,45.36,52.82
140706042,104.0,153.0,269,12.0,38.66,56.88
140706043,115.0,127.0,250,8.0,46.0,50.8
140706045,314.0,499.0,830,17.0,37.83,60.12
140706046,182.0,473.0,670,15.0,27.16,70.6
140706047,775.0,1158.0,1972,39.0,39.3,58.72
140706048,170.0,293.0,472,9.0,36.02,62.08
140706051,499.0,704.0,1226,23.0,40.7,57.42
140706052,259.0,315.0,586,12.0,44.2,53.75
140706057,182.0,75.0,267,10.0,68.16,28.09
140706059,270.0,187.0,471,14.0,57.32,39.7
140706061,167.0,136.0,314,11.0,53.18,43.31
140706062,252.0,148.0,413,13.0,61.02,35.84
140706064,337.0,445.0,799,17.0,42.18,55.69
140707002,183.0,203.0,396,10.0,46.21,51.26
140707003,461.0,888.0,1386,37.0,33.26,64.07
140707004,256.0,226.0,490,8.0,52.24,46.12
140707005,300.0,367.0,680,13.0,44.12,53.97
140707007,554.0,1980.0,2569,35.0,21.56,77.07
140707008,592.0,1782.0,2427,53.0,24.39,73.42
140707010,526.0,1138.0,1708,44.0,30.8,66.63
140707011,513.0,778.0,1341,50.0,38.26,58.02
140707015,295.0,1082.0,1409,32.0,20.94,76.79
140707016,473.0,706.0,1206,27.0,39.22,58.54
140707017,225.0,423.0,654,6.0,34.4,64.68
140707021,137.0,179.0,322,6.0,42.55,55.59
140707023,150.0,268.0,428,10.0,35.05,62.62
140707024,101.0,165.0,271,5.0,37.27,60.89
140707026,321.0,734.0,1071,16.0,29.97,68.53
140707027,238.0,297.0,559,24.0,42.58,53.13
140707030,192.0,227.0,422,3.0,45.5,53.79
140708001,389.0,1075.0,1506,42.0,25.83,71.38
140708002,472.0,1241.0,1755,42.0,26.89,70.71
140708003,544.0,911.0,1483,28.0,36.68,61.43
140708004,301.0,794.0,1125,30.0,26.76,70.58
140708005,408.0,672.0,1100,20.0,37.09,61.09
140708006,328.0,774.0,1123,21.0,29.21,68.92
140708007,304.0,598.0,914,12.0,33.26,65.43
140708008,526.0,1861.0,2423,36.0,21.71,76.81
140708010,325.0,587.0,926,14.0,35.1,63.39
140708011,653.0,678.0,1361,30.0,47.98,49.82
140708014,311.0,984.0,1327,32.0,23.44,74.15
140708015,228.0,642.0,883,13.0,25.82,72.71
140708016,155.0,299.0,473,19.0,32.77,63.21
140708017,674.0,1384.0,2102,44.0,32.06,65.84
140708018,694.0,1141.0,1899,64.0,36.55,60.08
140708019,621.0,1166.0,1831,44.0,33.92,63.68
140708020,333.0,502.0,858,23.0,38.81,58.51
140708021,567.0,519.0,1135,49.0,49.96,45.73
140708023,231.0,587.0,833,15.0,27.73,70.47
140708027,259.0,213.0,501,29.0,51.7,42.51
140708029,205.0,218.0,435,12.0,47.13,50.11
140708030,311.0,436.0,759,12.0,40.97,57.44
140708032,127.0,104.0,233,2.0,54.51,44.64
140708034,78.0,110.0,192,4.0,40.62,57.29
140708035,185.0,295.0,493,13.0,37.53,59.84
140708037,211.0,215.0,435,9.0,48.51,49.43
140708038,109.0,94.0,207,4.0,52.66,45.41
140708041,106.0,79.0,194,9.0,54.64,40.72
140708044,126.0,81.0,212,5.0,59.43,38.21
140708045,252.0,201.0,462,9.0,54.55,43.51
140708046,91.0,48.0,143,4.0,63.64,33.57
140709001,448.0,1089.0,1571,34.0,28.52,69.32
140709002,649.0,1265.0,1961,47.0,33.1,64.51
140709004,454.0,1160.0,1653,39.0,27.47,70.18
140709005,370.0,647.0,1036,19.0,35.71,62.45
140709006,205.0,174.0,386,7.0,53.11,45.08
140709008,466.0,1716.0,2237,55.0,20.83,76.71
140709009,440.0,1338.0,1809,31.0,24.32,73.96
140709010,212.0,281.0,508,15.0,41.73,55.31
140709011,482.0,1257.0,1769,30.0,27.25,71.06
140709015,280.0,468.0,764,16.0,36.65,61.26
140709016,668.0,1487.0,2194,39.0,30.45,67.78
140709017,177.0,140.0,326,9.0,54.29,42.94
140710001,254.0,406.0,666,6.0,38.14,60.96
140710002,287.0,928.0,1234,19.0,23.26,75.2
140710003,367.0,1112.0,1517,38.0,24.19,73.3
140710005,442.0,1301.0,1778,35.0,24.86,73.17
140710006,305.0,894.0,1225,26.0,24.9,72.98
140710007,364.0,1476.0,1865,25.0,19.52,79.14
140710008,257.0,689.0,963,17.0,26.69,71.55
140710009,328.0,1143.0,1499,28.0,21.88,76.25
140710010,105.0,369.0,484,10.0,21.69,76.24
140710011,203.0,704.0,919,12.0,22.09,76.61
140710012,486.0,896.0,1414,32.0,34.37,63.37
140710013,144.0,420.0,577,13.0,24.96,72.79
140710014,523.0,1586.0,2136,27.0,24.49,74.25
140710015,183.0,373.0,564,8.0,32.45,66.13
140710017,134.0,341.0,487,12.0,27.52,70.02
140710018,335.0,1166.0,1519,18.0,22.05,76.76
140710019,221.0,1652.0,1897,24.0,11.65,87.08
140710020,260.0,1236.0,1513,17.0,17.18,81.69
140710021,178.0,671.0,864,15.0,20.6,77.66
140710022,272.0,1242.0,1533,19.0,17.74,81.02
140710023,152.0,584.0,750,14.0,20.27,77.87
140710025,119.0,690.0,820,11.0,14.51,84.15
140710026,283.0,839.0,1146,24.0,24.69,73.21
140710027,137.0,496.0,644,11.0,21.27,77.02
140710028,136.0,277.0,422,9.0,32.23,65.64
140710029,275.0,946.0,1231,10.0,22.34,76.85
140710030,291.0,1205.0,1526,30.0,19.07,78.96
140710033,273.0,273.0,572,26.0,47.73,47.73
140710055,271.0,511.0,797,15.0,34.0,64.12
140710056,429.0,794.0,1253,30.0,34.24,63.37
140710057,140.0,192.0,346,14.0,40.46,55.49
140710059,455.0,588.0,1070,27.0,42.52,54.95
140710064,321.0,951.0,1294,22.0,24.81,73.49
140710070,112.0,93.0,214,9.0,52.34,43.46
140710074,357.0,285.0,661,19.0,54.01,43.12
140710075,200.0,244.0,452,8.0,44.25,53.98
140710076,258.0,481.0,768,29.0,33.59,62.63
140710077,155.0,138.0,304,11.0,50.99,45.39
140710078,419.0,545.0,1011,47.0,41.44,53.91
140710079,397.0,522.0,943,24.0,42.1,55.36
140710080,227.0,299.0,554,28.0,40.97,53.97
140710081,167.0,402.0,587,18.0,28.45,68.48
140711001,298.0,677.0,987,12.0,30.19,68.59
140711003,144.0,117.0,267,6.0,53.93,43.82
140711013,123.0,241.0,371,7.0,33.15,64.96
140711014,29.0,43.0,75,3.0,38.67,57.33
140711016,182.0,258.0,454,14.0,40.09,56.83
140711017,187.0,151.0,342,4.0,54.68,44.15
140711028,317.0,305.0,631,9.0,50.24,48.34
140711029,116.0,63.0,183,4.0,63.39,34.43
140711032,72.0,35.0,109,2.0,66.06,32.11
140711035,225.0,108.0,334,1.0,67.37,32.34
140801001,575.0,929.0,1530,26.0,37.58,60.72
140801002,552.0,634.0,1214,28.0,45.47,52.22
140801003,458.0,597.0,1067,12.0,42.92,55.95
140801004,244.0,139.0,390,7.0,62.56,35.64
140801005,299.0,176.0,480,5.0,62.29,36.67
140801006,202.0,99.0,307,6.0,65.8,32.25
140802002,117.0,119.0,238,2.0,49.16,50.0
140802003,464.0,1042.0,1536,30.0,30.21,67.84
140802004,233.0,252.0,495,10.0,47.07,50.91
140802005,104.0,88.0,196,4.0,53.06,44.9
140802006,119.0,245.0,376,12.0,31.65,65.16
140802007,158.0,200.0,366,8.0,43.17,54.64
140802009,97.0,50.0,152,5.0,63.82,32.89
140802010,54.0,87.0,143,2.0,37.76,60.84
140803001,254.0,371.0,639,14.0,39.75,58.06
140803002,93.0,87.0,182,2.0,51.1,47.8
140803003,206.0,352.0,570,12.0,36.14,61.75
140803004,151.0,58.0,214,5.0,70.56,27.1
140803005,354.0,343.0,708,11.0,50.0,48.45
140803006,174.0,174.0,354,6.0,49.15,49.15
140803007,66.0,49.0,119,4.0,55.46,41.18
140804001,342.0,422.0,780,16.0,43.85,54.1
140804002,148.0,382.0,535,5.0,27.66,71.4
140804003,271.0,220.0,500,9.0,54.2,44.0
140804004,101.0,51.0,153,1.0,66.01,33.33
140804005,90.0,123.0,217,4.0,41.47,56.68
140805001,387.0,599.0,1007,21.0,38.43,59.48
140805002,147.0,262.0,418,9.0,35.17,62.68
140805003,127.0,83.0,218,8.0,58.26,38.07
140805004,82.0,76.0,158,0.0,51.9,48.1
140806001,292.0,179.0,498,27.0,58.63,35.94
140806002,419.0,408.0,848,21.0,49.41,48.11
140806004,151.0,113.0,284,20.0,53.17,39.79
140807001,643.0,1423.0,2124,58.0,30.27,67.0
140807003,157.0,401.0,563,5.0,27.89,71.23
140807004,342.0,448.0,811,21.0,42.17,55.24
140807007,162.0,231.0,399,6.0,40.6,57.89
140807008,101.0,131.0,237,5.0,42.62,55.27
140901001,281.0,561.0,866,24.0,32.45,64.78
140901002,104.0,208.0,321,9.0,32.4,64.8
140901003,151.0,133.0,290,6.0,52.07,45.86
140901004,194.0,397.0,598,7.0,32.44,66.39
140901006,115.0,65.0,188,8.0,61.17,34.57
140901009,108.0,189.0,307,10.0,35.18,61.56
140901013,64.0,92.0,159,3.0,40.25,57.86
140901016,105.0,90.0,199,4.0,52.76,45.23
140902001,165.0,497.0,669,7.0,24.66,74.29
140902003,373.0,725.0,1141,43.0,32.69,63.54
140902004,557.0,786.0,1373,30.0,40.57,57.25
140902005,335.0,301.0,653,17.0,51.3,46.09
140902006,135.0,266.0,409,8.0,33.01,65.04
140902007,209.0,131.0,343,3.0,60.93,38.19
140902008,116.0,101.0,221,4.0,52.49,45.7
140902009,151.0,254.0,413,8.0,36.56,61.5
140902010,222.0,232.0,464,10.0,47.84,50.0
140902011,126.0,92.0,223,5.0,56.5,41.26
140902013,28.0,57.0,86,1.0,32.56,66.28
140902014,84.0,21.0,106,1.0,79.25,19.81
141001001,688.0,872.0,1582,22.0,43.49,55.12
141001002,188.0,259.0,450,3.0,41.78,57.56
141001003,558.0,712.0,1298,28.0,42.99,54.85
141001007,656.0,723.0,1401,22.0,46.82,51.61
141001010,136.0,126.0,270,8.0,50.37,46.67
141101001,449.0,875.0,1349,25.0,33.28,64.86
141101003,313.0,534.0,868,21.0,36.06,61.52
141101004,385.0,453.0,860,22.0,44.77,52.67
141101006,251.0,223.0,484,10.0,51.86,46.07
141101007,67.0,164.0,237,6.0,28.27,69.2
141101010,206.0,177.0,398,15.0,51.76,44.47
141101013,310.0,514.0,848,24.0,36.56,60.61
141101014,178.0,132.0,317,7.0,56.15,41.64
141101015,226.0,140.0,375,9.0,60.27,37.33
141101017,165.0,164.0,335,6.0,49.25,48.96
141201001,407.0,845.0,1276,24.0,31.9,66.22
141201002,432.0,625.0,1071,14.0,40.34,58.36
141201003,141.0,279.0,432,12.0,32.64,64.58
141201004,221.0,284.0,510,5.0,43.33,55.69
141201005,150.0,280.0,437,7.0,34.32,64.07
141201006,342.0,303.0,658,13.0,51.98,46.05
141201007,107.0,135.0,248,6.0,43.15,54.44
141201008,92.0,111.0,203,0.0,45.32,54.68
141201009,163.0,106.0,274,5.0,59.49,38.69
141201011,65.0,30.0,95,0.0,68.42,31.58
141301002,495.0,1064.0,1594,35.0,31.05,66.75
141301004,85.0,100.0,189,4.0,44.97,52.91
141301005,82.0,81.0,164,1.0,50.0,49.39
141301006,141.0,164.0,308,3.0,45.78,53.25
141301007,113.0,182.0,304,9.0,37.17,59.87
141301008,150.0,164.0,329,15.0,45.59,49.85
141301009,144.0,87.0,242,11.0,59.5,35.95
141301010,369.0,496.0,882,17.0,41.84,56.24
141301011,95.0,52.0,147,0.0,64.63,35.37
141301012,163.0,107.0,276,6.0,59.06,38.77
141301013,55.0,62.0,121,4.0,45.45,51.24
141301014,79.0,70.0,152,3.0,51.97,46.05
141301015,33.0,16.0,49,0.0,67.35,32.65
141301016,78.0,67.0,149,4.0,52.35,44.97
141301017,15.0,52.0,68,1.0,22.06,76.47
141301019,87.0,57.0,146,2.0,59.59,39.04
150101001,274.0,1022.0,1328,32.0,20.63,76.96
150101002,227.0,824.0,1075,24.0,21.12,76.65
150101003,151.0,585.0,758,22.0,19.92,77.18
150101004,239.0,1089.0,1364,36.0,17.52,79.84
150101005,515.0,1294.0,1863,54.0,27.64,69.46
150101006,300.0,303.0,623,20.0,48.15,48.64
150101007,451.0,1400.0,1914,63.0,23.56,73.15
150101008,348.0,1073.0,1464,43.0,23.77,73.29
150101009,208.0,885.0,1129,36.0,18.42,78.39
150101010,122.0,415.0,551,14.0,22.14,75.32
150101014,107.0,230.0,358,21.0,29.89,64.25
150101015,154.0,646.0,825,25.0,18.67,78.3
150101018,95.0,326.0,427,6.0,22.25,76.35
150101019,72.0,106.0,184,6.0,39.13,57.61
150101023,101.0,119.0,226,6.0,44.69,52.65
150201001,346.0,1088.0,1475,41.0,23.46,73.76
150201002,213.0,573.0,802,16.0,26.56,71.45
150201003,236.0,746.0,1010,28.0,23.37,73.86
150201004,337.0,990.0,1354,27.0,24.89,73.12
150201005,385.0,1305.0,1733,43.0,22.22,75.3
150201006,279.0,555.0,865,31.0,32.25,64.16
150201007,200.0,783.0,1011,28.0,19.78,77.45
150201008,305.0,585.0,917,27.0,33.26,63.79
150201009,173.0,344.0,532,15.0,32.52,64.66
150201010,210.0,641.0,874,23.0,24.03,73.34
150201011,348.0,893.0,1282,41.0,27.15,69.66
150201012,417.0,691.0,1146,38.0,36.39,60.3
150201013,175.0,453.0,646,18.0,27.09,70.12
150201014,351.0,706.0,1096,39.0,32.03,64.42
150201015,403.0,801.0,1243,39.0,32.42,64.44
150201016,189.0,295.0,501,17.0,37.72,58.88
150201019,341.0,719.0,1085,25.0,31.43,66.27
150201020,167.0,219.0,399,13.0,41.85,54.89
150201021,350.0,579.0,948,19.0,36.92,61.08
150201022,324.0,399.0,745,22.0,43.49,53.56
150201023,154.0,122.0,286,10.0,53.85,42.66
150201024,114.0,80.0,201,7.0,56.72,39.8
150201025,119.0,206.0,334,9.0,35.63,61.68
150201026,152.0,95.0,252,5.0,60.32,37.7
150201027,80.0,116.0,200,4.0,40.0,58.0
150202001,507.0,987.0,1539,45.0,32.94,64.13
150202002,413.0,753.0,1209,43.0,34.16,62.28
150202003,352.0,800.0,1198,46.0,29.38,66.78
150202005,232.0,522.0,776,22.0,29.9,67.27
150202006,391.0,301.0,723,31.0,54.08,41.63
150202007,224.0,342.0,586,20.0,38.23,58.36
150202008,111.0,206.0,332,15.0,33.43,62.05
150202009,385.0,668.0,1101,48.0,34.97,60.67
150202010,354.0,236.0,616,26.0,57.47,38.31
150202011,193.0,201.0,417,23.0,46.28,48.2
150202013,198.0,227.0,438,13.0,45.21,51.83
150202014,375.0,418.0,831,38.0,45.13,50.3
150202015,126.0,145.0,280,9.0,45.0,51.79
150301001,383.0,1179.0,1598,36.0,23.97,73.78
150301002,282.0,475.0,782,25.0,36.06,60.74
150301003,242.0,622.0,886,22.0,27.31,70.2
150301004,313.0,770.0,1109,26.0,28.22,69.43
150301005,461.0,907.0,1412,44.0,32.65,64.24
150301007,144.0,335.0,495,16.0,29.09,67.68
150301008,190.0,354.0,558,14.0,34.05,63.44
150301009,141.0,276.0,423,6.0,33.33,65.25
150301010,221.0,181.0,407,5.0,54.3,44.47
150301011,130.0,137.0,275,8.0,47.27,49.82
150301012,138.0,87.0,230,5.0,60.0,37.83
150302001,214.0,908.0,1137,15.0,18.82,79.86
150302002,287.0,967.0,1287,33.0,22.3,75.14
150302003,161.0,147.0,316,8.0,50.95,46.52
150302004,138.0,105.0,245,2.0,56.33,42.86
150303001,366.0,1127.0,1524,31.0,24.02,73.95
150303002,138.0,139.0,284,7.0,48.59,48.94
150303003,106.0,168.0,280,6.0,37.86,60.0
150303004,120.0,284.0,413,9.0,29.06,68.77
150304001,219.0,826.0,1061,16.0,20.64,77.85
150304002,152.0,110.0,264,2.0,57.58,41.67
150305001,273.0,1063.0,1379,43.0,19.8,77.08
150305002,354.0,1102.0,1490,34.0,23.76,73.96
150305003,172.0,449.0,638,17.0,26.96,70.38
150305004,266.0,254.0,539,19.0,49.35,47.12
150305005,153.0,340.0,501,8.0,30.54,67.86
150305006,107.0,135.0,249,7.0,42.97,54.22
150305007,117.0,92.0,217,8.0,53.92,42.4
150305008,105.0,146.0,258,7.0,40.7,56.59
150401001,368.0,1378.0,1773,27.0,20.76,77.72
150401002,380.0,1442.0,1865,43.0,20.38,77.32
150401004,360.0,1134.0,1535,41.0,23.45,73.88
150401005,310.0,1238.0,1572,24.0,19.72,78.75
150401006,194.0,700.0,919,25.0,21.11,76.17
150401007,155.0,544.0,713,14.0,21.74,76.3
150401008,178.0,562.0,755,15.0,23.58,74.44
150401009,118.0,507.0,633,8.0,18.64,80.09
150401011,257.0,658.0,939,24.0,27.37,70.07
150401014,212.0,85.0,300,3.0,70.67,28.33
150401015,115.0,73.0,190,2.0,60.53,38.42
150401016,166.0,57.0,230,7.0,72.17,24.78
150402001,235.0,1180.0,1446,31.0,16.25,81.6
150402003,311.0,1812.0,2163,40.0,14.38,83.77
150402004,239.0,2233.0,2507,35.0,9.53,89.07
150402005,175.0,818.0,1015,22.0,17.24,80.59
150402006,145.0,672.0,835,18.0,17.37,80.48
150402007,73.0,679.0,762,10.0,9.58,89.11
150402011,157.0,590.0,757,10.0,20.74,77.94
150402012,168.0,84.0,252,0.0,66.67,33.33
150501001,297.0,624.0,938,17.0,31.66,66.52
150501002,443.0,841.0,1314,30.0,33.71,64.0
150501003,187.0,307.0,513,19.0,36.45,59.84
150501004,118.0,344.0,472,10.0,25.0,72.88
150501005,343.0,731.0,1107,33.0,30.98,66.03
150501006,529.0,950.0,1519,40.0,34.83,62.54
150501007,279.0,704.0,1011,28.0,27.6,69.63
150501008,199.0,248.0,462,15.0,43.07,53.68
150501009,113.0,207.0,330,10.0,34.24,62.73
150501010,132.0,337.0,487,18.0,27.1,69.2
150501012,254.0,281.0,546,11.0,46.52,51.47
150501013,200.0,121.0,328,7.0,60.98,36.89
150501014,213.0,127.0,346,6.0,61.56,36.71
150501015,200.0,119.0,329,10.0,60.79,36.17
150502001,484.0,757.0,1268,27.0,38.17,59.7
150502002,483.0,1057.0,1574,34.0,30.69,67.15
150502003,401.0,857.0,1289,31.0,31.11,66.49
150502004,492.0,795.0,1325,38.0,37.13,60.0
150502005,205.0,363.0,584,16.0,35.1,62.16
150502007,314.0,475.0,803,14.0,39.1,59.15
150502008,220.0,366.0,607,21.0,36.24,60.3
150601001,493.0,1262.0,1796,41.0,27.45,70.27
150601002,875.0,1227.0,2175,73.0,40.23,56.41
150601003,325.0,695.0,1068,48.0,30.43,65.07
150601004,273.0,579.0,869,17.0,31.42,66.63
150601005,196.0,644.0,856,16.0,22.9,75.23
150601006,113.0,334.0,463,16.0,24.41,72.14
150601008,823.0,1633.0,2564,108.0,32.1,63.69
150601009,106.0,752.0,879,21.0,12.06,85.55
150601010,195.0,764.0,976,17.0,19.98,78.28
150601011,206.0,720.0,952,26.0,21.64,75.63
150601012,145.0,574.0,733,14.0,19.78,78.31
150601013,971.0,1666.0,2719,82.0,35.71,61.27
150601015,347.0,1061.0,1441,33.0,24.08,73.63
150601016,651.0,1336.0,2066,79.0,31.51,64.67
150601018,234.0,633.0,895,28.0,26.15,70.73
150601019,117.0,554.0,689,18.0,16.98,80.41
150601021,489.0,1406.0,1959,64.0,24.96,71.77
150601022,130.0,469.0,618,19.0,21.04,75.89
150601023,537.0,1325.0,1922,60.0,27.94,68.94
150601024,581.0,948.0,1596,67.0,36.4,59.4
150601026,640.0,1482.0,2190,68.0,29.22,67.67
150601027,422.0,751.0,1214,41.0,34.76,61.86
150601029,509.0,904.0,1472,59.0,34.58,61.41
150601030,264.0,687.0,989,38.0,26.69,69.46
150601031,101.0,317.0,432,14.0,23.38,73.38
150601032,388.0,405.0,812,19.0,47.78,49.88
150601033,61.0,198.0,271,12.0,22.51,73.06
150601034,151.0,508.0,670,11.0,22.54,75.82
150601035,214.0,387.0,619,18.0,34.57,62.52
150601036,323.0,973.0,1323,27.0,24.41,73.54
150601037,228.0,306.0,556,22.0,41.01,55.04
150601038,94.0,329.0,431,8.0,21.81,76.33
150601039,204.0,337.0,560,19.0,36.43,60.18
150601040,169.0,129.0,310,12.0,54.52,41.61
150601043,255.0,253.0,536,28.0,47.57,47.2
150601046,130.0,108.0,246,8.0,52.85,43.9
150601049,322.0,444.0,796,30.0,40.45,55.78
150601050,350.0,880.0,1254,24.0,27.91,70.18
150601052,122.0,38.0,163,3.0,74.85,23.31
150601054,360.0,381.0,772,31.0,46.63,49.35
150601055,117.0,74.0,206,15.0,56.8,35.92
150601059,98.0,93.0,197,6.0,49.75,47.21
150601060,72.0,88.0,161,1.0,44.72,54.66
150601061,23.0,25.0,49,1.0,46.94,51.02
150601062,149.0,129.0,284,6.0,52.46,45.42
150601063,487.0,285.0,787,15.0,61.88,36.21
150601066,57.0,50.0,111,4.0,51.35,45.05
150701001,391.0,1197.0,1643,55.0,23.8,72.85
150701002,554.0,1437.0,2045,54.0,27.09,70.27
150701003,300.0,680.0,997,17.0,30.09,68.2
150701005,254.0,446.0,714,14.0,35.57,62.46
150701006,324.0,597.0,938,17.0,34.54,63.65
150701007,78.0,131.0,213,4.0,36.62,61.5
150702001,390.0,1062.0,1472,20.0,26.49,72.15
150702002,383.0,871.0,1276,22.0,30.02,68.26
150702003,124.0,295.0,431,12.0,28.77,68.45
150702004,163.0,377.0,551,11.0,29.58,68.42
150702005,314.0,728.0,1070,28.0,29.35,68.04
150702006,181.0,465.0,656,10.0,27.59,70.88
150702007,54.0,74.0,128,0.0,42.19,57.81
150702008,59.0,52.0,113,2.0,52.21,46.02
150702009,235.0,456.0,703,12.0,33.43,64.86
150702012,49.0,65.0,116,2.0,42.24,56.03
150702014,130.0,151.0,286,5.0,45.45,52.8
150702015,76.0,109.0,187,2.0,40.64,58.29
150702016,89.0,85.0,179,5.0,49.72,47.49
150801001,508.0,651.0,1188,29.0,42.76,54.8
150801002,388.0,596.0,1011,27.0,38.38,58.95
150801003,328.0,233.0,573,12.0,57.24,40.66
150802001,372.0,368.0,769,29.0,48.37,47.85
150901003,162.0,290.0,475,23.0,34.11,61.05
150901005,237.0,371.0,628,20.0,37.74,59.08
150901006,159.0,352.0,523,12.0,30.4,67.3
150901007,258.0,395.0,666,13.0,38.74,59.31
150901008,186.0,481.0,674,7.0,27.6,71.36
150901010,91.0,291.0,390,8.0,23.33,74.62
150901011,155.0,632.0,803,16.0,19.3,78.7
150901012,478.0,827.0,1361,56.0,35.12,60.76
150901014,169.0,237.0,417,11.0,40.53,56.83
150901016,89.0,118.0,212,5.0,41.98,55.66
150901017,100.0,191.0,294,3.0,34.01,64.97
150901020,477.0,1116.0,1641,48.0,29.07,68.01
150901022,148.0,100.0,250,2.0,59.2,40.0
150901023,38.0,55.0,94,1.0,40.43,58.51
150902001,203.0,649.0,874,22.0,23.23,74.26
150902002,393.0,1241.0,1655,21.0,23.75,74.98
150902003,222.0,302.0,535,11.0,41.5,56.45
150902004,117.0,186.0,319,16.0,36.68,58.31
150902005,199.0,341.0,564,24.0,35.28,60.46
150902006,128.0,189.0,328,11.0,39.02,57.62
150902007,125.0,104.0,240,11.0,52.08,43.33
150902008,132.0,74.0,210,4.0,62.86,35.24
151001001,224.0,530.0,764,10.0,29.32,69.37
151001002,301.0,396.0,708,11.0,42.51,55.93
151001003,550.0,1010.0,1590,30.0,34.59,63.52
151001004,693.0,936.0,1665,36.0,41.62,56.22
151001005,280.0,720.0,1024,24.0,27.34,70.31
151001006,107.0,412.0,527,8.0,20.3,78.18
151001007,167.0,276.0,451,8.0,37.03,61.2
151001008,164.0,359.0,531,8.0,30.89,67.61
151001009,335.0,405.0,754,14.0,44.43,53.71
151001010,843.0,1122.0,2002,37.0,42.11,56.04
151001011,118.0,306.0,431,7.0,27.38,71.0
151001012,175.0,290.0,471,6.0,37.15,61.57
151001013,337.0,448.0,793,8.0,42.5,56.49
151001017,150.0,68.0,221,3.0,67.87,30.77
151001018,104.0,73.0,178,1.0,58.43,41.01
151001020,105.0,69.0,178,4.0,58.99,38.76
151101001,474.0,1072.0,1601,55.0,29.61,66.96
151101003,227.0,804.0,1061,30.0,21.39,75.78
151101004,344.0,1132.0,1517,41.0,22.68,74.62
151101005,81.0,245.0,337,11.0,24.04,72.7
151101006,155.0,279.0,446,12.0,34.75,62.56
151101008,153.0,98.0,257,6.0,59.53,38.13
151102001,545.0,897.0,1497,55.0,36.41,59.92
151102002,554.0,1146.0,1764,64.0,31.41,64.97
151102003,363.0,1028.0,1418,27.0,25.6,72.5
151102004,287.0,844.0,1151,20.0,24.93,73.33
151102005,290.0,969.0,1293,34.0,22.43,74.94
151102006,164.0,357.0,535,14.0,30.65,66.73
151102007,131.0,483.0,631,17.0,20.76,76.55
151102008,164.0,344.0,515,7.0,31.84,66.8
151102010,420.0,817.0,1274,37.0,32.97,64.13
151102011,321.0,670.0,1018,27.0,31.53,65.82
151102012,126.0,341.0,479,12.0,26.3,71.19
151102013,289.0,681.0,995,25.0,29.05,68.44
151102014,121.0,314.0,446,11.0,27.13,70.4
151102015,441.0,675.0,1149,33.0,38.38,58.75
151102016,265.0,527.0,810,18.0,32.72,65.06
151102017,230.0,430.0,670,10.0,34.33,64.18
151102018,123.0,215.0,345,7.0,35.65,62.32
151102019,177.0,192.0,377,8.0,46.95,50.93
151102020,168.0,241.0,423,14.0,39.72,56.97
151102022,144.0,240.0,394,10.0,36.55,60.91
151102023,247.0,174.0,429,8.0,57.58,40.56
151102024,99.0,95.0,198,4.0,50.0,47.98
151102026,197.0,109.0,318,12.0,61.95,34.28
151102027,130.0,203.0,337,4.0,38.58,60.24
151102029,135.0,104.0,248,9.0,54.44,41.94
160101001,328.0,786.0,1136,22.0,28.87,69.19
160101002,776.0,1048.0,1901,77.0,40.82,55.13
160101004,323.0,540.0,889,26.0,36.33,60.74
160101005,562.0,1047.0,1668,59.0,33.69,62.77
160101006,337.0,564.0,930,29.0,36.24,60.65
160101007,202.0,1095.0,1340,43.0,15.07,81.72
160101008,106.0,753.0,865,6.0,12.25,87.05
160101010,186.0,428.0,627,13.0,29.67,68.26
160101011,161.0,399.0,574,14.0,28.05,69.51
160101014,133.0,979.0,1123,11.0,11.84,87.18
160101015,117.0,736.0,867,14.0,13.49,84.89
160101016,364.0,1045.0,1437,28.0,25.33,72.72
160101017,109.0,412.0,528,7.0,20.64,78.03
160101018,154.0,366.0,530,10.0,29.06,69.06
160101019,182.0,551.0,750,17.0,24.27,73.47
160101020,349.0,790.0,1162,23.0,30.03,67.99
160101021,147.0,441.0,594,6.0,24.75,74.24
160101022,616.0,1353.0,2044,75.0,30.14,66.19
160101023,305.0,496.0,840,39.0,36.31,59.05
160101024,244.0,345.0,601,12.0,40.6,57.4
160101025,675.0,1118.0,1835,42.0,36.78,60.93
160101027,344.0,651.0,1022,27.0,33.66,63.7
160101028,219.0,240.0,466,7.0,47.0,51.5
160101029,514.0,616.0,1162,32.0,44.23,53.01
160101030,1163.0,1292.0,2506,51.0,46.41,51.56
160101033,168.0,536.0,715,11.0,23.5,74.97
160101035,195.0,250.0,454,9.0,42.95,55.07
160101037,84.0,229.0,321,8.0,26.17,71.34
160101040,387.0,241.0,650,22.0,59.54,37.08
160101041,150.0,429.0,587,8.0,25.55,73.08
160101045,260.0,1250.0,1533,23.0,16.96,81.54
160101046,389.0,520.0,941,32.0,41.34,55.26
160101047,881.0,2156.0,3107,70.0,28.36,69.39
160101048,368.0,777.0,1182,37.0,31.13,65.74
160101049,298.0,379.0,692,15.0,43.06,54.77
160101050,415.0,1686.0,2142,41.0,19.37,78.71
160101051,299.0,635.0,960,26.0,31.15,66.15
160101054,330.0,46.0,385,9.0,85.71,11.95
160101055,167.0,751.0,931,13.0,17.94,80.67
160101057,549.0,1504.0,2102,49.0,26.12,71.55
160101058,113.0,237.0,359,9.0,31.48,66.02
160101059,491.0,1072.0,1615,52.0,30.4,66.38
160101062,197.0,1486.0,1712,29.0,11.51,86.8
160101066,120.0,615.0,746,11.0,16.09,82.44
160101068,471.0,1255.0,1758,32.0,26.79,71.39
160101074,199.0,255.0,467,13.0,42.61,54.6
160101078,392.0,502.0,924,30.0,42.42,54.33
160101083,206.0,40.0,249,3.0,82.73,16.06
160101086,599.0,352.0,981,30.0,61.06,35.88
160101089,285.0,187.0,484,12.0,58.88,38.64
160102001,938.0,1478.0,2467,51.0,38.02,59.91
160102002,381.0,753.0,1153,19.0,33.04,65.31
160102003,431.0,98.0,541,12.0,79.67,18.11
160102004,585.0,140.0,737,12.0,79.38,19.0
160102005,268.0,114.0,389,7.0,68.89,29.31
160102006,248.0,165.0,418,5.0,59.33,39.47
160102007,628.0,71.0,714,15.0,87.96,9.94
160102008,154.0,43.0,209,12.0,73.68,20.57
160102009,244.0,41.0,295,10.0,82.71,13.9
160201001,464.0,1266.0,1770,40.0,26.21,71.53
160201002,483.0,1240.0,1761,38.0,27.43,70.41
160201003,152.0,220.0,381,9.0,39.9,57.74
160201006,549.0,1204.0,1778,25.0,30.88,67.72
160201007,189.0,153.0,352,10.0,53.69,43.47
160201008,63.0,209.0,285,13.0,22.11,73.33
160201009,208.0,229.0,446,9.0,46.64,51.35
160201010,166.0,114.0,304,24.0,54.61,37.5
160201011,129.0,85.0,224,10.0,57.59,37.95
160201012,694.0,1195.0,1932,43.0,35.92,61.85
160201013,267.0,749.0,1031,15.0,25.9,72.65
160201014,141.0,108.0,266,17.0,53.01,40.6
160201015,87.0,117.0,222,18.0,39.19,52.7
160201016,654.0,608.0,1288,26.0,50.78,47.2
160201017,223.0,305.0,542,14.0,41.14,56.27
160201018,370.0,784.0,1181,27.0,31.33,66.38
160201019,295.0,244.0,557,18.0,52.96,43.81
160201020,159.0,263.0,455,33.0,34.95,57.8
160201022,262.0,218.0,496,16.0,52.82,43.95
160201024,120.0,125.0,252,7.0,47.62,49.6
160201025,88.0,122.0,214,4.0,41.12,57.01
160201028,249.0,108.0,369,12.0,67.48,29.27
160201029,113.0,55.0,174,6.0,64.94,31.61
160201033,194.0,275.0,483,14.0,40.17,56.94
160201034,30.0,85.0,119,4.0,25.21,71.43
160201036,279.0,978.0,1275,18.0,21.88,76.71
160201040,211.0,223.0,443,9.0,47.63,50.34
160201041,369.0,209.0,596,18.0,61.91,35.07
160202001,251.0,197.0,459,11.0,54.68,42.92
160202002,101.0,56.0,161,4.0,62.73,34.78
160202003,153.0,75.0,239,11.0,64.02,31.38
160202004,78.0,67.0,148,3.0,52.7,45.27
160202007,72.0,92.0,177,13.0,40.68,51.98
160202008,245.0,70.0,329,14.0,74.47,21.28
160202012,109.0,78.0,189,2.0,57.67,41.27
160202013,51.0,27.0,83,5.0,61.45,32.53
160202014,115.0,83.0,201,3.0,57.21,41.29
160202015,91.0,59.0,157,7.0,57.96,37.58
160301001,158.0,912.0,1087,17.0,14.54,83.9
160301002,138.0,41.0,183,4.0,75.41,22.4
160301003,187.0,719.0,929,23.0,20.13,77.4
160301004,101.0,143.0,246,2.0,41.06,58.13
160301005,430.0,1228.0,1730,72.0,24.86,70.98
160301006,126.0,359.0,495,10.0,25.45,72.53
160301007,160.0,441.0,619,18.0,25.85,71.24
160301008,89.0,62.0,156,5.0,57.05,39.74
160301010,132.0,551.0,688,5.0,19.19,80.09
160301011,256.0,1490.0,1768,22.0,14.48,84.28
160301012,217.0,1232.0,1473,24.0,14.73,83.64
160301013,165.0,1190.0,1375,20.0,12.0,86.55
160301014,270.0,1428.0,1721,23.0,15.69,82.98
160301015,81.0,411.0,503,11.0,16.1,81.71
160301016,192.0,861.0,1074,21.0,17.88,80.17
160301019,142.0,1091.0,1254,21.0,11.32,87.0
160301020,178.0,1046.0,1244,20.0,14.31,84.08
160301021,218.0,833.0,1073,22.0,20.32,77.63
160301022,72.0,587.0,667,8.0,10.79,88.01
160301023,516.0,1597.0,2153,40.0,23.97,74.18
160301024,281.0,1027.0,1325,17.0,21.21,77.51
160301025,338.0,1064.0,1430,28.0,23.64,74.41
160301026,226.0,648.0,896,22.0,25.22,72.32
160301027,126.0,392.0,527,9.0,23.91,74.38
160301028,328.0,1416.0,1779,35.0,18.44,79.6
160301029,207.0,1285.0,1515,23.0,13.66,84.82
160301030,265.0,1704.0,2001,32.0,13.24,85.16
160301031,137.0,858.0,1012,17.0,13.54,84.78
160301032,345.0,1002.0,1378,31.0,25.04,72.71
160301033,96.0,433.0,540,11.0,17.78,80.19
160301034,146.0,382.0,538,10.0,27.14,71.0
160301036,237.0,599.0,857,21.0,27.65,69.89
160301037,272.0,696.0,994,26.0,27.36,70.02
160301038,243.0,1053.0,1320,24.0,18.41,79.77
160301039,108.0,206.0,321,7.0,33.64,64.17
160301040,205.0,825.0,1044,14.0,19.64,79.02
160301042,319.0,862.0,1204,23.0,26.5,71.59
160301044,118.0,382.0,510,10.0,23.14,74.9
160301045,132.0,940.0,1093,21.0,12.08,86.0
160301046,231.0,682.0,942,29.0,24.52,72.4
160301047,452.0,968.0,1462,42.0,30.92,66.21
160301048,236.0,886.0,1140,18.0,20.7,77.72
160301049,529.0,1059.0,1650,62.0,32.06,64.18
160301050,434.0,219.0,676,23.0,64.2,32.4
160301051,182.0,208.0,405,15.0,44.94,51.36
160301054,148.0,191.0,348,9.0,42.53,54.89
160301055,35.0,72.0,115,8.0,30.43,62.61
160301056,172.0,447.0,627,8.0,27.43,71.29
160301057,309.0,904.0,1242,29.0,24.88,72.79
160301059,490.0,1456.0,1995,49.0,24.56,72.98
160301060,200.0,256.0,465,9.0,43.01,55.05
160301061,93.0,490.0,594,11.0,15.66,82.49
160301062,127.0,93.0,232,12.0,54.74,40.09
160301063,66.0,56.0,124,2.0,53.23,45.16
160301064,59.0,97.0,159,3.0,37.11,61.01
160301065,139.0,178.0,327,10.0,42.51,54.43
160301066,193.0,288.0,496,15.0,38.91,58.06
160301067,46.0,89.0,151,16.0,30.46,58.94
160301068,150.0,204.0,368,14.0,40.76,55.43
160301069,80.0,51.0,132,1.0,60.61,38.64
160301070,57.0,13.0,74,4.0,77.03,17.57
160301071,212.0,630.0,876,34.0,24.2,71.92
160301072,50.0,183.0,237,4.0,21.1,77.22
160301073,717.0,1743.0,2535,75.0,28.28,68.76
160301074,150.0,620.0,780,10.0,19.23,79.49
160301075,181.0,993.0,1198,24.0,15.11,82.89
160301076,40.0,231.0,276,5.0,14.49,83.7
160301077,27.0,145.0,173,1.0,15.61,83.82
160301080,122.0,321.0,454,11.0,26.87,70.7
160301081,324.0,763.0,1115,28.0,29.06,68.43
160301082,205.0,249.0,477,23.0,42.98,52.2
160301083,104.0,386.0,500,10.0,20.8,77.2
160301084,123.0,239.0,365,3.0,33.7,65.48
160301085,223.0,542.0,781,16.0,28.55,69.4
160301086,294.0,807.0,1132,31.0,25.97,71.29
160301089,123.0,73.0,199,3.0,61.81,36.68
160301090,123.0,20.0,146,3.0,84.25,13.7
160301091,71.0,109.0,187,7.0,37.97,58.29
160301093,242.0,899.0,1165,24.0,20.77,77.17
160301117,38.0,19.0,59,2.0,64.41,32.2
160301118,221.0,377.0,612,14.0,36.11,61.6
160301121,63.0,93.0,159,3.0,39.62,58.49
160301122,246.0,300.0,565,19.0,43.54,53.1
160301123,99.0,211.0,318,8.0,31.13,66.35
160301124,224.0,466.0,708,18.0,31.64,65.82
160301125,112.0,295.0,416,9.0,26.92,70.91
160301126,162.0,234.0,401,5.0,40.4,58.35
160301127,92.0,115.0,212,5.0,43.4,54.25
160301128,46.0,40.0,87,1.0,52.87,45.98
160301131,184.0,53.0,244,7.0,75.41,21.72
160301132,160.0,256.0,426,10.0,37.56,60.09
160301134,96.0,101.0,203,6.0,47.29,49.75
160301135,89.0,139.0,235,7.0,37.87,59.15
160301137,143.0,282.0,435,10.0,32.87,64.83
160301138,52.0,156.0,213,5.0,24.41,73.24
160302001,272.0,270.0,547,5.0,49.73,49.36
160302002,109.0,86.0,196,1.0,55.61,43.88
160302003,123.0,149.0,280,8.0,43.93,53.21
160302004,107.0,210.0,326,9.0,32.82,64.42
160302005,32.0,27.0,59,0.0,54.24,45.76
160302006,62.0,126.0,193,5.0,32.12,65.28
160303001,46.0,298.0,350,6.0,13.14,85.14
160303002,115.0,378.0,503,10.0,22.86,75.15
160303006,192.0,127.0,330,11.0,58.18,38.48
160303007,262.0,288.0,570,20.0,45.96,50.53
160303008,429.0,548.0,997,20.0,43.03,54.96
160303009,111.0,125.0,242,6.0,45.87,51.65
160303010,95.0,100.0,198,3.0,47.98,50.51
160303011,139.0,528.0,683,16.0,20.35,77.31
160303013,218.0,393.0,621,10.0,35.1,63.29
160303014,192.0,59.0,256,5.0,75.0,23.05
160303015,73.0,41.0,117,3.0,62.39,35.04
160303016,132.0,151.0,290,7.0,45.52,52.07
160304001,164.0,400.0,580,16.0,28.28,68.97
160304002,372.0,887.0,1277,18.0,29.13,69.46
160304004,82.0,245.0,338,11.0,24.26,72.49
160304005,158.0,183.0,349,8.0,45.27,52.44
160304006,132.0,239.0,374,3.0,35.29,63.9
160304008,43.0,115.0,164,6.0,26.22,70.12
160304010,145.0,221.0,375,9.0,38.67,58.93
160304011,58.0,72.0,133,3.0,43.61,54.14
160304012,125.0,82.0,209,2.0,59.81,39.23
160305001,114.0,147.0,276,15.0,41.3,53.26
160305002,210.0,231.0,453,12.0,46.36,50.99
160305003,181.0,210.0,398,7.0,45.48,52.76
160401001,407.0,1234.0,1664,23.0,24.46,74.16
160401002,252.0,677.0,947,18.0,26.61,71.49
160401003,159.0,428.0,596,9.0,26.68,71.81
160401004,202.0,297.0,508,9.0,39.76,58.46
160401005,120.0,231.0,357,6.0,33.61,64.71
160401006,89.0,401.0,501,11.0,17.76,80.04
160401009,292.0,239.0,543,12.0,53.78,44.01
160401010,275.0,761.0,1058,22.0,25.99,71.93
160401011,791.0,1767.0,2609,51.0,30.32,67.73
160401012,144.0,179.0,335,12.0,42.99,53.43
160401013,95.0,193.0,298,10.0,31.88,64.77
160401014,87.0,563.0,664,14.0,13.1,84.79
160401015,50.0,134.0,187,3.0,26.74,71.66
160401016,68.0,56.0,124,0.0,54.84,45.16
160401017,45.0,58.0,103,0.0,43.69,56.31
160401019,509.0,546.0,1075,20.0,47.35,50.79
160401027,206.0,299.0,517,12.0,39.85,57.83
160401028,132.0,271.0,411,8.0,32.12,65.94
160401030,173.0,352.0,533,8.0,32.46,66.04
160401033,198.0,99.0,302,5.0,65.56,32.78
160401034,27.0,167.0,200,6.0,13.5,83.5
160401035,80.0,133.0,223,10.0,35.87,59.64
160401036,72.0,332.0,408,4.0,17.65,81.37
160402001,278.0,269.0,571,24.0,48.69,47.11
160402002,70.0,68.0,145,7.0,48.28,46.9
160402005,171.0,153.0,354,30.0,48.31,43.22
160403001,40.0,64.0,107,3.0,37.38,59.81
160403002,104.0,172.0,288,12.0,36.11,59.72
160403003,123.0,152.0,280,5.0,43.93,54.29
160403004,252.0,433.0,697,12.0,36.15,62.12
160403005,128.0,233.0,374,13.0,34.22,62.3
160403006,98.0,279.0,389,12.0,25.19,71.72
160403008,33.0,130.0,165,2.0,20.0,78.79
160501001,152.0,544.0,710,14.0,21.41,76.62
160501002,232.0,690.0,930,8.0,24.95,74.19
160501003,161.0,138.0,316,17.0,50.95,43.67
160501004,168.0,291.0,467,8.0,35.97,62.31
160501005,208.0,518.0,741,15.0,28.07,69.91
160501006,216.0,504.0,735,15.0,29.39,68.57
160501007,163.0,802.0,974,9.0,16.74,82.34
160501008,255.0,692.0,967,20.0,26.37,71.56
160501009,248.0,703.0,970,19.0,25.57,72.47
160501010,142.0,224.0,375,9.0,37.87,59.73
160501011,405.0,680.0,1119,34.0,36.19,60.77
160501012,78.0,60.0,139,1.0,56.12,43.17
160501013,51.0,117.0,174,6.0,29.31,67.24
160501014,147.0,148.0,305,10.0,48.2,48.52
160501015,213.0,260.0,488,15.0,43.65,53.28
160501016,109.0,167.0,287,11.0,37.98,58.19
160501017,122.0,159.0,298,17.0,40.94,53.36
160501018,90.0,135.0,230,5.0,39.13,58.7
160501019,155.0,839.0,1003,9.0,15.45,83.65
160501020,436.0,664.0,1127,27.0,38.69,58.92
160501021,91.0,14.0,108,3.0,84.26,12.96
160501022,48.0,89.0,142,5.0,33.8,62.68
160501024,114.0,85.0,208,9.0,54.81,40.87
160501025,66.0,68.0,137,3.0,48.18,49.64
160501026,109.0,279.0,392,4.0,27.81,71.17
160501027,183.0,164.0,356,9.0,51.4,46.07
160501036,50.0,50.0,102,2.0,49.02,49.02
160501039,50.0,72.0,124,2.0,40.32,58.06
160501040,99.0,93.0,199,7.0,49.75,46.73
160501042,103.0,76.0,191,12.0,53.93,39.79
160501043,116.0,110.0,228,2.0,50.88,48.25
160501044,56.0,57.0,116,3.0,48.28,49.14
160501045,34.0,59.0,94,1.0,36.17,62.77
160501046,220.0,45.0,269,4.0,81.78,16.73
160502001,508.0,855.0,1403,40.0,36.21,60.94
160502002,212.0,358.0,581,11.0,36.49,61.62
160502003,279.0,203.0,492,10.0,56.71,41.26
160502004,192.0,147.0,350,11.0,54.86,42.0
160502006,220.0,44.0,269,5.0,81.78,16.36
160502007,428.0,553.0,1001,20.0,42.76,55.24
160502009,95.0,34.0,136,7.0,69.85,25.0
160502010,67.0,97.0,169,5.0,39.64,57.4
160502011,334.0,344.0,688,10.0,48.55,50.0
160502012,168.0,91.0,262,3.0,64.12,34.73
160502013,112.0,69.0,190,9.0,58.95,36.32
160502015,54.0,50.0,105,1.0,51.43,47.62
160502016,69.0,57.0,131,5.0,52.67,43.51
160502017,88.0,37.0,126,1.0,69.84,29.37
160503001,72.0,70.0,149,7.0,48.32,46.98
160503003,419.0,531.0,971,21.0,43.15,54.69
160503004,70.0,21.0,95,4.0,73.68,22.11
160503005,197.0,184.0,388,7.0,50.77,47.42
160503006,170.0,232.0,408,6.0,41.67,56.86
160503008,208.0,242.0,461,11.0,45.12,52.49
160503009,204.0,237.0,451,10.0,45.23,52.55
160503012,96.0,93.0,207,18.0,46.38,44.93
160503013,186.0,159.0,357,12.0,52.1,44.54
160503014,88.0,37.0,131,6.0,67.18,28.24
160503019,66.0,77.0,156,13.0,42.31,49.36
160503023,53.0,133.0,187,1.0,28.34,71.12
160503026,35.0,65.0,103,3.0,33.98,63.11
160503028,59.0,24.0,85,2.0,69.41,28.24
160503031,24.0,35.0,59,0.0,40.68,59.32
160503032,131.0,97.0,231,3.0,56.71,41.99
160503033,69.0,45.0,120,6.0,57.5,37.5
160503044,47.0,94.0,145,4.0,32.41,64.83
160503055,158.0,32.0,194,4.0,81.44,16.49
160601001,332.0,1407.0,1786,47.0,18.59,78.78
160601002,373.0,1251.0,1652,28.0,22.58,75.73
160601003,189.0,697.0,920,34.0,20.54,75.76
160601004,151.0,451.0,621,19.0,24.32,72.62
160601005,405.0,973.0,1412,34.0,28.68,68.91
160601006,414.0,681.0,1129,34.0,36.67,60.32
160601007,148.0,370.0,530,12.0,27.92,69.81
160601008,566.0,1052.0,1673,55.0,33.83,62.88
160601009,532.0,1585.0,2163,46.0,24.6,73.28
160601010,429.0,1227.0,1697,41.0,25.28,72.3
160601011,404.0,909.0,1365,52.0,29.6,66.59
160601012,446.0,2000.0,2483,37.0,17.96,80.55
160601013,454.0,1287.0,1783,42.0,25.46,72.18
160601014,263.0,232.0,518,23.0,50.77,44.79
160601015,543.0,1156.0,1753,54.0,30.98,65.94
160601016,485.0,825.0,1364,54.0,35.56,60.48
160601017,549.0,1792.0,2385,44.0,23.02,75.14
160601018,234.0,331.0,590,25.0,39.66,56.1
160601019,406.0,452.0,883,25.0,45.98,51.19
160601020,521.0,1469.0,2028,38.0,25.69,72.44
160601021,723.0,1424.0,2212,65.0,32.69,64.38
160601022,365.0,855.0,1251,31.0,29.18,68.35
160601023,492.0,972.0,1505,41.0,32.69,64.58
160601024,916.0,1517.0,2514,81.0,36.44,60.34
160601025,473.0,990.0,1506,43.0,31.41,65.74
160601026,526.0,1306.0,1869,37.0,28.14,69.88
160601027,217.0,914.0,1148,17.0,18.9,79.62
160601028,422.0,1668.0,2145,55.0,19.67,77.76
160601030,79.0,274.0,361,8.0,21.88,75.9
160601034,360.0,1326.0,1725,39.0,20.87,76.87
160601035,450.0,1550.0,2055,55.0,21.9,75.43
160601036,343.0,919.0,1296,34.0,26.47,70.91
160601037,291.0,554.0,867,22.0,33.56,63.9
160601038,428.0,964.0,1435,43.0,29.83,67.18
160601039,955.0,1150.0,2200,95.0,43.41,52.27
160601040,823.0,1306.0,2222,93.0,37.04,58.78
160601041,818.0,1773.0,2649,58.0,30.88,66.93
160601042,1019.0,1240.0,2329,70.0,43.75,53.24
160601043,349.0,353.0,730,28.0,47.81,48.36
160601045,173.0,406.0,589,10.0,29.37,68.93
160601048,392.0,637.0,1068,39.0,36.7,59.64
160601049,425.0,1645.0,2110,40.0,20.14,77.96
160601052,220.0,517.0,758,21.0,29.02,68.21
160601053,265.0,239.0,515,11.0,51.46,46.41
160601058,709.0,1217.0,1976,50.0,35.88,61.59
160601059,54.0,308.0,371,9.0,14.56,83.02
160601060,87.0,192.0,286,7.0,30.42,67.13
160601061,65.0,115.0,183,3.0,35.52,62.84
160601063,97.0,507.0,616,12.0,15.75,82.31
160601065,225.0,289.0,533,19.0,42.21,54.22
160601066,575.0,402.0,999,22.0,57.56,40.24
160601068,70.0,280.0,355,5.0,19.72,78.87
160601070,360.0,312.0,695,23.0,51.8,44.89
160601071,325.0,388.0,734,21.0,44.28,52.86
160601072,115.0,102.0,225,8.0,51.11,45.33
160602001,842.0,873.0,1760,45.0,47.84,49.6
160602002,213.0,183.0,401,5.0,53.12,45.64
160602003,239.0,32.0,275,4.0,86.91,11.64
160602004,182.0,61.0,246,3.0,73.98,24.8
160602005,171.0,35.0,207,1.0,82.61,16.91
160602006,227.0,208.0,452,17.0,50.22,46.02
160602009,283.0,272.0,574,19.0,49.3,47.39
160602010,301.0,133.0,447,13.0,67.34,29.75
160602011,206.0,158.0,369,5.0,55.83,42.82
160603001,152.0,125.0,288,11.0,52.78,43.4
160603002,709.0,695.0,1437,33.0,49.34,48.36
160603003,317.0,125.0,453,11.0,69.98,27.59
160603004,241.0,328.0,590,21.0,40.85,55.59
160603005,61.0,23.0,87,3.0,70.11,26.44
160604001,91.0,108.0,204,5.0,44.61,52.94
160604002,207.0,294.0,517,16.0,40.04,56.87
160604003,570.0,501.0,1114,43.0,51.17,44.97
160604004,241.0,395.0,654,18.0,36.85,60.4
160604005,386.0,376.0,780,18.0,49.49,48.21
160701001,181.0,166.0,349,2.0,51.86,47.56
160701002,176.0,555.0,741,10.0,23.75,74.9
160701003,392.0,1527.0,1943,24.0,20.17,78.59
160701004,310.0,1330.0,1661,21.0,18.66,80.07
160701006,739.0,1720.0,2491,32.0,29.67,69.05
160701007,282.0,785.0,1083,16.0,26.04,72.48
160701008,256.0,738.0,1012,18.0,25.3,72.92
160701009,108.0,261.0,376,7.0,28.72,69.41
160701010,257.0,455.0,726,14.0,35.4,62.67
160701011,116.0,194.0,323,13.0,35.91,60.06
160701012,236.0,145.0,386,5.0,61.14,37.56
160701013,459.0,376.0,846,11.0,54.26,44.44
160701014,223.0,309.0,539,7.0,41.37,57.33
160701016,186.0,544.0,737,7.0,25.24,73.81
160701017,256.0,243.0,507,8.0,50.49,47.93
160701019,177.0,112.0,291,2.0,60.82,38.49
160702001,335.0,322.0,665,8.0,50.38,48.42
160702004,267.0,144.0,413,2.0,64.65,34.87
160702005,111.0,132.0,245,2.0,45.31,53.88
160702006,200.0,61.0,265,4.0,75.47,23.02
160702007,152.0,60.0,214,2.0,71.03,28.04
160703001,184.0,112.0,299,3.0,61.54,37.46
160703003,292.0,473.0,773,8.0,37.77,61.19
160703004,165.0,138.0,308,5.0,53.57,44.81
160704001,269.0,244.0,519,6.0,51.83,47.01
160704002,144.0,127.0,271,0.0,53.14,46.86
160704003,706.0,1043.0,1762,13.0,40.07,59.19
160704004,109.0,293.0,405,3.0,26.91,72.35
160704005,129.0,150.0,281,2.0,45.91,53.38
160704006,143.0,88.0,231,0.0,61.9,38.1
160704007,93.0,54.0,148,1.0,62.84,36.49
160704008,143.0,29.0,177,5.0,80.79,16.38
160705001,196.0,203.0,400,1.0,49.0,50.75
160705002,318.0,332.0,656,6.0,48.48,50.61
160705003,62.0,105.0,168,1.0,36.9,62.5
160705004,59.0,42.0,102,1.0,57.84,41.18
160706001,76.0,218.0,297,3.0,25.59,73.4
160706002,111.0,159.0,277,7.0,40.07,57.4
160706003,257.0,333.0,606,16.0,42.41,54.95
160706004,399.0,425.0,828,4.0,48.19,51.33
160706005,57.0,100.0,160,3.0,35.62,62.5
160706007,159.0,136.0,299,4.0,53.18,45.48
160706008,170.0,119.0,295,6.0,57.63,40.34
160706011,198.0,160.0,361,3.0,54.85,44.32
160706012,89.0,114.0,204,1.0,43.63,55.88
160801001,196.0,499.0,707,12.0,27.72,70.58
160801003,413.0,1342.0,1799,44.0,22.96,74.6
160801004,515.0,1613.0,2174,46.0,23.69,74.2
160801005,118.0,293.0,421,10.0,28.03,69.6
160801006,227.0,1036.0,1290,27.0,17.6,80.31
160801007,124.0,188.0,323,11.0,38.39,58.2
160801008,990.0,1886.0,2963,87.0,33.41,63.65
160801009,262.0,157.0,453,34.0,57.84,34.66
160801010,380.0,622.0,1033,31.0,36.79,60.21
160801011,524.0,1089.0,1661,48.0,31.55,65.56
160801012,326.0,924.0,1279,29.0,25.49,72.24
160801013,138.0,665.0,814,11.0,16.95,81.7
160801014,307.0,934.0,1281,40.0,23.97,72.91
160801015,201.0,919.0,1138,18.0,17.66,80.76
160801016,155.0,749.0,923,19.0,16.79,81.15
160801017,110.0,325.0,442,7.0,24.89,73.53
160801018,120.0,837.0,969,12.0,12.38,86.38
160801020,210.0,263.0,495,22.0,42.42,53.13
160801021,462.0,488.0,967,17.0,47.78,50.47
160801022,187.0,249.0,441,5.0,42.4,56.46
160801024,283.0,108.0,405,14.0,69.88,26.67
160801026,134.0,413.0,564,17.0,23.76,73.23
160801027,102.0,167.0,292,23.0,34.93,57.19
160802001,181.0,154.0,348,13.0,52.01,44.25
160802002,865.0,1378.0,2288,45.0,37.81,60.23
160802003,166.0,335.0,516,15.0,32.17,64.92
160802005,179.0,571.0,765,15.0,23.4,74.64
160802006,96.0,81.0,179,2.0,53.63,45.25
160802007,98.0,53.0,151,0.0,64.9,35.1
160803001,651.0,559.0,1274,64.0,51.1,43.88
160803003,65.0,85.0,161,11.0,40.37,52.8
160803004,81.0,144.0,237,12.0,34.18,60.76
160803009,119.0,66.0,203,18.0,58.62,32.51
160803010,130.0,65.0,208,13.0,62.5,31.25
160804001,87.0,347.0,441,7.0,19.73,78.68
160804002,306.0,725.0,1061,30.0,28.84,68.33
160804004,107.0,108.0,225,10.0,47.56,48.0
160804005,51.0,82.0,144,11.0,35.42,56.94
160901001,121.0,452.0,589,16.0,20.54,76.74
160901002,355.0,1471.0,1866,40.0,19.02,78.83
160901003,126.0,226.0,356,4.0,35.39,63.48
160901004,200.0,598.0,811,13.0,24.66,73.74
160901006,230.0,229.0,467,8.0,49.25,49.04
160901007,65.0,121.0,194,8.0,33.51,62.37
160901008,75.0,73.0,150,2.0,50.0,48.67
160901009,173.0,203.0,383,7.0,45.17,53.0
160901010,143.0,159.0,306,4.0,46.73,51.96
160901011,114.0,145.0,263,4.0,43.35,55.13
160901012,414.0,455.0,877,8.0,47.21,51.88
160901013,211.0,252.0,473,10.0,44.61,53.28
160901014,218.0,180.0,413,15.0,52.78,43.58
160901015,148.0,260.0,426,18.0,34.74,61.03
160901017,164.0,516.0,689,9.0,23.8,74.89
160901018,210.0,187.0,406,9.0,51.72,46.06
160901019,130.0,141.0,278,7.0,46.76,50.72
160901020,299.0,489.0,809,21.0,36.96,60.44
160901021,147.0,200.0,355,8.0,41.41,56.34
160901022,234.0,142.0,382,6.0,61.26,37.17
160901023,128.0,100.0,231,3.0,55.41,43.29
160901024,65.0,163.0,232,4.0,28.02,70.26
160901025,156.0,292.0,454,6.0,34.36,64.32
160901026,125.0,472.0,602,5.0,20.76,78.41
160902001,296.0,418.0,732,18.0,40.44,57.1
160902002,206.0,160.0,374,8.0,55.08,42.78
160902003,403.0,427.0,845,15.0,47.69,50.53
160902004,59.0,84.0,147,4.0,40.14,57.14
160902005,195.0,108.0,306,3.0,63.73,35.29
161001001,542.0,1204.0,1781,35.0,30.43,67.6
161001002,308.0,595.0,922,19.0,33.41,64.53
161001003,369.0,567.0,963,27.0,38.32,58.88
161001004,466.0,667.0,1157,24.0,40.28,57.65
161001005,100.0,168.0,272,4.0,36.76,61.76
161001009,215.0,309.0,535,11.0,40.19,57.76
161001010,198.0,209.0,423,16.0,46.81,49.41
161001011,249.0,220.0,479,10.0,51.98,45.93
161001013,187.0,167.0,374,20.0,50.0,44.65
161001014,314.0,670.0,1002,18.0,31.34,66.87
161001015,119.0,45.0,169,5.0,70.41,26.63
161001016,123.0,255.0,393,15.0,31.3,64.89
161001019,118.0,256.0,378,4.0,31.22,67.72
161101001,292.0,962.0,1284,30.0,22.74,74.92
161101002,76.0,166.0,248,6.0,30.65,66.94
161101003,317.0,978.0,1328,33.0,23.87,73.64
161101005,132.0,116.0,261,13.0,50.57,44.44
161102001,222.0,49.0,274,3.0,81.02,17.88
161102002,333.0,273.0,625,19.0,53.28,43.68
161102003,66.0,73.0,142,3.0,46.48,51.41
161102004,314.0,274.0,598,10.0,52.51,45.82
161102005,54.0,67.0,124,3.0,43.55,54.03
161102006,126.0,149.0,288,13.0,43.75,51.74
161102007,335.0,500.0,853,18.0,39.27,58.62
161102008,368.0,508.0,914,38.0,40.26,55.58
161102009,172.0,122.0,301,7.0,57.14,40.53
161102010,136.0,175.0,316,5.0,43.04,55.38
161102011,250.0,202.0,460,8.0,54.35,43.91
161102012,95.0,105.0,208,8.0,45.67,50.48
161102013,67.0,171.0,240,2.0,27.92,71.25
161102014,67.0,73.0,149,9.0,44.97,48.99
161201001,379.0,988.0,1390,23.0,27.27,71.08
161201002,113.0,142.0,261,6.0,43.3,54.41
161201003,317.0,511.0,840,12.0,37.74,60.83
161201004,580.0,1206.0,1827,41.0,31.75,66.01
161201005,118.0,299.0,427,10.0,27.63,70.02
161201006,203.0,311.0,532,18.0,38.16,58.46
161201007,395.0,494.0,902,13.0,43.79,54.77
161201008,279.0,700.0,1006,27.0,27.73,69.58
161201009,203.0,245.0,463,15.0,43.84,52.92
161201010,157.0,133.0,297,7.0,52.86,44.78
161202001,558.0,892.0,1468,18.0,38.01,60.76
161202002,217.0,376.0,613,20.0,35.4,61.34
161202004,96.0,174.0,276,6.0,34.78,63.04
161202005,125.0,148.0,278,5.0,44.96,53.24
161202008,246.0,319.0,575,10.0,42.78,55.48
161202009,113.0,160.0,275,2.0,41.09,58.18
161202010,69.0,58.0,132,5.0,52.27,43.94
161202011,174.0,126.0,309,9.0,56.31,40.78
161301001,178.0,306.0,491,7.0,36.25,62.32
161301005,377.0,571.0,971,23.0,38.83,58.81
161301006,256.0,340.0,607,11.0,42.17,56.01
161301007,209.0,229.0,453,15.0,46.14,50.55
161301009,298.0,289.0,600,13.0,49.67,48.17
161302001,321.0,513.0,855,21.0,37.54,60.0
161303001,379.0,622.0,1032,31.0,36.72,60.27
161303002,148.0,142.0,297,7.0,49.83,47.81
161401001,432.0,1190.0,1666,44.0,25.93,71.43
161401002,60.0,146.0,207,1.0,28.99,70.53
161401003,204.0,265.0,474,5.0,43.04,55.91
161401004,45.0,124.0,175,6.0,25.71,70.86
161401005,161.0,148.0,316,7.0,50.95,46.84
161401006,235.0,728.0,985,22.0,23.86,73.91
161401007,270.0,466.0,753,17.0,35.86,61.89
161401008,258.0,440.0,712,14.0,36.24,61.8
161401009,278.0,272.0,558,8.0,49.82,48.75
161401010,76.0,60.0,138,2.0,55.07,43.48
161401011,190.0,100.0,294,4.0,64.63,34.01
161401012,178.0,215.0,409,16.0,43.52,52.57
161401013,365.0,503.0,892,24.0,40.92,56.39
161401014,167.0,521.0,695,7.0,24.03,74.96
161401015,40.0,73.0,118,5.0,33.9,61.86
161401016,52.0,37.0,89,0.0,58.43,41.57
161402001,200.0,184.0,397,13.0,50.38,46.35
161402002,429.0,743.0,1194,22.0,35.93,62.23
161402003,150.0,67.0,219,2.0,68.49,30.59
161402004,54.0,105.0,168,9.0,32.14,62.5
161402005,125.0,86.0,219,8.0,57.08,39.27
161402006,74.0,54.0,135,7.0,54.81,40.0
170101002,390.0,234.0,635,11.0,61.42,36.85
170101003,698.0,650.0,1367,19.0,51.06,47.55
170101004,580.0,915.0,1522,27.0,38.11,60.12
170101005,223.0,142.0,373,8.0,59.79,38.07
170101006,218.0,370.0,599,11.0,36.39,61.77
170101007,206.0,180.0,393,7.0,52.42,45.8
170101008,162.0,129.0,295,4.0,54.92,43.73
170101009,163.0,74.0,247,10.0,65.99,29.96
170101010,153.0,50.0,205,2.0,74.63,24.39
170101011,81.0,125.0,207,1.0,39.13,60.39
170101012,155.0,26.0,182,1.0,85.16,14.29
170101013,93.0,15.0,108,0.0,86.11,13.89
170101014,107.0,31.0,139,1.0,76.98,22.3
170101015,218.0,179.0,412,15.0,52.91,43.45
170101016,150.0,41.0,196,5.0,76.53,20.92
170101017,148.0,96.0,249,5.0,59.44,38.55
170101018,168.0,91.0,261,2.0,64.37,34.87
170101019,96.0,30.0,128,2.0,75.0,23.44
170101020,101.0,35.0,140,4.0,72.14,25.0
170101021,122.0,60.0,189,7.0,64.55,31.75
170101022,275.0,60.0,343,8.0,80.17,17.49
170101024,360.0,385.0,762,17.0,47.24,50.52
170101027,151.0,97.0,259,11.0,58.3,37.45
170101028,105.0,141.0,249,3.0,42.17,56.63
170101029,117.0,55.0,174,2.0,67.24,31.61
170101030,314.0,307.0,630,9.0,49.84,48.73
170101031,30.0,50.0,81,1.0,37.04,61.73
170101032,145.0,96.0,245,4.0,59.18,39.18
170101036,120.0,61.0,188,7.0,63.83,32.45
170101038,145.0,80.0,229,4.0,63.32,34.93
170102001,171.0,49.0,221,1.0,77.38,22.17
170102002,415.0,455.0,878,8.0,47.27,51.82
170102003,149.0,100.0,250,1.0,59.6,40.0
170102004,117.0,162.0,285,6.0,41.05,56.84
170102005,35.0,49.0,87,3.0,40.23,56.32
170102007,10.0,22.0,32,0.0,31.25,68.75
170102008,56.0,29.0,86,1.0,65.12,33.72
170103001,146.0,274.0,439,19.0,33.26,62.41
170103002,261.0,354.0,621,6.0,42.03,57.0
170103003,59.0,61.0,125,5.0,47.2,48.8
170103004,201.0,288.0,495,6.0,40.61,58.18
170103005,210.0,201.0,415,4.0,50.6,48.43
170103007,125.0,63.0,190,2.0,65.79,33.16
170104001,682.0,838.0,1543,23.0,44.2,54.31
170104002,742.0,987.0,1756,27.0,42.26,56.21
170104003,319.0,192.0,520,9.0,61.35,36.92
170105001,109.0,53.0,165,3.0,66.06,32.12
170105002,12.0,28.0,42,2.0,28.57,66.67
170105003,87.0,262.0,351,2.0,24.79,74.64
170201001,447.0,473.0,939,19.0,47.6,50.37
170201002,299.0,465.0,782,18.0,38.24,59.46
170201003,105.0,64.0,172,3.0,61.05,37.21
170201007,103.0,80.0,185,2.0,55.68,43.24
170201009,54.0,64.0,123,5.0,43.9,52.03
170201014,108.0,92.0,201,1.0,53.73,45.77
170201021,93.0,56.0,150,1.0,62.0,37.33
170201023,211.0,147.0,365,7.0,57.81,40.27
170201025,445.0,644.0,1112,23.0,40.02,57.91
170201028,65.0,32.0,97,0.0,67.01,32.99
170201030,163.0,45.0,211,3.0,77.25,21.33
170201038,126.0,81.0,209,2.0,60.29,38.76
170202001,557.0,543.0,1116,16.0,49.91,48.66
170203001,491.0,561.0,1066,14.0,46.06,52.63
170204001,210.0,117.0,331,4.0,63.44,35.35
170204002,262.0,186.0,457,9.0,57.33,40.7
170204004,115.0,52.0,175,8.0,65.71,29.71
170204005,111.0,42.0,156,3.0,71.15,26.92
170205001,447.0,326.0,781,8.0,57.23,41.74
170205002,286.0,129.0,420,5.0,68.1,30.71
170205006,42.0,3.0,45,0.0,93.33,6.67
170205007,179.0,17.0,198,2.0,90.4,8.59
170206001,542.0,553.0,1115,20.0,48.61,49.6
170301001,568.0,931.0,1539,40.0,36.91,60.49
170301002,845.0,1569.0,2469,55.0,34.22,63.55
170301003,323.0,218.0,549,8.0,58.83,39.71
170301004,420.0,509.0,950,21.0,44.21,53.58
170301005,630.0,1059.0,1723,34.0,36.56,61.46
170301006,573.0,1031.0,1658,54.0,34.56,62.18
170301007,582.0,1064.0,1686,40.0,34.52,63.11
170301008,412.0,989.0,1421,20.0,28.99,69.6
170301009,163.0,522.0,701,16.0,23.25,74.47
170301010,821.0,1431.0,2297,45.0,35.74,62.3
170301011,258.0,236.0,502,8.0,51.39,47.01
170301012,806.0,1475.0,2337,56.0,34.49,63.12
170301013,425.0,745.0,1212,42.0,35.07,61.47
170301014,120.0,72.0,200,8.0,60.0,36.0
170301015,358.0,154.0,519,7.0,68.98,29.67
170301016,228.0,173.0,418,17.0,54.55,41.39
170301017,637.0,1141.0,1812,34.0,35.15,62.97
170301018,233.0,327.0,575,15.0,40.52,56.87
170301020,223.0,361.0,604,20.0,36.92,59.77
170301022,131.0,77.0,215,7.0,60.93,35.81
170301023,185.0,343.0,536,8.0,34.51,63.99
170301024,426.0,489.0,944,29.0,45.13,51.8
170301026,576.0,778.0,1376,22.0,41.86,56.54
170301027,530.0,624.0,1188,34.0,44.61,52.53
170301032,219.0,202.0,433,12.0,50.58,46.65
170301033,173.0,171.0,349,5.0,49.57,49.0
170301034,132.0,195.0,331,4.0,39.88,58.91
170301035,194.0,118.0,319,7.0,60.82,36.99
170301039,262.0,246.0,518,10.0,50.58,47.49
170302001,295.0,506.0,820,19.0,35.98,61.71
170302002,176.0,349.0,539,14.0,32.65,64.75
170302003,345.0,516.0,876,15.0,39.38,58.9
170302004,438.0,797.0,1259,24.0,34.79,63.3
170302005,99.0,373.0,479,7.0,20.67,77.87
170302006,736.0,939.0,1718,43.0,42.84,54.66
170302007,237.0,549.0,796,10.0,29.77,68.97
170302008,130.0,179.0,326,17.0,39.88,54.91
170302009,398.0,509.0,922,15.0,43.17,55.21
170302010,306.0,112.0,420,2.0,72.86,26.67
170302012,208.0,484.0,704,12.0,29.55,68.75
170302013,512.0,695.0,1247,40.0,41.06,55.73
170302014,108.0,346.0,467,13.0,23.13,74.09
170302015,167.0,232.0,410,11.0,40.73,56.59
170302016,61.0,251.0,321,9.0,19.0,78.19
170302017,167.0,230.0,400,3.0,41.75,57.5
170302019,275.0,305.0,592,12.0,46.45,51.52
170302021,337.0,279.0,628,12.0,53.66,44.43
170303001,368.0,743.0,1139,28.0,32.31,65.23
170303003,352.0,779.0,1155,24.0,30.48,67.45
170303005,173.0,114.0,288,1.0,60.07,39.58
170304001,458.0,719.0,1211,34.0,37.82,59.37
170304002,696.0,939.0,1669,34.0,41.7,56.26
170304003,424.0,1094.0,1546,28.0,27.43,70.76
170304004,412.0,641.0,1086,33.0,37.94,59.02
170304005,851.0,1344.0,2259,64.0,37.67,59.5
170304006,282.0,245.0,539,12.0,52.32,45.45
170304007,351.0,465.0,840,24.0,41.79,55.36
170304010,465.0,235.0,725,25.0,64.14,32.41
170304011,388.0,416.0,822,18.0,47.2,50.61
170304012,473.0,506.0,1010,31.0,46.83,50.1
170304015,444.0,325.0,781,12.0,56.85,41.61
170304016,451.0,501.0,982,30.0,45.93,51.02
170304018,211.0,318.0,537,8.0,39.29,59.22
170304019,324.0,390.0,728,14.0,44.51,53.57
170304020,291.0,223.0,524,10.0,55.53,42.56
170305001,589.0,968.0,1578,21.0,37.33,61.34
170305003,229.0,198.0,435,8.0,52.64,45.52
170305004,81.0,34.0,116,1.0,69.83,29.31
170401001,465.0,644.0,1124,15.0,41.37,57.3
170401002,377.0,662.0,1055,16.0,35.73,62.75
170401003,242.0,127.0,378,9.0,64.02,33.6
170401005,292.0,142.0,442,8.0,66.06,32.13
170401006,135.0,53.0,193,5.0,69.95,27.46
170401007,282.0,141.0,437,14.0,64.53,32.27
170401008,178.0,49.0,228,1.0,78.07,21.49
170401009,80.0,9.0,92,3.0,86.96,9.78
170401010,106.0,44.0,161,11.0,65.84,27.33
170401011,125.0,13.0,144,6.0,86.81,9.03
170401012,81.0,11.0,93,1.0,87.1,11.83
170401013,77.0,39.0,119,3.0,64.71,32.77
170401014,139.0,59.0,200,2.0,69.5,29.5
170401016,346.0,263.0,624,15.0,55.45,42.15
170401017,100.0,20.0,121,1.0,82.64,16.53
170401019,199.0,124.0,330,7.0,60.3,37.58
170402001,511.0,395.0,925,19.0,55.24,42.7
170402002,53.0,15.0,69,1.0,76.81,21.74
170402003,82.0,51.0,133,0.0,61.65,38.35
170402004,53.0,18.0,72,1.0,73.61,25.0
170402005,192.0,116.0,316,8.0,60.76,36.71
170402006,202.0,51.0,256,3.0,78.91,19.92
170402007,67.0,62.0,133,4.0,50.38,46.62
170402008,66.0,60.0,130,4.0,50.77,46.15
170402009,99.0,54.0,155,2.0,63.87,34.84
170402010,30.0,34.0,65,1.0,46.15,52.31
170402011,112.0,50.0,165,3.0,67.88,30.3
170402012,210.0,95.0,309,4.0,67.96,30.74
170402013,33.0,19.0,52,0.0,63.46,36.54
170403001,568.0,243.0,825,14.0,68.85,29.45
170403002,280.0,135.0,423,8.0,66.19,31.91
170403005,137.0,21.0,160,2.0,85.62,13.12
170403006,121.0,99.0,225,5.0,53.78,44.0
170403007,73.0,28.0,102,1.0,71.57,27.45
170501001,896.0,774.0,1703,33.0,52.61,45.45
170501003,327.0,239.0,571,5.0,57.27,41.86
170501004,191.0,143.0,341,7.0,56.01,41.94
170501005,283.0,268.0,563,12.0,50.27,47.6
170501006,162.0,40.0,212,10.0,76.42,18.87
170501007,273.0,96.0,372,3.0,73.39,25.81
170501008,434.0,153.0,602,15.0,72.09,25.42
170501009,242.0,45.0,288,1.0,84.03,15.62
170501010,216.0,120.0,344,8.0,62.79,34.88
170501011,81.0,39.0,122,2.0,66.39,31.97
170501013,87.0,59.0,149,3.0,58.39,39.6
170501014,249.0,31.0,281,1.0,88.61,11.03
170502001,835.0,594.0,1460,31.0,57.19,40.68
170502002,219.0,115.0,339,5.0,64.6,33.92
170502003,109.0,109.0,222,4.0,49.1,49.1
170502004,120.0,13.0,135,2.0,88.89,9.63
170503001,478.0,149.0,638,11.0,74.92,23.35
170503002,238.0,61.0,300,1.0,79.33,20.33
170504001,418.0,202.0,630,10.0,66.35,32.06
170504002,113.0,44.0,159,2.0,71.07,27.67
170504003,149.0,54.0,205,2.0,72.68,26.34
170505001,188.0,108.0,302,6.0,62.25,35.76
170505002,319.0,360.0,687,8.0,46.43,52.4
170505003,193.0,45.0,242,4.0,79.75,18.6
170601001,380.0,997.0,1392,15.0,27.3,71.62
170601002,200.0,652.0,869,17.0,23.01,75.03
170601003,234.0,525.0,768,9.0,30.47,68.36
170601004,233.0,307.0,553,13.0,42.13,55.52
170601006,237.0,230.0,471,4.0,50.32,48.83
170601008,77.0,70.0,152,5.0,50.66,46.05
170601011,108.0,272.0,387,7.0,27.91,70.28
170601012,126.0,381.0,519,12.0,24.28,73.41
170601013,88.0,140.0,230,2.0,38.26,60.87
170601014,89.0,130.0,222,3.0,40.09,58.56
170601015,231.0,305.0,548,12.0,42.15,55.66
170601016,356.0,572.0,970,42.0,36.7,58.97
170601017,104.0,161.0,267,2.0,38.95,60.3
170601018,139.0,216.0,358,3.0,38.83,60.34
170601019,77.0,114.0,197,6.0,39.09,57.87
170601020,111.0,164.0,279,4.0,39.78,58.78
170701001,533.0,496.0,1042,13.0,51.15,47.6
170701002,1252.0,1167.0,2484,65.0,50.4,46.98
170701003,174.0,193.0,374,7.0,46.52,51.6
170701004,1030.0,701.0,1758,27.0,58.59,39.87
170701005,588.0,596.0,1201,17.0,48.96,49.63
170701006,296.0,79.0,383,8.0,77.28,20.63
170701007,379.0,208.0,596,9.0,63.59,34.9
170701008,319.0,103.0,428,6.0,74.53,24.07
170701009,350.0,141.0,503,12.0,69.58,28.03
170701012,1480.0,796.0,2324,48.0,63.68,34.25
170702001,1131.0,656.0,1820,33.0,62.14,36.04
170702002,194.0,25.0,222,3.0,87.39,11.26
170702003,128.0,5.0,133,0.0,96.24,3.76
170702004,110.0,64.0,178,4.0,61.8,35.96
170702005,733.0,350.0,1102,19.0,66.52,31.76
170703001,800.0,605.0,1431,26.0,55.9,42.28
170703002,662.0,131.0,814,21.0,81.33,16.09
170703003,104.0,71.0,180,5.0,57.78,39.44
170703004,199.0,139.0,354,16.0,56.21,39.27
170703005,105.0,90.0,199,4.0,52.76,45.23
170703006,152.0,20.0,174,2.0,87.36,11.49
170703007,453.0,311.0,777,13.0,58.3,40.03
170703008,62.0,11.0,75,2.0,82.67,14.67
170703009,95.0,42.0,145,8.0,65.52,28.97
170704001,720.0,552.0,1291,19.0,55.77,42.76
170704002,589.0,464.0,1075,22.0,54.79,43.16
170704003,74.0,54.0,133,5.0,55.64,40.6
170704005,27.0,48.0,80,5.0,33.75,60.0
170704007,96.0,66.0,167,5.0,57.49,39.52
170705001,572.0,266.0,859,21.0,66.59,30.97
170705002,350.0,148.0,505,7.0,69.31,29.31
170705003,588.0,137.0,740,15.0,79.46,18.51
170705005,273.0,120.0,401,8.0,68.08,29.93
170705006,473.0,69.0,549,7.0,86.16,12.57
170706001,167.0,32.0,200,1.0,83.5,16.0
170706002,1305.0,738.0,2088,45.0,62.5,35.34
170706003,153.0,42.0,196,1.0,78.06,21.43
170706004,102.0,42.0,146,2.0,69.86,28.77
170801001,622.0,779.0,1425,24.0,43.65,54.67
170801002,408.0,450.0,891,33.0,45.79,50.51
170801003,242.0,249.0,500,9.0,48.4,49.8
170801004,510.0,322.0,841,9.0,60.64,38.29
170801005,302.0,145.0,450,3.0,67.11,32.22
170801006,230.0,64.0,298,4.0,77.18,21.48
170801007,376.0,253.0,641,12.0,58.66,39.47
170801008,161.0,102.0,265,2.0,60.75,38.49
170801009,239.0,335.0,582,8.0,41.07,57.56
170801010,505.0,524.0,1036,7.0,48.75,50.58
170801011,375.0,132.0,518,11.0,72.39,25.48
170801013,189.0,115.0,308,4.0,61.36,37.34
170801014,423.0,267.0,717,27.0,59.0,37.24
170801015,193.0,126.0,337,18.0,57.27,37.39
170801016,181.0,285.0,475,9.0,38.11,60.0
170801017,231.0,271.0,520,18.0,44.42,52.12
170801018,421.0,359.0,794,14.0,53.02,45.21
170801019,381.0,375.0,779,23.0,48.91,48.14
170801020,181.0,103.0,291,7.0,62.2,35.4
170801021,490.0,408.0,918,20.0,53.38,44.44
170801022,598.0,254.0,869,17.0,68.81,29.23
170801023,139.0,45.0,184,0.0,75.54,24.46
170801024,153.0,161.0,320,6.0,47.81,50.31
170801025,68.0,46.0,120,6.0,56.67,38.33
170801026,540.0,315.0,877,22.0,61.57,35.92
170801028,216.0,156.0,379,7.0,56.99,41.16
170801029,99.0,79.0,182,4.0,54.4,43.41
170801030,93.0,44.0,141,4.0,65.96,31.21
170802001,388.0,203.0,602,11.0,64.45,33.72
170802002,403.0,334.0,748,11.0,53.88,44.65
170802004,541.0,513.0,1088,34.0,49.72,47.15
170802005,238.0,101.0,342,3.0,69.59,29.53
170802006,214.0,155.0,375,6.0,57.07,41.33
170802007,74.0,89.0,165,2.0,44.85,53.94
170802008,90.0,12.0,104,2.0,86.54,11.54
170802009,94.0,5.0,102,3.0,92.16,4.9
170802010,136.0,51.0,191,4.0,71.2,26.7
170802011,112.0,46.0,158,0.0,70.89,29.11
170802013,31.0,105.0,138,2.0,22.46,76.09
170802014,76.0,17.0,95,2.0,80.0,17.89
170803001,383.0,472.0,869,14.0,44.07,54.32
170803002,150.0,75.0,230,5.0,65.22,32.61
170803003,200.0,174.0,380,6.0,52.63,45.79
170803004,108.0,49.0,158,1.0,68.35,31.01
170803005,269.0,133.0,418,16.0,64.35,31.82
170803006,164.0,103.0,269,2.0,60.97,38.29
170803007,50.0,22.0,74,2.0,67.57,29.73
170804001,256.0,130.0,393,7.0,65.14,33.08
170804002,189.0,101.0,294,4.0,64.29,34.35
170804003,72.0,44.0,117,1.0,61.54,37.61
170805001,219.0,197.0,433,17.0,50.58,45.5
170805002,174.0,276.0,460,10.0,37.83,60.0
170805003,446.0,253.0,709,10.0,62.91,35.68
170805004,76.0,90.0,170,4.0,44.71,52.94
170805006,150.0,121.0,280,9.0,53.57,43.21
170805007,155.0,70.0,228,3.0,67.98,30.7
170805009,109.0,110.0,224,5.0,48.66,49.11
170805010,99.0,61.0,165,5.0,60.0,36.97
170901001,283.0,483.0,786,20.0,36.01,61.45
170901004,327.0,470.0,827,30.0,39.54,56.83
170901005,436.0,554.0,1024,34.0,42.58,54.1
170901006,523.0,645.0,1211,43.0,43.19,53.26
170901007,215.0,281.0,507,11.0,42.41,55.42
170901008,362.0,504.0,891,25.0,40.63,56.57
170901009,404.0,615.0,1044,25.0,38.7,58.91
170901010,803.0,1630.0,2497,64.0,32.16,65.28
170901011,632.0,860.0,1531,39.0,41.28,56.17
170901012,593.0,1238.0,1887,56.0,31.43,65.61
170901013,359.0,657.0,1047,31.0,34.29,62.75
170901014,504.0,997.0,1549,48.0,32.54,64.36
170901015,555.0,1195.0,1789,39.0,31.02,66.8
170901017,836.0,1432.0,2339,71.0,35.74,61.22
170901018,1251.0,1955.0,3295,89.0,37.97,59.33
170901020,471.0,1010.0,1523,42.0,30.93,66.32
170901022,296.0,412.0,723,15.0,40.94,56.98
170901023,945.0,911.0,1902,46.0,49.68,47.9
170901024,344.0,500.0,868,24.0,39.63,57.6
170901025,1024.0,2023.0,3129,82.0,32.73,64.65
170901026,437.0,461.0,930,32.0,46.99,49.57
170901028,599.0,791.0,1430,40.0,41.89,55.31
170901029,515.0,735.0,1304,54.0,39.49,56.37
170901032,891.0,1645.0,2605,69.0,34.2,63.15
170901033,303.0,244.0,562,15.0,53.91,43.42
170901035,608.0,1302.0,1979,69.0,30.72,65.79
170901037,299.0,320.0,632,13.0,47.31,50.63
170901038,412.0,430.0,862,20.0,47.8,49.88
170901039,378.0,449.0,848,21.0,44.58,52.95
170901040,139.0,198.0,348,11.0,39.94,56.9
170901041,271.0,388.0,681,22.0,39.79,56.98
170901042,151.0,268.0,432,13.0,34.95,62.04
170901043,171.0,236.0,419,12.0,40.81,56.32
170901044,562.0,578.0,1182,42.0,47.55,48.9
170901046,875.0,1274.0,2206,57.0,39.66,57.75
170901047,289.0,263.0,580,28.0,49.83,45.34
170901048,536.0,588.0,1157,33.0,46.33,50.82
170901049,433.0,364.0,830,33.0,52.17,43.86
170901050,687.0,944.0,1677,46.0,40.97,56.29
170901051,582.0,1709.0,2344,53.0,24.83,72.91
170901052,126.0,151.0,287,10.0,43.9,52.61
170901055,619.0,916.0,1601,66.0,38.66,57.21
170901059,372.0,479.0,877,26.0,42.42,54.62
170901063,252.0,360.0,623,11.0,40.45,57.78
170901069,341.0,294.0,672,37.0,50.74,43.75
170901075,385.0,361.0,764,18.0,50.39,47.25
170901076,261.0,138.0,413,14.0,63.2,33.41
170901078,248.0,128.0,394,18.0,62.94,32.49
170901079,239.0,250.0,513,24.0,46.59,48.73
170901080,346.0,248.0,616,22.0,56.17,40.26
170901081,426.0,388.0,843,29.0,50.53,46.03
170901082,603.0,450.0,1095,42.0,55.07,41.1
170901083,338.0,138.0,490,14.0,68.98,28.16
170901084,326.0,245.0,587,16.0,55.54,41.74
170901085,87.0,65.0,157,5.0,55.41,41.4
170902001,186.0,307.0,506,13.0,36.76,60.67
170902002,156.0,213.0,379,10.0,41.16,56.2
170902004,261.0,802.0,1079,16.0,24.19,74.33
170902005,200.0,227.0,439,12.0,45.56,51.71
170902006,297.0,300.0,621,24.0,47.83,48.31
170902007,475.0,810.0,1312,27.0,36.2,61.74
170902008,349.0,623.0,996,24.0,35.04,62.55
170902009,1013.0,1050.0,2133,70.0,47.49,49.23
170902010,275.0,1106.0,1414,33.0,19.45,78.22
170902011,768.0,1192.0,2002,42.0,38.36,59.54
170902012,588.0,695.0,1302,19.0,45.16,53.38
170902013,384.0,384.0,789,21.0,48.67,48.67
170902016,264.0,233.0,523,26.0,50.48,44.55
170902018,1155.0,803.0,2057,99.0,56.15,39.04
170902019,374.0,244.0,639,21.0,58.53,38.18
170902020,270.0,121.0,405,14.0,66.67,29.88
170902022,111.0,164.0,284,9.0,39.08,57.75
170902023,147.0,107.0,258,4.0,56.98,41.47
170902024,187.0,83.0,278,8.0,67.27,29.86
170902025,160.0,103.0,272,9.0,58.82,37.87
170902027,202.0,77.0,302,23.0,66.89,25.5
170903001,181.0,312.0,510,17.0,35.49,61.18
170903002,172.0,301.0,489,16.0,35.17,61.55
170903003,386.0,669.0,1082,27.0,35.67,61.83
170903004,254.0,699.0,1002,49.0,25.35,69.76
170903005,814.0,704.0,1565,47.0,52.01,44.98
170903006,793.0,1289.0,2137,55.0,37.11,60.32
170903007,750.0,1075.0,1870,45.0,40.11,57.49
170903008,391.0,766.0,1184,27.0,33.02,64.7
170903009,390.0,603.0,1025,32.0,38.05,58.83
170903010,888.0,1259.0,2200,53.0,40.36,57.23
170903011,529.0,464.0,1028,35.0,51.46,45.14
170903012,490.0,1208.0,1754,56.0,27.94,68.87
170903013,130.0,264.0,400,6.0,32.5,66.0
170903014,162.0,368.0,549,19.0,29.51,67.03
170903015,494.0,547.0,1078,37.0,45.83,50.74
170903016,703.0,807.0,1558,48.0,45.12,51.8
170903017,428.0,610.0,1059,21.0,40.42,57.6
170903019,870.0,1366.0,2317,81.0,37.55,58.96
170903020,463.0,698.0,1204,43.0,38.46,57.97
170903021,558.0,739.0,1339,42.0,41.67,55.19
170903022,616.0,1792.0,2485,77.0,24.79,72.11
170903023,354.0,1192.0,1589,43.0,22.28,75.02
170903024,280.0,449.0,754,25.0,37.14,59.55
170903026,73.0,107.0,185,5.0,39.46,57.84
170903027,379.0,418.0,822,25.0,46.11,50.85
170903028,369.0,512.0,906,25.0,40.73,56.51
170903029,494.0,386.0,915,35.0,53.99,42.19
170903030,108.0,265.0,379,6.0,28.5,69.92
170903031,177.0,236.0,430,17.0,41.16,54.88
170903032,136.0,112.0,262,14.0,51.91,42.75
170903037,210.0,195.0,418,13.0,50.24,46.65
170903038,500.0,324.0,846,22.0,59.1,38.3
170903039,254.0,63.0,323,6.0,78.64,19.5
170904001,371.0,383.0,777,23.0,47.75,49.29
170904003,283.0,914.0,1215,18.0,23.29,75.23
170904004,2009.0,1823.0,3968,136.0,50.63,45.94
170904006,219.0,819.0,1057,19.0,20.72,77.48
170904007,312.0,1478.0,1819,29.0,17.15,81.25
170904008,251.0,460.0,729,18.0,34.43,63.1
170904010,591.0,881.0,1514,42.0,39.04,58.19
170904011,476.0,1552.0,2067,39.0,23.03,75.08
170904012,945.0,1245.0,2254,64.0,41.93,55.24
170904013,880.0,1764.0,2701,57.0,32.58,65.31
170904015,296.0,428.0,750,26.0,39.47,57.07
170904016,191.0,245.0,457,21.0,41.79,53.61
170904017,615.0,461.0,1103,27.0,55.76,41.8
170904018,113.0,262.0,376,1.0,30.05,69.68
170904019,237.0,369.0,611,5.0,38.79,60.39
170904020,676.0,1693.0,2418,49.0,27.96,70.02
170904021,204.0,303.0,515,8.0,39.61,58.83
170904022,220.0,733.0,969,16.0,22.7,75.64
170904023,435.0,486.0,957,36.0,45.45,50.78
170904024,259.0,284.0,562,19.0,46.09,50.53
170904025,247.0,176.0,440,17.0,56.14,40.0
170904026,197.0,84.0,290,9.0,67.93,28.97
170905001,1031.0,618.0,1699,50.0,60.68,36.37
170905002,466.0,341.0,840,33.0,55.48,40.6
170905003,367.0,302.0,696,27.0,52.73,43.39
170905004,372.0,150.0,540,18.0,68.89,27.78
170905005,116.0,40.0,157,1.0,73.89,25.48
170905006,263.0,183.0,459,13.0,57.3,39.87
170905007,296.0,207.0,522,19.0,56.7,39.66
170905008,310.0,215.0,543,18.0,57.09,39.59
170905009,63.0,65.0,135,7.0,46.67,48.15
170905010,164.0,82.0,246,0.0,66.67,33.33
170905012,119.0,107.0,232,6.0,51.29,46.12
170905013,182.0,65.0,255,8.0,71.37,25.49
170905014,99.0,30.0,131,2.0,75.57,22.9
170905015,109.0,52.0,166,5.0,65.66,31.33
170905018,71.0,28.0,102,3.0,69.61,27.45
170906001,391.0,688.0,1118,39.0,34.97,61.54
170906002,342.0,212.0,592,38.0,57.77,35.81
170906003,173.0,366.0,561,22.0,30.84,65.24
170906004,251.0,397.0,685,37.0,36.64,57.96
170906006,245.0,147.0,408,16.0,60.05,36.03
170906008,284.0,207.0,509,18.0,55.8,40.67
170906010,119.0,73.0,199,7.0,59.8,36.68
170906011,87.0,31.0,126,8.0,69.05,24.6
170907001,711.0,784.0,1536,41.0,46.29,51.04
170907002,859.0,1164.0,2087,64.0,41.16,55.77
170907003,229.0,184.0,429,16.0,53.38,42.89
170907004,437.0,571.0,1040,32.0,42.02,54.9
170907005,178.0,89.0,284,17.0,62.68,31.34
170907006,131.0,82.0,214,1.0,61.21,38.32
170907007,207.0,151.0,363,5.0,57.02,41.6
170907008,425.0,357.0,815,33.0,52.15,43.8
170907009,184.0,103.0,296,9.0,62.16,34.8
170907010,142.0,46.0,192,4.0,73.96,23.96
170907011,106.0,72.0,183,5.0,57.92,39.34
171001001,670.0,638.0,1348,40.0,49.7,47.33
171001002,754.0,718.0,1508,36.0,50.0,47.61
171001003,979.0,695.0,1720,46.0,56.92,40.41
171001004,732.0,536.0,1292,24.0,56.66,41.49
171001005,162.0,172.0,344,10.0,47.09,50.0
171001006,336.0,126.0,467,5.0,71.95,26.98
171001007,137.0,61.0,203,5.0,67.49,30.05
171001008,159.0,33.0,198,6.0,80.3,16.67
171001009,368.0,185.0,568,15.0,64.79,32.57
171001010,636.0,386.0,1050,28.0,60.57,36.76
171001011,173.0,119.0,298,6.0,58.05,39.93
171001012,331.0,274.0,617,12.0,53.65,44.41
171001013,105.0,43.0,150,2.0,70.0,28.67
171001014,290.0,205.0,513,18.0,56.53,39.96
171001015,173.0,35.0,213,5.0,81.22,16.43
171001016,374.0,124.0,510,12.0,73.33,24.31
171001018,96.0,18.0,115,1.0,83.48,15.65
171001025,386.0,176.0,578,16.0,66.78,30.45
171002001,379.0,72.0,458,7.0,82.75,15.72
171002003,77.0,25.0,103,1.0,74.76,24.27
171003001,274.0,199.0,477,4.0,57.44,41.72
171003002,263.0,169.0,440,8.0,59.77,38.41
171003006,79.0,24.0,104,1.0,75.96,23.08
171003007,278.0,106.0,394,10.0,70.56,26.9
171003008,133.0,34.0,173,6.0,76.88,19.65
171004002,427.0,273.0,708,8.0,60.31,38.56
171004003,48.0,9.0,57,0.0,84.21,15.79
171101001,746.0,1090.0,1872,36.0,39.85,58.23
171101002,527.0,966.0,1528,35.0,34.49,63.22
171101003,324.0,722.0,1078,32.0,30.06,66.98
171101004,273.0,453.0,741,15.0,36.84,61.13
171101005,465.0,193.0,673,15.0,69.09,28.68
171101006,159.0,67.0,233,7.0,68.24,28.76
171101007,198.0,297.0,507,12.0,39.05,58.58
171101008,211.0,231.0,443,1.0,47.63,52.14
171101009,298.0,202.0,512,12.0,58.2,39.45
171101010,228.0,174.0,413,11.0,55.21,42.13
171101011,270.0,389.0,673,14.0,40.12,57.8
171101012,272.0,397.0,680,11.0,40.0,58.38
171101016,231.0,178.0,419,10.0,55.13,42.48
171102001,303.0,259.0,575,13.0,52.7,45.04
171102002,265.0,255.0,531,11.0,49.91,48.02
171102003,369.0,343.0,726,14.0,50.83,47.25
171102004,159.0,216.0,382,7.0,41.62,56.54
171102005,131.0,139.0,273,3.0,47.99,50.92
171102007,301.0,318.0,630,11.0,47.78,50.48
171102008,109.0,110.0,222,3.0,49.1,49.55
171102010,57.0,79.0,137,1.0,41.61,57.66
171201001,812.0,501.0,1344,31.0,60.42,37.28
171201002,290.0,258.0,555,7.0,52.25,46.49
171201003,176.0,109.0,290,5.0,60.69,37.59
171201004,153.0,81.0,237,3.0,64.56,34.18
171201005,183.0,103.0,289,3.0,63.32,35.64
171201006,191.0,56.0,250,3.0,76.4,22.4
171201007,161.0,82.0,245,2.0,65.71,33.47
171201008,266.0,240.0,509,3.0,52.26,47.15
171201009,195.0,57.0,256,4.0,76.17,22.27
171201010,321.0,249.0,573,3.0,56.02,43.46
171201011,171.0,84.0,259,4.0,66.02,32.43
171202001,283.0,119.0,408,6.0,69.36,29.17
171202002,136.0,53.0,191,2.0,71.2,27.75
171202003,194.0,24.0,219,1.0,88.58,10.96
171301001,319.0,240.0,568,9.0,56.16,42.25
171301002,268.0,237.0,523,18.0,51.24,45.32
171301004,149.0,286.0,443,8.0,33.63,64.56
171301005,254.0,368.0,639,17.0,39.75,57.59
171301006,98.0,105.0,205,2.0,47.8,51.22
171301007,34.0,12.0,47,1.0,72.34,25.53
171301012,254.0,150.0,415,11.0,61.2,36.14
171301014,88.0,44.0,135,3.0,65.19,32.59
171301015,79.0,98.0,181,4.0,43.65,54.14
171301016,163.0,83.0,248,2.0,65.73,33.47
171301017,144.0,59.0,210,7.0,68.57,28.1
171301018,241.0,192.0,440,7.0,54.77,43.64
171301019,152.0,255.0,412,5.0,36.89,61.89
171301020,183.0,122.0,314,9.0,58.28,38.85
171301021,198.0,241.0,447,8.0,44.3,53.91
171301022,106.0,72.0,179,1.0,59.22,40.22
171301023,74.0,61.0,136,1.0,54.41,44.85
171301024,83.0,20.0,109,6.0,76.15,18.35
171301025,150.0,91.0,248,7.0,60.48,36.69
171301027,454.0,552.0,1017,11.0,44.64,54.28
171302001,296.0,366.0,675,13.0,43.85,54.22
171302002,133.0,82.0,219,4.0,60.73,37.44
171302003,199.0,92.0,293,2.0,67.92,31.4
171302004,93.0,57.0,156,6.0,59.62,36.54
171302005,187.0,214.0,406,5.0,46.06,52.71
171302006,178.0,88.0,268,2.0,66.42,32.84
171302007,182.0,131.0,318,5.0,57.23,41.19
171302008,217.0,163.0,383,3.0,56.66,42.56
171302009,176.0,75.0,255,4.0,69.02,29.41
171302010,183.0,83.0,268,2.0,68.28,30.97
171302011,115.0,53.0,168,0.0,68.45,31.55
171302012,294.0,90.0,388,4.0,75.77,23.2
171302013,151.0,175.0,330,4.0,45.76,53.03
171302014,299.0,193.0,497,5.0,60.16,38.83
171302017,132.0,105.0,244,7.0,54.1,43.03
171302018,59.0,56.0,116,1.0,50.86,48.28
171302019,129.0,22.0,155,4.0,83.23,14.19
171302022,47.0,9.0,57,1.0,82.46,15.79
171302023,82.0,49.0,133,2.0,61.65,36.84
171401001,475.0,426.0,913,12.0,52.03,46.66
171401002,1205.0,603.0,1850,42.0,65.14,32.59
171401003,866.0,840.0,1732,26.0,50.0,48.5
171401004,602.0,228.0,846,16.0,71.16,26.95
171401005,454.0,279.0,751,18.0,60.45,37.15
171401006,348.0,244.0,600,8.0,58.0,40.67
171401007,89.0,7.0,96,0.0,92.71,7.29
171401008,102.0,6.0,111,3.0,91.89,5.41
171401009,637.0,411.0,1065,17.0,59.81,38.59
171401010,318.0,171.0,494,5.0,64.37,34.62
171401011,329.0,110.0,451,12.0,72.95,24.39
171401012,458.0,263.0,744,23.0,61.56,35.35
171401013,135.0,37.0,174,2.0,77.59,21.26
171401014,231.0,47.0,281,3.0,82.21,16.73
171401015,167.0,86.0,254,1.0,65.75,33.86
171401016,354.0,109.0,469,6.0,75.48,23.24
171401018,414.0,158.0,576,4.0,71.88,27.43
171401019,153.0,29.0,186,4.0,82.26,15.59
171401023,451.0,288.0,750,11.0,60.13,38.4
171401024,261.0,81.0,351,9.0,74.36,23.08
171501001,465.0,500.0,991,26.0,46.92,50.45
171501002,686.0,725.0,1440,29.0,47.64,50.35
171501003,1175.0,1095.0,2307,37.0,50.93,47.46
171501004,409.0,329.0,755,17.0,54.17,43.58
171501005,1089.0,887.0,2026,50.0,53.75,43.78
171501006,663.0,329.0,1031,39.0,64.31,31.91
171501007,315.0,268.0,589,6.0,53.48,45.5
171501008,314.0,39.0,353,0.0,88.95,11.05
171501009,156.0,51.0,210,3.0,74.29,24.29
171502001,869.0,1047.0,1973,57.0,44.04,53.07
171502002,193.0,263.0,459,3.0,42.05,57.3
171502003,240.0,237.0,482,5.0,49.79,49.17
171502005,87.0,96.0,186,3.0,46.77,51.61
171502006,171.0,148.0,328,9.0,52.13,45.12
171502008,130.0,54.0,185,1.0,70.27,29.19
171502010,343.0,161.0,508,4.0,67.52,31.69
171502011,93.0,38.0,136,5.0,68.38,27.94
171503001,772.0,503.0,1299,24.0,59.43,38.72
171503002,693.0,427.0,1147,27.0,60.42,37.23
171503003,471.0,369.0,844,4.0,55.81,43.72
171503004,204.0,190.0,400,6.0,51.0,47.5
171503008,127.0,37.0,173,9.0,73.41,21.39
180101001,89.0,1088.0,1193,16.0,7.46,91.2
180101002,100.0,268.0,371,3.0,26.95,72.24
180101003,153.0,1056.0,1220,11.0,12.54,86.56
180101004,117.0,664.0,800,19.0,14.62,83.0
180101005,77.0,420.0,500,3.0,15.4,84.0
180101006,252.0,1696.0,1980,32.0,12.73,85.66
180101007,165.0,1029.0,1211,17.0,13.63,84.97
180101008,260.0,1857.0,2159,42.0,12.04,86.01
180101009,103.0,1220.0,1335,12.0,7.72,91.39
180101010,213.0,1373.0,1612,26.0,13.21,85.17
180101012,134.0,539.0,695,22.0,19.28,77.55
180101014,31.0,122.0,160,7.0,19.38,76.25
180101016,133.0,791.0,937,13.0,14.19,84.42
180101019,191.0,624.0,833,18.0,22.93,74.91
180101021,117.0,582.0,710,11.0,16.48,81.97
180101022,83.0,314.0,405,8.0,20.49,77.53
180101023,58.0,238.0,301,5.0,19.27,79.07
180101026,220.0,404.0,643,19.0,34.21,62.83
180101029,84.0,188.0,277,5.0,30.32,67.87
180101030,121.0,321.0,456,14.0,26.54,70.39
180101031,41.0,150.0,197,6.0,20.81,76.14
180101032,55.0,104.0,166,7.0,33.13,62.65
180101033,50.0,177.0,231,4.0,21.65,76.62
180102001,56.0,410.0,470,4.0,11.91,87.23
180102002,42.0,195.0,241,4.0,17.43,80.91
180102004,50.0,148.0,202,4.0,24.75,73.27
180102005,73.0,305.0,384,6.0,19.01,79.43
180102007,96.0,300.0,402,6.0,23.88,74.63
180102008,56.0,74.0,137,7.0,40.88,54.01
180103001,48.0,117.0,171,6.0,28.07,68.42
180103002,85.0,610.0,705,10.0,12.06,86.52
180103004,14.0,39.0,53,0.0,26.42,73.58
180103006,46.0,134.0,185,5.0,24.86,72.43
180201001,151.0,1066.0,1241,24.0,12.17,85.9
180201002,133.0,888.0,1041,20.0,12.78,85.3
180201003,170.0,897.0,1081,14.0,15.73,82.98
180201004,110.0,851.0,990,29.0,11.11,85.96
180201005,288.0,1164.0,1479,27.0,19.47,78.7
180201007,101.0,343.0,447,3.0,22.6,76.73
180201010,174.0,1207.0,1412,31.0,12.32,85.48
180201011,141.0,890.0,1050,19.0,13.43,84.76
180201012,133.0,814.0,961,14.0,13.84,84.7
180201013,115.0,342.0,462,5.0,24.89,74.03
180201014,77.0,415.0,499,7.0,15.43,83.17
180201015,62.0,315.0,384,7.0,16.15,82.03
180201016,343.0,1938.0,2322,41.0,14.77,83.46
180201018,26.0,101.0,127,0.0,20.47,79.53
180201019,53.0,256.0,315,6.0,16.83,81.27
180201022,51.0,116.0,169,2.0,30.18,68.64
180201023,87.0,301.0,395,7.0,22.03,76.2
180201025,95.0,157.0,261,9.0,36.4,60.15
180202001,163.0,1074.0,1258,21.0,12.96,85.37
180202002,111.0,440.0,556,5.0,19.96,79.14
180202003,129.0,446.0,586,11.0,22.01,76.11
180203002,88.0,620.0,717,9.0,12.27,86.47
180204002,133.0,370.0,523,20.0,25.43,70.75
180204004,62.0,152.0,218,4.0,28.44,69.72
180301001,132.0,1125.0,1279,22.0,10.32,87.96
180301002,75.0,285.0,367,7.0,20.44,77.66
180301003,116.0,1138.0,1270,16.0,9.13,89.61
180301004,123.0,329.0,459,7.0,26.8,71.68
180301006,66.0,211.0,287,10.0,23.0,73.52
180301007,188.0,715.0,928,25.0,20.26,77.05
180301008,61.0,392.0,457,4.0,13.35,85.78
180301009,48.0,395.0,463,20.0,10.37,85.31
180301010,112.0,391.0,517,14.0,21.66,75.63
180301011,103.0,403.0,519,13.0,19.85,77.65
180301012,75.0,559.0,647,13.0,11.59,86.4
180301013,53.0,149.0,211,9.0,25.12,70.62
180301014,74.0,190.0,274,10.0,27.01,69.34
180301015,40.0,26.0,68,2.0,58.82,38.24
180301016,48.0,517.0,581,16.0,8.26,88.98
180301018,16.0,98.0,117,3.0,13.68,83.76
180301019,21.0,103.0,124,0.0,16.94,83.06
180301020,29.0,25.0,54,0.0,53.7,46.3
180301021,61.0,644.0,717,12.0,8.51,89.82
180302001,255.0,1454.0,1741,32.0,14.65,83.52
180302002,183.0,718.0,918,17.0,19.93,78.21
180302003,144.0,455.0,617,18.0,23.34,73.74
180302007,45.0,235.0,286,6.0,15.73,82.17
180302008,49.0,304.0,355,2.0,13.8,85.63
180302009,62.0,91.0,158,5.0,39.24,57.59
180302010,60.0,106.0,171,5.0,35.09,61.99
180303001,119.0,870.0,1006,17.0,11.83,86.48
180303002,104.0,228.0,347,15.0,29.97,65.71
180401001,190.0,1681.0,1898,27.0,10.01,88.57
180401002,187.0,1898.0,2114,29.0,8.85,89.78
180401003,213.0,1671.0,1915,31.0,11.12,87.26
180401004,185.0,2211.0,2429,33.0,7.62,91.03
180401005,62.0,394.0,467,11.0,13.28,84.37
180401006,85.0,470.0,564,9.0,15.07,83.33
180401007,308.0,1940.0,2285,37.0,13.48,84.9
180401008,224.0,1169.0,1416,23.0,15.82,82.56
180401009,277.0,1778.0,2097,42.0,13.21,84.79
180401011,104.0,627.0,747,16.0,13.92,83.94
180401012,129.0,699.0,850,22.0,15.18,82.24
180401013,201.0,1657.0,1890,32.0,10.63,87.67
180401014,247.0,989.0,1254,18.0,19.7,78.87
180401015,266.0,1809.0,2104,29.0,12.64,85.98
180401016,405.0,2327.0,2785,53.0,14.54,83.55
180401017,486.0,2649.0,3190,55.0,15.24,83.04
180401018,86.0,348.0,443,9.0,19.41,78.56
180401019,169.0,514.0,695,12.0,24.32,73.96
180401021,128.0,357.0,492,7.0,26.02,72.56
180401022,154.0,615.0,786,17.0,19.59,78.24
180401023,201.0,1107.0,1327,19.0,15.15,83.42
180401024,199.0,836.0,1052,17.0,18.92,79.47
180401025,196.0,583.0,805,26.0,24.35,72.42
180401026,111.0,953.0,1076,12.0,10.32,88.57
180401027,96.0,152.0,253,5.0,37.94,60.08
180401028,77.0,132.0,215,6.0,35.81,61.4
180401029,99.0,234.0,343,10.0,28.86,68.22
180401030,98.0,115.0,216,3.0,45.37,53.24
180401031,49.0,92.0,142,1.0,34.51,64.79
180401033,46.0,78.0,125,1.0,36.8,62.4
180403001,461.0,2591.0,3129,77.0,14.73,82.81
180403002,436.0,2771.0,3257,50.0,13.39,85.08
180403003,76.0,82.0,164,6.0,46.34,50.0
180403004,66.0,89.0,156,1.0,42.31,57.05
180403005,97.0,104.0,205,4.0,47.32,50.73
180501002,245.0,2126.0,2405,34.0,10.19,88.4
180501003,240.0,1226.0,1492,26.0,16.09,82.17
180501004,271.0,1956.0,2254,27.0,12.02,86.78
180501005,112.0,579.0,707,16.0,15.84,81.9
180501006,23.0,137.0,161,1.0,14.29,85.09
180501007,75.0,652.0,745,18.0,10.07,87.52
180501008,47.0,446.0,497,4.0,9.46,89.74
180501009,25.0,174.0,202,3.0,12.38,86.14
180501010,39.0,221.0,267,7.0,14.61,82.77
180501011,53.0,575.0,640,12.0,8.28,89.84
180501012,188.0,867.0,1073,18.0,17.52,80.8
180501013,54.0,335.0,401,12.0,13.47,83.54
180501014,7.0,195.0,205,3.0,3.41,95.12
180501015,113.0,556.0,678,9.0,16.67,82.01
180501016,82.0,412.0,501,7.0,16.37,82.24
180501017,253.0,1372.0,1639,14.0,15.44,83.71
180501018,30.0,161.0,194,3.0,15.46,82.99
180501019,114.0,172.0,295,9.0,38.64,58.31
180501023,16.0,110.0,127,1.0,12.6,86.61
180501024,29.0,90.0,121,2.0,23.97,74.38
180501025,70.0,178.0,251,3.0,27.89,70.92
180501027,94.0,379.0,480,7.0,19.58,78.96
180501028,225.0,1789.0,2048,34.0,10.99,87.35
180501029,44.0,129.0,174,1.0,25.29,74.14
180501030,27.0,110.0,139,2.0,19.42,79.14
180502001,38.0,397.0,438,3.0,8.68,90.64
180502002,46.0,405.0,458,7.0,10.04,88.43
180502004,16.0,81.0,100,3.0,16.0,81.0
180503001,135.0,707.0,860,18.0,15.7,82.21
180601001,202.0,1393.0,1618,23.0,12.48,86.09
180601002,59.0,178.0,241,4.0,24.48,73.86
180601003,164.0,865.0,1051,22.0,15.6,82.3
180601004,201.0,725.0,950,24.0,21.16,76.32
180601005,285.0,1669.0,2007,53.0,14.2,83.16
180601007,209.0,1513.0,1751,29.0,11.94,86.41
180601008,195.0,854.0,1064,15.0,18.33,80.26
180601009,176.0,1120.0,1318,22.0,13.35,84.98
180601012,186.0,662.0,871,23.0,21.35,76.0
180601015,132.0,1435.0,1585,18.0,8.33,90.54
180601016,149.0,1101.0,1272,22.0,11.71,86.56
180601017,27.0,60.0,90,3.0,30.0,66.67
180601019,10.0,39.0,50,1.0,20.0,78.0
180601020,116.0,401.0,533,16.0,21.76,75.23
180601021,128.0,741.0,879,10.0,14.56,84.3
180601022,266.0,1114.0,1410,30.0,18.87,79.01
180601023,81.0,278.0,364,5.0,22.25,76.37
180601026,116.0,387.0,514,11.0,22.57,75.29
180601027,161.0,704.0,882,17.0,18.25,79.82
180601030,40.0,204.0,248,4.0,16.13,82.26
180601031,198.0,183.0,391,10.0,50.64,46.8
180602001,259.0,1279.0,1582,44.0,16.37,80.85
180602002,68.0,233.0,303,2.0,22.44,76.9
180602003,50.0,121.0,179,8.0,27.93,67.6
180602004,105.0,427.0,542,10.0,19.37,78.78
180602005,120.0,277.0,404,7.0,29.7,68.56
180602006,101.0,330.0,441,10.0,22.9,74.83
180602007,101.0,459.0,565,5.0,17.88,81.24
180602008,206.0,601.0,835,28.0,24.67,71.98
180602009,245.0,983.0,1259,31.0,19.46,78.08
180602010,434.0,2230.0,2732,68.0,15.89,81.63
180602011,148.0,460.0,621,13.0,23.83,74.07
180602012,114.0,349.0,465,2.0,24.52,75.05
180602013,72.0,120.0,200,8.0,36.0,60.0
180602014,288.0,1096.0,1416,32.0,20.34,77.4
180603002,111.0,177.0,295,7.0,37.63,60.0
180604001,152.0,489.0,663,22.0,22.93,73.76
180701001,408.0,1172.0,1603,23.0,25.45,73.11
180701003,119.0,223.0,360,18.0,33.06,61.94
180701004,204.0,473.0,683,6.0,29.87,69.25
180701006,103.0,296.0,411,12.0,25.06,72.02
180701007,102.0,164.0,275,9.0,37.09,59.64
180701008,68.0,265.0,356,23.0,19.1,74.44
180702001,169.0,647.0,833,17.0,20.29,77.67
180702002,86.0,168.0,260,6.0,33.08,64.62
180702003,93.0,462.0,566,11.0,16.43,81.63
180702004,101.0,343.0,454,10.0,22.25,75.55
180702005,162.0,495.0,668,11.0,24.25,74.1
180702006,37.0,80.0,123,6.0,30.08,65.04
180702007,47.0,150.0,199,2.0,23.62,75.38
180801001,185.0,1212.0,1418,21.0,13.05,85.47
180801002,244.0,1773.0,2043,26.0,11.94,86.78
180801003,139.0,1141.0,1298,18.0,10.71,87.9
180801004,184.0,1260.0,1479,35.0,12.44,85.19
180801005,237.0,781.0,1031,13.0,22.99,75.75
180801006,154.0,706.0,870,10.0,17.7,81.15
180801007,162.0,796.0,975,17.0,16.62,81.64
180801008,270.0,1338.0,1650,42.0,16.36,81.09
180801010,100.0,522.0,629,7.0,15.9,82.99
180801011,301.0,1939.0,2283,43.0,13.18,84.93
180801012,175.0,1015.0,1208,18.0,14.49,84.02
180801013,294.0,1618.0,1938,26.0,15.17,83.49
180801014,234.0,1430.0,1711,47.0,13.68,83.58
180801015,118.0,614.0,747,15.0,15.8,82.2
180801016,245.0,1552.0,1842,45.0,13.3,84.26
180801018,276.0,1424.0,1737,37.0,15.89,81.98
180801019,18.0,85.0,104,1.0,17.31,81.73
180801020,342.0,1923.0,2298,33.0,14.88,83.68
180801021,249.0,1458.0,1744,37.0,14.28,83.6
180801022,48.0,70.0,132,14.0,36.36,53.03
180801025,334.0,2077.0,2447,36.0,13.65,84.88
180801026,236.0,1063.0,1323,24.0,17.84,80.35
180801027,104.0,928.0,1038,6.0,10.02,89.4
180801028,66.0,238.0,311,7.0,21.22,76.53
180801029,167.0,514.0,696,15.0,23.99,73.85
180801030,189.0,526.0,733,18.0,25.78,71.76
180801031,113.0,348.0,465,4.0,24.3,74.84
180801032,93.0,368.0,467,6.0,19.91,78.8
180801033,62.0,214.0,281,5.0,22.06,76.16
180801034,274.0,1457.0,1757,26.0,15.59,82.93
180801035,157.0,772.0,943,14.0,16.65,81.87
180801038,155.0,293.0,456,8.0,33.99,64.25
180801041,93.0,196.0,301,12.0,30.9,65.12
180801042,122.0,387.0,518,9.0,23.55,74.71
180801044,33.0,50.0,87,4.0,37.93,57.47
180801045,55.0,87.0,152,10.0,36.18,57.24
180801046,41.0,76.0,121,4.0,33.88,62.81
180802001,179.0,1094.0,1295,22.0,13.82,84.48
180802002,151.0,1272.0,1452,29.0,10.4,87.6
180802004,77.0,629.0,713,7.0,10.8,88.22
180802005,144.0,889.0,1044,11.0,13.79,85.15
180802006,232.0,2153.0,2422,37.0,9.58,88.89
180802008,220.0,2805.0,3068,43.0,7.17,91.43
180802010,141.0,1511.0,1676,24.0,8.41,90.16
180802011,100.0,815.0,928,13.0,10.78,87.82
180802012,330.0,3049.0,3422,43.0,9.64,89.1
180802014,66.0,648.0,730,16.0,9.04,88.77
180802015,113.0,743.0,871,15.0,12.97,85.3
180802016,158.0,812.0,979,9.0,16.14,82.94
180802018,174.0,1311.0,1508,23.0,11.54,86.94
180802019,50.0,290.0,351,11.0,14.25,82.62
180802020,123.0,393.0,523,7.0,23.52,75.14
180802021,119.0,550.0,681,12.0,17.47,80.76
180802022,70.0,305.0,381,6.0,18.37,80.05
180802023,89.0,468.0,563,6.0,15.81,83.13
180802024,89.0,796.0,902,17.0,9.87,88.25
180802025,89.0,369.0,464,6.0,19.18,79.53
180802026,243.0,1761.0,2037,33.0,11.93,86.45
180802027,44.0,157.0,206,5.0,21.36,76.21
180802028,54.0,268.0,327,5.0,16.51,81.96
180802029,48.0,59.0,110,3.0,43.64,53.64
180802030,50.0,76.0,128,2.0,39.06,59.38
180803002,579.0,2257.0,2885,49.0,20.07,78.23
180803004,334.0,1873.0,2239,32.0,14.92,83.65
180803005,171.0,759.0,947,17.0,18.06,80.15
180803006,183.0,2004.0,2227,40.0,8.22,89.99
180803007,240.0,2000.0,2265,25.0,10.6,88.3
180803008,202.0,1186.0,1415,27.0,14.28,83.82
180803009,298.0,1733.0,2085,54.0,14.29,83.12
180803010,148.0,879.0,1040,13.0,14.23,84.52
180803011,115.0,914.0,1049,20.0,10.96,87.13
180803012,201.0,1648.0,1874,25.0,10.73,87.94
180803013,128.0,1258.0,1396,10.0,9.17,90.11
180803014,204.0,1823.0,2053,26.0,9.94,88.8
180803015,377.0,2336.0,2761,48.0,13.65,84.61
180803016,361.0,1089.0,1476,26.0,24.46,73.78
180803017,215.0,1898.0,2146,33.0,10.02,88.44
180803019,220.0,1075.0,1319,24.0,16.68,81.5
180803020,125.0,550.0,689,14.0,18.14,79.83
180803021,198.0,879.0,1096,19.0,18.07,80.2
180803024,136.0,1149.0,1297,12.0,10.49,88.59
180803025,104.0,392.0,503,7.0,20.68,77.93
180803026,290.0,821.0,1139,28.0,25.46,72.08
180803027,155.0,548.0,714,11.0,21.71,76.75
180803028,142.0,813.0,977,22.0,14.53,83.21
180803029,148.0,1133.0,1297,16.0,11.41,87.36
180803030,153.0,1025.0,1195,17.0,12.8,85.77
180803036,94.0,1144.0,1255,17.0,7.49,91.16
180803037,104.0,380.0,503,19.0,20.68,75.55
180803038,120.0,251.0,381,10.0,31.5,65.88
180803039,80.0,122.0,205,3.0,39.02,59.51
180804001,247.0,852.0,1118,19.0,22.09,76.21
180804002,127.0,597.0,740,16.0,17.16,80.68
180804003,96.0,393.0,499,10.0,19.24,78.76
180804004,130.0,588.0,728,10.0,17.86,80.77
180804005,84.0,433.0,526,9.0,15.97,82.32
180804006,177.0,657.0,847,13.0,20.9,77.57
180804007,243.0,1282.0,1553,28.0,15.65,82.55
180804008,43.0,66.0,112,3.0,38.39,58.93
180804009,187.0,532.0,737,18.0,25.37,72.18
180804010,59.0,254.0,321,8.0,18.38,79.13
180804012,54.0,136.0,192,2.0,28.12,70.83
180804014,88.0,97.0,190,5.0,46.32,51.05
180805001,81.0,357.0,453,15.0,17.88,78.81
180805002,57.0,112.0,172,3.0,33.14,65.12
180901001,153.0,477.0,636,6.0,24.06,75.0
180901002,118.0,814.0,940,8.0,12.55,86.6
180901003,104.0,819.0,933,10.0,11.15,87.78
180901004,90.0,496.0,593,7.0,15.18,83.64
180901005,53.0,162.0,221,6.0,23.98,73.3
180901006,39.0,135.0,177,3.0,22.03,76.27
180901007,53.0,214.0,270,3.0,19.63,79.26
180901008,8.0,52.0,60,0.0,13.33,86.67
180901009,52.0,112.0,167,3.0,31.14,67.07
180901011,20.0,46.0,67,1.0,29.85,68.66
180901014,8.0,67.0,75,0.0,10.67,89.33
180901015,33.0,89.0,123,1.0,26.83,72.36
180901016,32.0,76.0,108,0.0,29.63,70.37
180901017,39.0,195.0,236,2.0,16.53,82.63
180901018,84.0,310.0,397,3.0,21.16,78.09
180901020,52.0,346.0,402,4.0,12.94,86.07
180901021,77.0,78.0,156,1.0,49.36,50.0
180901022,4.0,179.0,184,1.0,2.17,97.28
180902001,58.0,418.0,481,5.0,12.06,86.9
180902003,17.0,25.0,42,0.0,40.48,59.52
180902005,30.0,77.0,110,3.0,27.27,70.0
180902006,28.0,210.0,241,3.0,11.62,87.14
180902007,41.0,135.0,176,0.0,23.3,76.7
180902009,10.0,51.0,62,1.0,16.13,82.26
180902011,31.0,140.0,172,1.0,18.02,81.4
180903001,53.0,139.0,194,2.0,27.32,71.65
180903002,18.0,35.0,55,2.0,32.73,63.64
180903003,50.0,212.0,265,3.0,18.87,80.0
180903004,14.0,74.0,89,1.0,15.73,83.15
180903005,9.0,114.0,129,6.0,6.98,88.37
180903009,5.0,42.0,47,0.0,10.64,89.36
180904001,48.0,219.0,270,3.0,17.78,81.11
180904002,77.0,383.0,469,9.0,16.42,81.66
180904003,8.0,153.0,162,1.0,4.94,94.44
180904004,4.0,56.0,60,0.0,6.67,93.33
180904005,13.0,67.0,82,2.0,15.85,81.71
181001002,218.0,1436.0,1687,33.0,12.92,85.12
181001003,242.0,781.0,1041,18.0,23.25,75.02
181001004,304.0,1570.0,1900,26.0,16.0,82.63
181001005,107.0,333.0,453,13.0,23.62,73.51
181001006,299.0,790.0,1126,37.0,26.55,70.16
181001007,48.0,139.0,196,9.0,24.49,70.92
181001008,35.0,80.0,120,5.0,29.17,66.67
181001009,313.0,1190.0,1540,37.0,20.32,77.27
181001010,47.0,115.0,166,4.0,28.31,69.28
181001012,234.0,811.0,1074,29.0,21.79,75.51
181001013,23.0,75.0,105,7.0,21.9,71.43
181001014,171.0,1012.0,1207,24.0,14.17,83.84
181001015,160.0,504.0,673,9.0,23.77,74.89
181001016,149.0,567.0,732,16.0,20.36,77.46
181001017,63.0,85.0,151,3.0,41.72,56.29
181001018,45.0,118.0,165,2.0,27.27,71.52
181001019,46.0,73.0,124,5.0,37.1,58.87
181101001,249.0,1268.0,1552,35.0,16.04,81.7
181101002,78.0,280.0,365,7.0,21.37,76.71
181101003,269.0,1524.0,1818,25.0,14.8,83.83
181101004,252.0,1570.0,1842,20.0,13.68,85.23
181101005,262.0,796.0,1088,30.0,24.08,73.16
181101006,187.0,835.0,1045,23.0,17.89,79.9
181101007,138.0,769.0,923,16.0,14.95,83.32
181101008,258.0,799.0,1082,25.0,23.84,73.84
181101009,40.0,134.0,178,4.0,22.47,75.28
181101010,350.0,2006.0,2396,40.0,14.61,83.72
181101011,63.0,262.0,330,5.0,19.09,79.39
181101012,133.0,466.0,608,9.0,21.88,76.64
181101013,230.0,494.0,729,5.0,31.55,67.76
181101014,83.0,283.0,370,4.0,22.43,76.49
181101015,105.0,408.0,527,14.0,19.92,77.42
181101016,219.0,573.0,809,17.0,27.07,70.83
181101018,50.0,142.0,195,3.0,25.64,72.82
181101022,74.0,122.0,200,4.0,37.0,61.0
181101023,61.0,153.0,223,9.0,27.35,68.61
181101030,40.0,72.0,114,2.0,35.09,63.16
181101031,33.0,86.0,120,1.0,27.5,71.67
181101032,41.0,66.0,109,2.0,37.61,60.55
181102001,112.0,346.0,476,18.0,23.53,72.69
181102002,96.0,199.0,302,7.0,31.79,65.89
181103001,20.0,107.0,131,4.0,15.27,81.68
181103002,302.0,887.0,1209,20.0,24.98,73.37
181103003,46.0,180.0,231,5.0,19.91,77.92
181103004,92.0,160.0,259,7.0,35.52,61.78
181103005,29.0,46.0,78,3.0,37.18,58.97
181103006,24.0,57.0,86,5.0,27.91,66.28
181201001,187.0,1435.0,1642,20.0,11.39,87.39
181201002,237.0,1757.0,2027,33.0,11.69,86.68
181201004,174.0,1606.0,1797,17.0,9.68,89.37
181201005,78.0,422.0,501,1.0,15.57,84.23
181201006,166.0,663.0,851,22.0,19.51,77.91
181201007,75.0,262.0,347,10.0,21.61,75.5
181201008,106.0,516.0,630,8.0,16.83,81.9
181201009,263.0,931.0,1223,29.0,21.5,76.12
181201010,88.0,677.0,776,11.0,11.34,87.24
181201011,319.0,2044.0,2402,39.0,13.28,85.1
181201013,112.0,307.0,432,13.0,25.93,71.06
181201014,159.0,549.0,717,9.0,22.18,76.57
181201015,133.0,916.0,1068,19.0,12.45,85.77
181201016,384.0,1669.0,2101,48.0,18.28,79.44
181201017,58.0,356.0,426,12.0,13.62,83.57
181201019,273.0,1593.0,1897,31.0,14.39,83.97
181201020,148.0,986.0,1150,16.0,12.87,85.74
181301002,228.0,1497.0,1773,48.0,12.86,84.43
181301004,66.0,209.0,281,6.0,23.49,74.38
181301005,50.0,202.0,264,12.0,18.94,76.52
181301006,132.0,230.0,369,7.0,35.77,62.33
181301007,211.0,1314.0,1553,28.0,13.59,84.61
181301008,121.0,132.0,261,8.0,46.36,50.57
181301009,116.0,387.0,518,15.0,22.39,74.71
181301010,52.0,139.0,194,3.0,26.8,71.65
181301012,186.0,681.0,886,19.0,20.99,76.86
181301013,100.0,324.0,434,10.0,23.04,74.65
181301014,128.0,256.0,394,10.0,32.49,64.97
181301015,144.0,331.0,489,14.0,29.45,67.69
181301016,162.0,599.0,778,17.0,20.82,76.99
181301017,149.0,28.0,181,4.0,82.32,15.47
181301018,75.0,46.0,122,1.0,61.48,37.7
181401001,188.0,935.0,1150,27.0,16.35,81.3
181401002,135.0,947.0,1099,17.0,12.28,86.17
181401003,31.0,116.0,151,4.0,20.53,76.82
181401004,17.0,75.0,93,1.0,18.28,80.65
181401005,131.0,511.0,655,13.0,20.0,78.02
181401006,95.0,421.0,523,7.0,18.16,80.5
181401007,87.0,269.0,363,7.0,23.97,74.1
181401008,52.0,77.0,131,2.0,39.69,58.78
181402001,112.0,648.0,774,14.0,14.47,83.72
181402003,36.0,142.0,180,2.0,20.0,78.89
181402004,33.0,233.0,273,7.0,12.09,85.35
181402005,19.0,80.0,102,3.0,18.63,78.43
181403001,181.0,1056.0,1262,25.0,14.34,83.68
181403002,38.0,291.0,341,12.0,11.14,85.34
181403003,85.0,198.0,287,4.0,29.62,68.99
181404001,143.0,636.0,790,11.0,18.1,80.51
181404002,28.0,214.0,253,11.0,11.07,84.58
181404003,14.0,184.0,200,2.0,7.0,92.0
181404004,138.0,663.0,814,13.0,16.95,81.45
181404005,33.0,145.0,181,3.0,18.23,80.11
181404006,131.0,371.0,516,14.0,25.39,71.9
181501001,205.0,1614.0,1858,39.0,11.03,86.87
181501002,250.0,1904.0,2183,29.0,11.45,87.22
181501003,181.0,1095.0,1296,20.0,13.97,84.49
181501004,59.0,409.0,476,8.0,12.39,85.92
181501005,352.0,1060.0,1451,39.0,24.26,73.05
181501006,53.0,129.0,187,5.0,28.34,68.98
181501007,195.0,1177.0,1397,25.0,13.96,84.25
181501008,69.0,133.0,210,8.0,32.86,63.33
181501009,85.0,140.0,230,5.0,36.96,60.87
181501012,59.0,360.0,423,4.0,13.95,85.11
181501013,82.0,399.0,489,8.0,16.77,81.6
181502003,62.0,165.0,230,3.0,26.96,71.74
181502004,22.0,169.0,192,1.0,11.46,88.02
181502006,15.0,97.0,113,1.0,13.27,85.84
181502007,37.0,41.0,78,0.0,47.44,52.56
181601001,283.0,1284.0,1599,32.0,17.7,80.3
181601002,174.0,1090.0,1288,24.0,13.51,84.63
181601003,198.0,1534.0,1759,27.0,11.26,87.21
181601004,113.0,655.0,776,8.0,14.56,84.41
181601007,117.0,177.0,302,8.0,38.74,58.61
181601009,125.0,748.0,895,22.0,13.97,83.58
181601010,141.0,690.0,841,10.0,16.77,82.05
181601011,271.0,1529.0,1833,33.0,14.78,83.42
181601012,182.0,453.0,650,15.0,28.0,69.69
181601013,59.0,202.0,266,5.0,22.18,75.94
181602001,67.0,226.0,295,2.0,22.71,76.61
181602002,150.0,1040.0,1213,23.0,12.37,85.74
181602003,138.0,611.0,766,17.0,18.02,79.77
181602004,48.0,171.0,230,11.0,20.87,74.35
181602005,59.0,296.0,360,5.0,16.39,82.22
181701001,169.0,975.0,1159,15.0,14.58,84.12
181701002,56.0,128.0,185,1.0,30.27,69.19
181701003,74.0,182.0,261,5.0,28.35,69.73
181701004,24.0,44.0,71,3.0,33.8,61.97
181701005,10.0,89.0,101,2.0,9.9,88.12
181701006,34.0,182.0,220,4.0,15.45,82.73
181701008,52.0,127.0,181,2.0,28.73,70.17
181701010,15.0,37.0,54,2.0,27.78,68.52
181701011,34.0,182.0,218,2.0,15.6,83.49
181701014,32.0,178.0,211,1.0,15.17,84.36
181702001,121.0,326.0,455,8.0,26.59,71.65
181702002,14.0,58.0,72,0.0,19.44,80.56
181702006,9.0,79.0,89,1.0,10.11,88.76
181702007,29.0,35.0,65,1.0,44.62,53.85
181702008,75.0,83.0,158,0.0,47.47,52.53
181703002,13.0,219.0,233,1.0,5.58,93.99
181801001,213.0,1663.0,1905,29.0,11.18,87.3
181801002,39.0,226.0,271,6.0,14.39,83.39
181801003,146.0,1221.0,1383,16.0,10.56,88.29
181801004,99.0,540.0,648,9.0,15.28,83.33
181801005,64.0,624.0,699,11.0,9.16,89.27
181801006,142.0,986.0,1150,22.0,12.35,85.74
181801007,135.0,1423.0,1579,21.0,8.55,90.12
181801008,52.0,220.0,275,3.0,18.91,80.0
181801009,193.0,747.0,954,14.0,20.23,78.3
181801010,42.0,319.0,365,4.0,11.51,87.4
181801011,54.0,147.0,207,6.0,26.09,71.01
181801012,5.0,22.0,29,2.0,17.24,75.86
181801013,82.0,490.0,579,7.0,14.16,84.63
181801014,46.0,253.0,305,6.0,15.08,82.95
181801015,127.0,629.0,771,15.0,16.47,81.58
181801016,65.0,132.0,200,3.0,32.5,66.0
181801017,47.0,92.0,139,0.0,33.81,66.19
181801018,22.0,119.0,148,7.0,14.86,80.41
181901001,205.0,1844.0,2077,28.0,9.87,88.78
181901002,309.0,809.0,1145,27.0,26.99,70.66
181901003,69.0,205.0,277,3.0,24.91,74.01
181901004,46.0,102.0,149,1.0,30.87,68.46
181901005,106.0,258.0,372,8.0,28.49,69.35
181901006,25.0,47.0,73,1.0,34.25,64.38
181901007,151.0,1208.0,1378,19.0,10.96,87.66
181901008,33.0,283.0,321,5.0,10.28,88.16
181901009,71.0,409.0,492,12.0,14.43,83.13
181901010,21.0,70.0,93,2.0,22.58,75.27
181901011,155.0,931.0,1103,17.0,14.05,84.41
181901012,18.0,35.0,53,0.0,33.96,66.04
181902001,56.0,170.0,229,3.0,24.45,74.24
181902002,154.0,762.0,930,14.0,16.56,81.94
181902003,122.0,316.0,451,13.0,27.05,70.07
181902004,34.0,85.0,119,0.0,28.57,71.43
181902005,64.0,421.0,494,9.0,12.96,85.22
181902006,57.0,134.0,196,5.0,29.08,68.37
181902007,45.0,83.0,132,4.0,34.09,62.88
181902008,110.0,270.0,390,10.0,28.21,69.23
181902009,56.0,112.0,172,4.0,32.56,65.12
181902010,127.0,366.0,500,7.0,25.4,73.2
181902012,64.0,244.0,312,4.0,20.51,78.21
181903001,27.0,131.0,166,8.0,16.27,78.92
181903003,100.0,386.0,508,22.0,19.69,75.98
181903004,33.0,55.0,90,2.0,36.67,61.11
181903005,27.0,174.0,203,2.0,13.3,85.71
181903006,287.0,1478.0,1805,40.0,15.9,81.88
181903007,104.0,477.0,588,7.0,17.69,81.12
181903008,234.0,643.0,897,20.0,26.09,71.68
181903009,117.0,367.0,495,11.0,23.64,74.14
181903010,75.0,238.0,321,8.0,23.36,74.14
181903011,77.0,241.0,324,6.0,23.77,74.38
181903012,69.0,475.0,553,9.0,12.48,85.9
181903013,101.0,344.0,455,10.0,22.2,75.6
182001001,163.0,845.0,1029,21.0,15.84,82.12
182001002,74.0,292.0,379,13.0,19.53,77.04
182001004,84.0,460.0,558,14.0,15.05,82.44
182001006,26.0,127.0,154,1.0,16.88,82.47
182001007,39.0,168.0,208,1.0,18.75,80.77
182001008,69.0,308.0,380,3.0,18.16,81.05
182001009,97.0,579.0,690,14.0,14.06,83.91
182001010,66.0,216.0,285,3.0,23.16,75.79
182001011,85.0,162.0,252,5.0,33.73,64.29
182001012,78.0,233.0,317,6.0,24.61,73.5
182001013,24.0,148.0,179,7.0,13.41,82.68
182001014,127.0,660.0,798,11.0,15.91,82.71
182001015,37.0,100.0,140,3.0,26.43,71.43
182002001,40.0,162.0,205,3.0,19.51,79.02
182002002,47.0,285.0,338,6.0,13.91,84.32
182002003,28.0,175.0,212,9.0,13.21,82.55
182002004,50.0,484.0,543,9.0,9.21,89.13
182002005,15.0,110.0,125,0.0,12.0,88.0
182002006,41.0,325.0,368,2.0,11.14,88.32
182002007,21.0,95.0,117,1.0,17.95,81.2
182003001,116.0,526.0,659,17.0,17.6,79.82
182003003,144.0,724.0,879,11.0,16.38,82.37
182003004,178.0,964.0,1161,19.0,15.33,83.03
182003005,72.0,292.0,374,10.0,19.25,78.07
182003006,67.0,92.0,166,7.0,40.36,55.42
182003007,92.0,194.0,291,5.0,31.62,66.67
182003009,113.0,350.0,471,8.0,23.99,74.31
182101001,138.0,689.0,843,16.0,16.37,81.73
182101002,76.0,472.0,557,9.0,13.64,84.74
182101003,79.0,502.0,598,17.0,13.21,83.95
182101004,63.0,417.0,489,9.0,12.88,85.28
182101005,22.0,93.0,116,1.0,18.97,80.17
182101006,90.0,493.0,590,7.0,15.25,83.56
182101007,56.0,336.0,395,3.0,14.18,85.06
182101008,32.0,148.0,182,2.0,17.58,81.32
182101009,70.0,283.0,360,7.0,19.44,78.61
182101010,43.0,113.0,159,3.0,27.04,71.07
182102001,77.0,275.0,357,5.0,21.57,77.03
182102002,12.0,67.0,82,3.0,14.63,81.71
182102003,101.0,515.0,621,5.0,16.26,82.93
182102004,48.0,225.0,276,3.0,17.39,81.52
182103001,69.0,361.0,442,12.0,15.61,81.67
182103002,13.0,53.0,68,2.0,19.12,77.94
182103004,37.0,144.0,185,4.0,20.0,77.84
182103005,83.0,362.0,449,4.0,18.49,80.62
182103006,11.0,46.0,58,1.0,18.97,79.31
182201001,182.0,1399.0,1604,23.0,11.35,87.22
182201002,137.0,680.0,830,13.0,16.51,81.93
182201003,37.0,222.0,265,6.0,13.96,83.77
182201004,50.0,160.0,218,8.0,22.94,73.39
182201005,11.0,201.0,213,1.0,5.16,94.37
182201006,15.0,201.0,221,5.0,6.79,90.95
182201007,7.0,247.0,257,3.0,2.72,96.11
182201008,12.0,141.0,153,0.0,7.84,92.16
182201009,22.0,278.0,304,4.0,7.24,91.45
182201010,31.0,348.0,383,4.0,8.09,90.86
182201011,58.0,344.0,412,10.0,14.08,83.5
182201012,7.0,186.0,197,4.0,3.55,94.42
182201013,60.0,736.0,805,9.0,7.45,91.43
182301001,98.0,570.0,685,17.0,14.31,83.21
182301002,154.0,897.0,1077,26.0,14.3,83.29
182301003,71.0,506.0,583,6.0,12.18,86.79
182301006,81.0,231.0,322,10.0,25.16,71.74
182301007,32.0,291.0,330,7.0,9.7,88.18
182301010,58.0,337.0,404,9.0,14.36,83.42
182301011,61.0,404.0,477,12.0,12.79,84.7
182301012,38.0,255.0,301,8.0,12.62,84.72
182401001,123.0,727.0,874,24.0,14.07,83.18
182401002,31.0,331.0,376,14.0,8.24,88.03
182401003,44.0,262.0,314,8.0,14.01,83.44
182401004,24.0,190.0,217,3.0,11.06,87.56
182401005,22.0,147.0,177,8.0,12.43,83.05
182401007,16.0,166.0,186,4.0,8.6,89.25
182401008,70.0,381.0,458,7.0,15.28,83.19
182501002,24.0,400.0,432,8.0,5.56,92.59
182501003,20.0,237.0,261,4.0,7.66,90.8
182501004,19.0,420.0,447,8.0,4.25,93.96
182501005,12.0,117.0,130,1.0,9.23,90.0
182501006,47.0,489.0,543,7.0,8.66,90.06
182501007,27.0,233.0,261,1.0,10.34,89.27
182501008,23.0,139.0,171,9.0,13.45,81.29
182501009,87.0,607.0,699,5.0,12.45,86.84
182501010,140.0,1718.0,1877,19.0,7.46,91.53
182501013,4.0,90.0,94,0.0,4.26,95.74
182501014,31.0,139.0,175,5.0,17.71,79.43
182601001,76.0,220.0,306,10.0,24.84,71.9
182601002,170.0,663.0,858,25.0,19.81,77.27
182601003,24.0,251.0,281,6.0,8.54,89.32
182601004,32.0,87.0,123,4.0,26.02,70.73
182601005,62.0,268.0,338,8.0,18.34,79.29
182601006,43.0,326.0,372,3.0,11.56,87.63
182601007,32.0,159.0,196,5.0,16.33,81.12
182601008,24.0,204.0,232,4.0,10.34,87.93
182601009,55.0,71.0,132,6.0,41.67,53.79
182601010,52.0,76.0,130,2.0,40.0,58.46
182601011,56.0,69.0,126,1.0,44.44,54.76
182701001,164.0,931.0,1118,23.0,14.67,83.27
182701002,54.0,441.0,514,19.0,10.51,85.8
182701003,42.0,305.0,350,3.0,12.0,87.14
182801001,362.0,1537.0,1951,52.0,18.55,78.78
182801002,193.0,1088.0,1312,31.0,14.71,82.93
182801003,314.0,1614.0,1990,62.0,15.78,81.11
182801004,119.0,441.0,580,20.0,20.52,76.03
182801005,366.0,2068.0,2497,63.0,14.66,82.82
182801006,180.0,1196.0,1410,34.0,12.77,84.82
182801007,168.0,1028.0,1235,39.0,13.6,83.24
182801008,132.0,645.0,801,24.0,16.48,80.52
182801009,194.0,756.0,980,30.0,19.8,77.14
182801010,247.0,928.0,1202,27.0,20.55,77.2
182801011,65.0,223.0,299,11.0,21.74,74.58
182801012,70.0,183.0,258,5.0,27.13,70.93
182801013,67.0,109.0,182,6.0,36.81,59.89
182801015,100.0,206.0,309,3.0,32.36,66.67
182801016,85.0,87.0,175,3.0,48.57,49.71
182801017,56.0,92.0,149,1.0,37.58,61.74
182801018,16.0,77.0,93,0.0,17.2,82.8
182801019,48.0,70.0,118,0.0,40.68,59.32
182801020,83.0,101.0,189,5.0,43.92,53.44
182801021,26.0,61.0,88,1.0,29.55,69.32
182901001,112.0,955.0,1076,9.0,10.41,88.75
182901002,23.0,149.0,175,3.0,13.14,85.14
182901003,119.0,627.0,751,5.0,15.85,83.49
182901004,99.0,439.0,546,8.0,18.13,80.4
182901005,23.0,147.0,173,3.0,13.29,84.97
182901006,111.0,191.0,306,4.0,36.27,62.42
182901007,18.0,219.0,241,4.0,7.47,90.87
182901008,37.0,65.0,103,1.0,35.92,63.11
182901009,107.0,720.0,838,11.0,12.77,85.92
190101001,299.0,934.0,1246,13.0,24.0,74.96
190101002,322.0,668.0,1013,23.0,31.79,65.94
190101005,61.0,138.0,204,5.0,29.9,67.65
190102001,411.0,924.0,1347,12.0,30.51,68.6
190102003,165.0,394.0,569,10.0,29.0,69.24
190102004,195.0,279.0,478,4.0,40.79,58.37
190103001,309.0,1059.0,1390,22.0,22.23,76.19
190103002,243.0,542.0,796,11.0,30.53,68.09
190103003,308.0,546.0,868,14.0,35.48,62.9
190104001,401.0,854.0,1281,26.0,31.3,66.67
190104002,140.0,128.0,274,6.0,51.09,46.72
190104003,124.0,254.0,381,3.0,32.55,66.67
190201001,252.0,1121.0,1401,28.0,17.99,80.01
190201002,105.0,401.0,516,10.0,20.35,77.71
190201003,290.0,518.0,826,18.0,35.11,62.71
190201004,496.0,1697.0,2226,33.0,22.28,76.24
190201005,140.0,383.0,534,11.0,26.22,71.72
190201007,104.0,53.0,162,5.0,64.2,32.72
190201008,98.0,192.0,308,18.0,31.82,62.34
190201010,64.0,95.0,166,7.0,38.55,57.23
190201011,363.0,792.0,1171,16.0,31.0,67.63
190201012,198.0,328.0,544,18.0,36.4,60.29
190201013,247.0,216.0,486,23.0,50.82,44.44
190201015,100.0,387.0,493,6.0,20.28,78.5
190201016,69.0,154.0,230,7.0,30.0,66.96
190201018,70.0,230.0,305,5.0,22.95,75.41
190201021,61.0,83.0,151,7.0,40.4,54.97
190201022,70.0,108.0,185,7.0,37.84,58.38
190201024,34.0,102.0,139,3.0,24.46,73.38
190201025,90.0,306.0,402,6.0,22.39,76.12
190201027,105.0,164.0,274,5.0,38.32,59.85
190201028,81.0,105.0,190,4.0,42.63,55.26
190202002,418.0,1249.0,1699,32.0,24.6,73.51
190202003,260.0,373.0,655,22.0,39.69,56.95
190202004,410.0,1532.0,1968,26.0,20.83,77.85
190202005,610.0,1677.0,2330,43.0,26.18,71.97
190202006,377.0,1237.0,1649,35.0,22.86,75.02
190202007,219.0,645.0,880,16.0,24.89,73.3
190202008,584.0,506.0,1119,29.0,52.19,45.22
190202009,72.0,59.0,136,5.0,52.94,43.38
190202010,204.0,302.0,517,11.0,39.46,58.41
190202011,170.0,805.0,991,16.0,17.15,81.23
190202012,137.0,382.0,530,11.0,25.85,72.08
190202013,102.0,151.0,257,4.0,39.69,58.75
190202017,328.0,381.0,730,21.0,44.93,52.19
190203001,809.0,1401.0,2286,76.0,35.39,61.29
190203002,260.0,177.0,447,10.0,58.17,39.6
190203004,21.0,85.0,109,3.0,19.27,77.98
190204001,334.0,451.0,798,13.0,41.85,56.52
190204003,96.0,87.0,190,7.0,50.53,45.79
190204004,95.0,79.0,174,0.0,54.6,45.4
190204005,93.0,71.0,173,9.0,53.76,41.04
190204006,26.0,95.0,122,1.0,21.31,77.87
190204007,77.0,51.0,134,6.0,57.46,38.06
190205001,336.0,667.0,1022,19.0,32.88,65.26
190205002,70.0,144.0,219,5.0,31.96,65.75
190205003,25.0,95.0,121,1.0,20.66,78.51
190205004,135.0,250.0,399,14.0,33.83,62.66
190205007,53.0,103.0,159,3.0,33.33,64.78
190206001,76.0,441.0,528,11.0,14.39,83.52
190206002,41.0,164.0,210,5.0,19.52,78.1
190206003,79.0,229.0,321,13.0,24.61,71.34
190206004,36.0,112.0,151,3.0,23.84,74.17
190206005,24.0,162.0,194,8.0,12.37,83.51
190206006,24.0,161.0,192,7.0,12.5,83.85
190206007,22.0,48.0,72,2.0,30.56,66.67
190206008,20.0,146.0,166,0.0,12.05,87.95
190206009,5.0,26.0,31,0.0,16.13,83.87
190206010,8.0,31.0,41,2.0,19.51,75.61
190206012,9.0,30.0,40,1.0,22.5,75.0
190206013,8.0,66.0,74,0.0,10.81,89.19
190207004,60.0,88.0,150,2.0,40.0,58.67
190207006,107.0,125.0,234,2.0,45.73,53.42
190207008,148.0,214.0,372,10.0,39.78,57.53
190207009,40.0,24.0,65,1.0,61.54,36.92
190207010,341.0,582.0,939,16.0,36.32,61.98
190207011,86.0,146.0,236,4.0,36.44,61.86
190207012,17.0,58.0,76,1.0,22.37,76.32
190207013,54.0,93.0,153,6.0,35.29,60.78
190208001,231.0,362.0,618,25.0,37.38,58.58
190208002,104.0,110.0,222,8.0,46.85,49.55
190208003,118.0,33.0,154,3.0,76.62,21.43
190208004,144.0,95.0,246,7.0,58.54,38.62
190208005,137.0,69.0,209,3.0,65.55,33.01
190208006,118.0,76.0,198,4.0,59.6,38.38
190208007,153.0,205.0,367,9.0,41.69,55.86
190208011,52.0,31.0,83,0.0,62.65,37.35
190208012,55.0,34.0,92,3.0,59.78,36.96
190209001,157.0,291.0,458,10.0,34.28,63.54
190209002,204.0,123.0,333,6.0,61.26,36.94
190209003,167.0,76.0,247,4.0,67.61,30.77
190209007,91.0,72.0,171,8.0,53.22,42.11
190209008,163.0,71.0,238,4.0,68.49,29.83
190209011,38.0,63.0,105,4.0,36.19,60.0
190209012,47.0,90.0,140,3.0,33.57,64.29
190210001,329.0,323.0,668,16.0,49.25,48.35
190210002,118.0,128.0,248,2.0,47.58,51.61
190210003,196.0,50.0,254,8.0,77.17,19.69
190210004,188.0,119.0,311,4.0,60.45,38.26
190210007,47.0,21.0,69,1.0,68.12,30.43
190210008,75.0,114.0,193,4.0,38.86,59.07
190210011,40.0,29.0,70,1.0,57.14,41.43
190211002,178.0,86.0,271,7.0,65.68,31.73
190211004,105.0,35.0,144,4.0,72.92,24.31
190212001,386.0,173.0,570,11.0,67.72,30.35
190212002,135.0,106.0,241,0.0,56.02,43.98
190212003,125.0,157.0,295,13.0,42.37,53.22
190212004,46.0,67.0,113,0.0,40.71,59.29
190301001,243.0,543.0,795,9.0,30.57,68.3
190301002,172.0,402.0,583,9.0,29.5,68.95
190301003,300.0,788.0,1110,22.0,27.03,70.99
190301004,223.0,282.0,515,10.0,43.3,54.76
190301006,51.0,150.0,204,3.0,25.0,73.53
190301007,25.0,63.0,89,1.0,28.09,70.79
190301008,120.0,214.0,343,9.0,34.99,62.39
190301009,212.0,193.0,406,1.0,52.22,47.54
190301010,40.0,14.0,55,1.0,72.73,25.45
190301011,230.0,76.0,311,5.0,73.95,24.44
190301012,27.0,5.0,32,0.0,84.38,15.62
190301013,10.0,22.0,34,2.0,29.41,64.71
190301015,82.0,103.0,189,4.0,43.39,54.5
190301016,60.0,82.0,144,2.0,41.67,56.94
190301018,202.0,436.0,643,5.0,31.42,67.81
190301020,46.0,46.0,95,3.0,48.42,48.42
190301021,99.0,34.0,134,1.0,73.88,25.37
190301022,62.0,44.0,108,2.0,57.41,40.74
190301023,131.0,256.0,389,2.0,33.68,65.81
190302001,329.0,278.0,612,5.0,53.76,45.42
190302002,211.0,110.0,324,3.0,65.12,33.95
190302003,80.0,69.0,151,2.0,52.98,45.7
190302004,87.0,88.0,178,3.0,48.88,49.44
190302005,63.0,48.0,113,2.0,55.75,42.48
190302006,65.0,28.0,94,1.0,69.15,29.79
190302007,68.0,94.0,167,5.0,40.72,56.29
190302008,66.0,87.0,155,2.0,42.58,56.13
190302009,125.0,276.0,403,2.0,31.02,68.49
190302010,48.0,9.0,57,0.0,84.21,15.79
190302011,86.0,134.0,223,3.0,38.57,60.09
190302012,69.0,72.0,148,7.0,46.62,48.65
190302013,147.0,64.0,214,3.0,68.69,29.91
190302014,44.0,54.0,103,5.0,42.72,52.43
190302015,52.0,73.0,127,2.0,40.94,57.48
190303002,146.0,307.0,462,9.0,31.6,66.45
190303003,102.0,32.0,137,3.0,74.45,23.36
190303004,140.0,54.0,195,1.0,71.79,27.69
190303005,180.0,112.0,301,9.0,59.8,37.21
190303006,82.0,28.0,110,0.0,74.55,25.45
190303007,101.0,55.0,158,2.0,63.92,34.81
190303008,84.0,40.0,126,2.0,66.67,31.75
190303009,76.0,35.0,115,4.0,66.09,30.43
190303010,96.0,132.0,232,4.0,41.38,56.9
190303011,63.0,60.0,124,1.0,50.81,48.39
190303012,143.0,100.0,245,2.0,58.37,40.82
190303013,56.0,33.0,90,1.0,62.22,36.67
190303014,66.0,19.0,85,0.0,77.65,22.35
190303015,76.0,131.0,209,2.0,36.36,62.68
190303016,54.0,31.0,86,1.0,62.79,36.05
190303017,77.0,27.0,105,1.0,73.33,25.71
190303018,127.0,104.0,235,4.0,54.04,44.26
190303019,61.0,27.0,90,2.0,67.78,30.0
190303020,45.0,49.0,96,2.0,46.88,51.04
190304002,164.0,116.0,284,4.0,57.75,40.85
190304003,62.0,69.0,131,0.0,47.33,52.67
190304004,96.0,64.0,160,0.0,60.0,40.0
190304005,84.0,23.0,107,0.0,78.5,21.5
190304006,78.0,39.0,118,1.0,66.1,33.05
190305001,230.0,350.0,582,2.0,39.52,60.14
190305004,113.0,161.0,280,6.0,40.36,57.5
190305005,161.0,173.0,342,8.0,47.08,50.58
190401001,262.0,842.0,1125,21.0,23.29,74.84
190401002,130.0,209.0,342,3.0,38.01,61.11
190401003,107.0,213.0,327,7.0,32.72,65.14
190401004,133.0,379.0,517,5.0,25.73,73.31
190401006,104.0,124.0,231,3.0,45.02,53.68
190401008,361.0,791.0,1173,21.0,30.78,67.43
190401011,153.0,153.0,311,5.0,49.2,49.2
190401012,179.0,244.0,429,6.0,41.72,56.88
190401013,193.0,259.0,465,13.0,41.51,55.7
190401014,81.0,150.0,235,4.0,34.47,63.83
190401015,322.0,496.0,835,17.0,38.56,59.4
190401017,52.0,49.0,105,4.0,49.52,46.67
190401019,78.0,139.0,222,5.0,35.14,62.61
190401020,131.0,67.0,202,4.0,64.85,33.17
190401021,67.0,72.0,143,4.0,46.85,50.35
190402001,344.0,1273.0,1638,21.0,21.0,77.72
190402002,110.0,104.0,220,6.0,50.0,47.27
190402003,89.0,96.0,188,3.0,47.34,51.06
190402004,223.0,165.0,396,8.0,56.31,41.67
190402005,139.0,427.0,573,7.0,24.26,74.52
190403001,222.0,477.0,708,9.0,31.36,67.37
190403002,85.0,120.0,211,6.0,40.28,56.87
190403003,104.0,166.0,280,10.0,37.14,59.29
190403004,97.0,187.0,289,5.0,33.56,64.71
190404001,187.0,515.0,714,12.0,26.19,72.13
190404002,68.0,107.0,179,4.0,37.99,59.78
190404003,148.0,108.0,260,4.0,56.92,41.54
190404005,212.0,273.0,498,13.0,42.57,54.82
190501001,428.0,946.0,1394,20.0,30.7,67.86
190501002,408.0,789.0,1225,28.0,33.31,64.41
190501004,667.0,1438.0,2138,33.0,31.2,67.26
190501006,316.0,759.0,1086,11.0,29.1,69.89
190501009,271.0,336.0,627,20.0,43.22,53.59
190502001,873.0,1323.0,2238,42.0,39.01,59.12
190502002,302.0,610.0,925,13.0,32.65,65.95
190502003,447.0,722.0,1190,21.0,37.56,60.67
190502006,145.0,396.0,546,5.0,26.56,72.53
190502010,118.0,51.0,175,6.0,67.43,29.14
190503001,282.0,945.0,1241,14.0,22.72,76.15
190503004,460.0,1482.0,1964,22.0,23.42,75.46
190503005,28.0,45.0,73,0.0,38.36,61.64
190503006,282.0,713.0,1016,21.0,27.76,70.18
190504001,126.0,389.0,523,8.0,24.09,74.38
190504002,438.0,761.0,1232,33.0,35.55,61.77
190504004,454.0,398.0,878,26.0,51.71,45.33
190504005,122.0,83.0,208,3.0,58.65,39.9
190504008,208.0,118.0,334,8.0,62.28,35.33
190504010,121.0,31.0,155,3.0,78.06,20.0
190504014,159.0,84.0,256,13.0,62.11,32.81
190505001,258.0,610.0,878,10.0,29.38,69.48
190505002,144.0,270.0,420,6.0,34.29,64.29
190505003,48.0,30.0,78,0.0,61.54,38.46
190505005,94.0,139.0,244,11.0,38.52,56.97
190505006,17.0,31.0,49,1.0,34.69,63.27
190505007,155.0,85.0,244,4.0,63.52,34.84
190506001,167.0,395.0,568,6.0,29.4,69.54
190506003,84.0,94.0,180,2.0,46.67,52.22
190506004,44.0,103.0,156,9.0,28.21,66.03
190506005,123.0,132.0,259,4.0,47.49,50.97
190506006,61.0,37.0,100,2.0,61.0,37.0
190506007,66.0,65.0,134,3.0,49.25,48.51
190506008,70.0,135.0,207,2.0,33.82,65.22
190506009,49.0,137.0,189,3.0,25.93,72.49
190507001,549.0,1027.0,1598,22.0,34.36,64.27
190507002,181.0,324.0,511,6.0,35.42,63.41
190507003,216.0,240.0,468,12.0,46.15,51.28
190601001,187.0,863.0,1058,8.0,17.67,81.57
190601002,127.0,139.0,270,4.0,47.04,51.48
190601003,138.0,332.0,476,6.0,28.99,69.75
190601004,18.0,42.0,61,1.0,29.51,68.85
190601005,79.0,139.0,228,10.0,34.65,60.96
190601006,76.0,231.0,314,7.0,24.2,73.57
190601007,139.0,227.0,374,8.0,37.17,60.7
190601008,26.0,7.0,35,2.0,74.29,20.0
190601010,49.0,72.0,127,6.0,38.58,56.69
190601011,175.0,632.0,818,11.0,21.39,77.26
190602001,353.0,1099.0,1469,17.0,24.03,74.81
190602002,35.0,102.0,141,4.0,24.82,72.34
190602003,25.0,179.0,207,3.0,12.08,86.47
190602004,99.0,403.0,506,4.0,19.57,79.64
190602005,64.0,286.0,353,3.0,18.13,81.02
190602006,58.0,168.0,229,3.0,25.33,73.36
190602007,40.0,267.0,311,4.0,12.86,85.85
190602008,21.0,130.0,153,2.0,13.73,84.97
190602010,51.0,121.0,175,3.0,29.14,69.14
190602011,47.0,80.0,127,0.0,37.01,62.99
190603001,459.0,1997.0,2506,50.0,18.32,79.69
190603002,173.0,482.0,672,17.0,25.74,71.73
190603003,113.0,202.0,324,9.0,34.88,62.35
190603004,115.0,338.0,460,7.0,25.0,73.48
190604001,366.0,604.0,978,8.0,37.42,61.76
190604002,89.0,105.0,195,1.0,45.64,53.85
190604003,44.0,94.0,139,1.0,31.65,67.63
190604004,93.0,87.0,185,5.0,50.27,47.03
190604005,73.0,96.0,173,4.0,42.2,55.49
190604006,201.0,96.0,299,2.0,67.22,32.11
190604007,103.0,166.0,270,1.0,38.15,61.48
190604014,102.0,17.0,119,0.0,85.71,14.29
190605001,96.0,450.0,547,1.0,17.55,82.27
190605002,156.0,548.0,704,0.0,22.16,77.84
190605003,38.0,168.0,207,1.0,18.36,81.16
190606001,309.0,1221.0,1539,9.0,20.08,79.34
190606002,102.0,279.0,384,3.0,26.56,72.66
190606003,56.0,152.0,209,1.0,26.79,72.73
190606004,97.0,149.0,250,4.0,38.8,59.6
190606006,22.0,65.0,87,0.0,25.29,74.71
190701001,307.0,1073.0,1407,27.0,21.82,76.26
190701002,232.0,692.0,937,13.0,24.76,73.85
190701003,123.0,448.0,582,11.0,21.13,76.98
190701004,404.0,1370.0,1804,30.0,22.39,75.94
190701005,120.0,635.0,768,13.0,15.62,82.68
190701006,371.0,1517.0,1915,27.0,19.37,79.22
190701007,250.0,527.0,790,13.0,31.65,66.71
190701009,281.0,897.0,1188,10.0,23.65,75.51
190701010,213.0,670.0,898,15.0,23.72,74.61
190701011,160.0,392.0,562,10.0,28.47,69.75
190701012,574.0,1095.0,1707,38.0,33.63,64.15
190701013,432.0,861.0,1323,30.0,32.65,65.08
190701015,629.0,1163.0,1832,40.0,34.33,63.48
190701016,403.0,867.0,1300,30.0,31.0,66.69
190701017,244.0,738.0,993,11.0,24.57,74.32
190701018,191.0,566.0,777,20.0,24.58,72.84
190701019,419.0,1224.0,1690,47.0,24.79,72.43
190701020,267.0,617.0,902,18.0,29.6,68.4
190701021,154.0,438.0,602,10.0,25.58,72.76
190701022,51.0,207.0,261,3.0,19.54,79.31
190701023,277.0,443.0,732,12.0,37.84,60.52
190701024,131.0,253.0,393,9.0,33.33,64.38
190701025,93.0,265.0,362,4.0,25.69,73.2
190701026,214.0,286.0,515,15.0,41.55,55.53
190701030,191.0,272.0,473,10.0,40.38,57.51
190701031,509.0,411.0,934,14.0,54.5,44.0
190701032,166.0,197.0,368,5.0,45.11,53.53
190701036,219.0,188.0,422,15.0,51.9,44.55
190701037,87.0,82.0,179,10.0,48.6,45.81
190701039,119.0,69.0,191,3.0,62.3,36.13
190701041,96.0,65.0,163,2.0,58.9,39.88
190702001,351.0,1444.0,1825,30.0,19.23,79.12
190702003,255.0,721.0,999,23.0,25.53,72.17
190702004,477.0,1332.0,1843,34.0,25.88,72.27
190702006,176.0,1494.0,1683,13.0,10.46,88.77
190702007,304.0,604.0,925,17.0,32.86,65.3
190702008,275.0,545.0,828,8.0,33.21,65.82
190702009,151.0,1288.0,1462,23.0,10.33,88.1
190702010,384.0,772.0,1178,22.0,32.6,65.53
190702011,159.0,284.0,451,8.0,35.25,62.97
190702012,67.0,324.0,396,5.0,16.92,81.82
190702015,88.0,180.0,277,9.0,31.77,64.98
190702023,185.0,840.0,1040,15.0,17.79,80.77
190702025,107.0,61.0,172,4.0,62.21,35.47
190703001,274.0,1126.0,1420,20.0,19.3,79.3
190703002,224.0,819.0,1059,16.0,21.15,77.34
190703003,389.0,1383.0,1805,33.0,21.55,76.62
190703004,164.0,759.0,931,8.0,17.62,81.53
190704003,298.0,735.0,1051,18.0,28.35,69.93
190704004,92.0,211.0,307,4.0,29.97,68.73
190704005,43.0,72.0,115,0.0,37.39,62.61
190704007,236.0,593.0,839,10.0,28.13,70.68
190704010,401.0,1218.0,1649,30.0,24.32,73.86
190705001,292.0,1695.0,2020,33.0,14.46,83.91
190705002,213.0,671.0,910,26.0,23.41,73.74
190705003,194.0,539.0,741,8.0,26.18,72.74
190705004,118.0,201.0,323,4.0,36.53,62.23
190705005,89.0,223.0,332,20.0,26.81,67.17
190705006,141.0,43.0,186,2.0,75.81,23.12
190705007,173.0,400.0,584,11.0,29.62,68.49
190705008,67.0,375.0,448,6.0,14.96,83.71
190706001,433.0,1190.0,1650,27.0,26.24,72.12
190706002,230.0,589.0,837,18.0,27.48,70.37
190706003,133.0,360.0,501,8.0,26.55,71.86
190706004,217.0,450.0,677,10.0,32.05,66.47
190706006,416.0,788.0,1222,18.0,34.04,64.48
190706008,126.0,227.0,360,7.0,35.0,63.06
190706009,197.0,221.0,430,12.0,45.81,51.4
190706010,32.0,45.0,77,0.0,41.56,58.44
190706012,114.0,116.0,238,8.0,47.9,48.74
190706014,108.0,196.0,312,8.0,34.62,62.82
190801001,350.0,496.0,857,11.0,40.84,57.88
190801002,115.0,21.0,136,0.0,84.56,15.44
190801004,52.0,38.0,91,1.0,57.14,41.76
190801005,168.0,64.0,237,5.0,70.89,27.0
190801006,358.0,411.0,783,14.0,45.72,52.49
190801007,131.0,226.0,362,5.0,36.19,62.43
190801009,166.0,254.0,425,5.0,39.06,59.76
190801010,129.0,199.0,332,4.0,38.86,59.94
190801011,144.0,163.0,311,4.0,46.3,52.41
190801012,36.0,120.0,160,4.0,22.5,75.0
190801013,122.0,134.0,258,2.0,47.29,51.94
190801014,105.0,108.0,216,3.0,48.61,50.0
190801015,170.0,167.0,349,12.0,48.71,47.85
190801016,101.0,184.0,294,9.0,34.35,62.59
190801019,96.0,41.0,141,4.0,68.09,29.08
190801020,79.0,17.0,97,1.0,81.44,17.53
190802001,287.0,253.0,545,5.0,52.66,46.42
190802002,78.0,20.0,98,0.0,79.59,20.41
190802003,80.0,3.0,83,0.0,96.39,3.61
190802004,109.0,91.0,202,2.0,53.96,45.05
190802005,141.0,69.0,212,2.0,66.51,32.55
190803001,195.0,281.0,484,8.0,40.29,58.06
190804001,184.0,113.0,300,3.0,61.33,37.67
190804002,157.0,66.0,223,0.0,70.4,29.6
190804003,22.0,25.0,48,1.0,45.83,52.08
190804004,64.0,65.0,130,1.0,49.23,50.0
190804005,88.0,89.0,179,2.0,49.16,49.72
190804006,113.0,93.0,208,2.0,54.33,44.71
190804007,84.0,64.0,149,1.0,56.38,42.95
190804009,43.0,26.0,70,1.0,61.43,37.14
190804011,31.0,10.0,41,0.0,75.61,24.39
190804012,55.0,60.0,116,1.0,47.41,51.72
190805001,353.0,567.0,935,15.0,37.75,60.64
190805003,110.0,31.0,144,3.0,76.39,21.53
190806001,775.0,899.0,1702,28.0,45.53,52.82
190806003,136.0,94.0,232,2.0,58.62,40.52
190807001,175.0,229.0,409,5.0,42.79,55.99
190807002,139.0,155.0,296,2.0,46.96,52.36
190807003,330.0,543.0,881,8.0,37.46,61.63
190807006,17.0,19.0,36,0.0,47.22,52.78
190901001,349.0,895.0,1260,16.0,27.7,71.03
190901002,479.0,1188.0,1682,15.0,28.48,70.63
190901003,131.0,346.0,484,7.0,27.07,71.49
190901004,406.0,604.0,1019,9.0,39.84,59.27
190901005,171.0,251.0,428,6.0,39.95,58.64
190901006,49.0,103.0,152,0.0,32.24,67.76
190901009,115.0,132.0,250,3.0,46.0,52.8
190902001,250.0,289.0,553,14.0,45.21,52.26
190902002,97.0,140.0,239,2.0,40.59,58.58
190903001,521.0,651.0,1188,16.0,43.86,54.8
190904001,386.0,727.0,1131,18.0,34.13,64.28
190904003,195.0,217.0,421,9.0,46.32,51.54
190904005,64.0,114.0,182,4.0,35.16,62.64
190905001,160.0,244.0,408,4.0,39.22,59.8
191001001,304.0,720.0,1052,28.0,28.9,68.44
191001002,71.0,176.0,249,2.0,28.51,70.68
191001003,87.0,110.0,200,3.0,43.5,55.0
191001004,86.0,48.0,135,1.0,63.7,35.56
191001005,196.0,203.0,404,5.0,48.51,50.25
191001006,66.0,66.0,133,1.0,49.62,49.62
191001007,115.0,53.0,168,0.0,68.45,31.55
191001008,191.0,297.0,496,8.0,38.51,59.88
191001009,142.0,98.0,242,2.0,58.68,40.5
191001010,140.0,334.0,480,6.0,29.17,69.58
191001011,71.0,101.0,178,6.0,39.89,56.74
191001012,72.0,61.0,134,1.0,53.73,45.52
191002001,492.0,1016.0,1539,31.0,31.97,66.02
191002002,211.0,276.0,490,3.0,43.06,56.33
191002004,72.0,164.0,242,6.0,29.75,67.77
191002005,194.0,270.0,470,6.0,41.28,57.45
191002007,50.0,109.0,159,0.0,31.45,68.55
191002009,67.0,120.0,190,3.0,35.26,63.16
191002012,47.0,82.0,129,0.0,36.43,63.57
191002013,65.0,69.0,138,4.0,47.1,50.0
191003001,232.0,212.0,450,6.0,51.56,47.11
191003002,146.0,122.0,275,7.0,53.09,44.36
191003003,43.0,55.0,99,1.0,43.43,55.56
191101001,369.0,674.0,1060,17.0,34.81,63.58
191101002,406.0,1042.0,1464,16.0,27.73,71.17
191101003,175.0,311.0,493,7.0,35.5,63.08
191101004,463.0,774.0,1259,22.0,36.78,61.48
191101005,373.0,575.0,962,14.0,38.77,59.77
191101006,260.0,281.0,546,5.0,47.62,51.47
191102001,253.0,410.0,672,9.0,37.65,61.01
191102002,247.0,299.0,550,4.0,44.91,54.36
191103001,461.0,603.0,1086,22.0,42.45,55.52
191103002,171.0,180.0,356,5.0,48.03,50.56
191103003,91.0,72.0,166,3.0,54.82,43.37
191103004,251.0,658.0,917,8.0,27.37,71.76
191103005,133.0,104.0,238,1.0,55.88,43.7
191103006,112.0,199.0,315,4.0,35.56,63.17
191201001,654.0,1568.0,2266,44.0,28.86,69.2
191201002,109.0,70.0,185,6.0,58.92,37.84
191201003,269.0,790.0,1080,21.0,24.91,73.15
191201005,135.0,203.0,344,6.0,39.24,59.01
191201006,96.0,39.0,136,1.0,70.59,28.68
191201008,83.0,52.0,139,4.0,59.71,37.41
191202001,719.0,1044.0,1792,29.0,40.12,58.26
191202003,127.0,64.0,193,2.0,65.8,33.16
191202004,301.0,208.0,518,9.0,58.11,40.15
191202005,114.0,59.0,175,2.0,65.14,33.71
191202006,106.0,114.0,231,11.0,45.89,49.35
191202007,80.0,34.0,115,1.0,69.57,29.57
191202010,182.0,52.0,236,2.0,77.12,22.03
191202011,93.0,31.0,126,2.0,73.81,24.6
191202012,165.0,199.0,367,3.0,44.96,54.22
191202013,107.0,158.0,273,8.0,39.19,57.88
191202018,104.0,40.0,146,2.0,71.23,27.4
191203001,762.0,1596.0,2393,35.0,31.84,66.69
191203002,205.0,376.0,588,7.0,34.86,63.95
191203003,238.0,429.0,678,11.0,35.1,63.27
191203004,475.0,600.0,1090,15.0,43.58,55.05
191203005,270.0,351.0,630,9.0,42.86,55.71
191203007,207.0,274.0,494,13.0,41.9,55.47
191203009,377.0,412.0,804,15.0,46.89,51.24
191203013,164.0,159.0,330,7.0,49.7,48.18
191203014,337.0,270.0,620,13.0,54.35,43.55
191203016,129.0,157.0,290,4.0,44.48,54.14
191204001,608.0,1615.0,2257,34.0,26.94,71.56
191204002,563.0,1060.0,1655,32.0,34.02,64.05
191204003,454.0,604.0,1075,17.0,42.23,56.19
191204004,143.0,113.0,263,7.0,54.37,42.97
191204005,109.0,84.0,199,6.0,54.77,42.21
191204006,350.0,587.0,955,18.0,36.65,61.47
191204008,175.0,95.0,273,3.0,64.1,34.8
191204010,200.0,140.0,344,4.0,58.14,40.7
191301001,92.0,73.0,167,2.0,55.09,43.71
191301002,306.0,1251.0,1572,15.0,19.47,79.58
191301003,350.0,1388.0,1763,25.0,19.85,78.73
191301004,481.0,1150.0,1647,16.0,29.2,69.82
191301005,181.0,351.0,540,8.0,33.52,65.0
191301006,108.0,317.0,428,3.0,25.23,74.07
191302001,485.0,1306.0,1811,20.0,26.78,72.11
191302002,395.0,1063.0,1472,14.0,26.83,72.21
191302003,172.0,456.0,635,7.0,27.09,71.81
191302004,257.0,358.0,625,10.0,41.12,57.28
191302006,98.0,201.0,303,4.0,32.34,66.34
191303001,507.0,1454.0,1991,30.0,25.46,73.03
191303002,408.0,1081.0,1511,22.0,27.0,71.54
191303003,280.0,633.0,931,18.0,30.08,67.99
191303004,189.0,727.0,931,15.0,20.3,78.09
191303005,593.0,1175.0,1794,26.0,33.05,65.5
191303006,183.0,481.0,676,12.0,27.07,71.15
191303007,304.0,370.0,685,11.0,44.38,54.01
191303010,144.0,205.0,355,6.0,40.56,57.75
191304001,418.0,906.0,1352,28.0,30.92,67.01
191304002,173.0,344.0,523,6.0,33.08,65.77
191304003,592.0,856.0,1478,30.0,40.05,57.92
191304006,156.0,143.0,305,6.0,51.15,46.89
191401001,454.0,1108.0,1581,19.0,28.72,70.08
191401003,255.0,559.0,821,7.0,31.06,68.09
191401004,141.0,378.0,522,3.0,27.01,72.41
191401005,229.0,683.0,915,3.0,25.03,74.64
191401006,186.0,206.0,396,4.0,46.97,52.02
191401007,125.0,248.0,375,2.0,33.33,66.13
191401008,90.0,143.0,235,2.0,38.3,60.85
191401009,85.0,99.0,185,1.0,45.95,53.51
191401010,76.0,120.0,200,4.0,38.0,60.0
191401011,62.0,182.0,248,4.0,25.0,73.39
191402001,735.0,964.0,1704,5.0,43.13,56.57
191402002,126.0,290.0,416,0.0,30.29,69.71
191403001,344.0,632.0,993,17.0,34.64,63.65
191403002,427.0,1052.0,1501,22.0,28.45,70.09
191403003,274.0,504.0,782,4.0,35.04,64.45
191403004,223.0,141.0,372,8.0,59.95,37.9
191403005,302.0,432.0,747,13.0,40.43,57.83
191403006,222.0,494.0,727,11.0,30.54,67.95
191403007,163.0,320.0,487,4.0,33.47,65.71
191404001,371.0,515.0,894,8.0,41.5,57.61
191404002,121.0,82.0,205,2.0,59.02,40.0
191501001,141.0,238.0,386,7.0,36.53,61.66
191501002,626.0,1138.0,1800,36.0,34.78,63.22
191501003,338.0,368.0,723,17.0,46.75,50.9
191501004,179.0,128.0,309,2.0,57.93,41.42
191502001,118.0,219.0,338,1.0,34.91,64.79
191502002,134.0,152.0,289,3.0,46.37,52.6
191503001,413.0,785.0,1216,18.0,33.96,64.56
191503004,80.0,50.0,132,2.0,60.61,37.88
191504001,183.0,159.0,348,6.0,52.59,45.69
191504002,246.0,498.0,762,18.0,32.28,65.35
191504003,377.0,438.0,828,13.0,45.53,52.9
191601001,497.0,1053.0,1572,22.0,31.62,66.98
191601002,223.0,323.0,555,9.0,40.18,58.2
191601003,217.0,414.0,642,11.0,33.8,64.49
191601005,197.0,212.0,416,7.0,47.36,50.96
191601006,96.0,147.0,244,1.0,39.34,60.25
191602001,137.0,216.0,356,3.0,38.48,60.67
191602002,66.0,228.0,298,4.0,22.15,76.51
191602003,579.0,353.0,945,13.0,61.27,37.35
191602004,441.0,450.0,899,8.0,49.05,50.06
191602006,27.0,11.0,38,0.0,71.05,28.95
191603001,310.0,770.0,1091,11.0,28.41,70.58
191603002,199.0,123.0,334,12.0,59.58,36.83
191701001,351.0,812.0,1175,12.0,29.87,69.11
191701002,167.0,410.0,585,8.0,28.55,70.09
191702001,101.0,151.0,256,4.0,39.45,58.98
191702002,46.0,74.0,123,3.0,37.4,60.16
191703001,90.0,254.0,350,6.0,25.71,72.57
191703002,87.0,164.0,252,1.0,34.52,65.08
191801001,287.0,640.0,929,2.0,30.89,68.89
191801002,200.0,163.0,367,4.0,54.5,44.41
191801003,243.0,159.0,406,4.0,59.85,39.16
191801004,88.0,106.0,199,5.0,44.22,53.27
191801005,89.0,123.0,214,2.0,41.59,57.48
191801007,68.0,16.0,84,0.0,80.95,19.05
191801008,75.0,58.0,135,2.0,55.56,42.96
191801009,81.0,40.0,122,1.0,66.39,32.79
191802001,82.0,107.0,192,3.0,42.71,55.73
191802002,172.0,104.0,277,1.0,62.09,37.55
191802004,156.0,137.0,303,10.0,51.49,45.21
191802005,144.0,139.0,290,7.0,49.66,47.93
191802006,59.0,83.0,145,3.0,40.69,57.24
191901001,691.0,629.0,1332,12.0,51.88,47.22
191901002,398.0,425.0,829,6.0,48.01,51.27
191901003,94.0,92.0,188,2.0,50.0,48.94
191902001,208.0,196.0,409,5.0,50.86,47.92
191902002,126.0,38.0,165,1.0,76.36,23.03
191903001,743.0,683.0,1437,11.0,51.7,47.53
191903002,510.0,837.0,1362,15.0,37.44,61.45
191904001,493.0,830.0,1337,14.0,36.87,62.08
191904002,196.0,215.0,417,6.0,47.0,51.56
191904003,337.0,470.0,821,14.0,41.05,57.25
191904004,313.0,386.0,707,8.0,44.27,54.6
191904005,189.0,206.0,397,2.0,47.61,51.89
191904007,119.0,79.0,198,0.0,60.1,39.9
191904008,95.0,49.0,145,1.0,65.52,33.79
192001001,127.0,111.0,242,4.0,52.48,45.87
192001002,609.0,1060.0,1688,19.0,36.08,62.8
192001003,329.0,1069.0,1420,22.0,23.17,75.28
192001005,243.0,383.0,636,10.0,38.21,60.22
192001006,183.0,274.0,464,7.0,39.44,59.05
192001008,103.0,322.0,427,2.0,24.12,75.41
192001009,78.0,71.0,154,5.0,50.65,46.1
192001012,468.0,752.0,1229,9.0,38.08,61.19
192002002,193.0,241.0,444,10.0,43.47,54.28
192002003,281.0,560.0,849,8.0,33.1,65.96
192002004,274.0,136.0,419,9.0,65.39,32.46
192002005,452.0,844.0,1326,30.0,34.09,63.65
192002006,203.0,429.0,639,7.0,31.77,67.14
192002008,177.0,275.0,461,9.0,38.39,59.65
192003001,397.0,751.0,1167,19.0,34.02,64.35
192003002,190.0,379.0,576,7.0,32.99,65.8
192003003,159.0,125.0,291,7.0,54.64,42.96
192003004,147.0,417.0,574,10.0,25.61,72.65
192003006,98.0,111.0,213,4.0,46.01,52.11
200101001,397.0,806.0,1227,24.0,32.36,65.69
200101002,416.0,552.0,985,17.0,42.23,56.04
200101003,241.0,137.0,387,9.0,62.27,35.4
200101004,190.0,280.0,485,15.0,39.18,57.73
200101005,181.0,134.0,316,1.0,57.28,42.41
200101006,247.0,297.0,552,8.0,44.75,53.8
200101008,340.0,125.0,499,34.0,68.14,25.05
200101009,271.0,151.0,431,9.0,62.88,35.03
200101010,116.0,229.0,352,7.0,32.95,65.06
200101011,155.0,115.0,281,11.0,55.16,40.93
200101012,107.0,30.0,144,7.0,74.31,20.83
200101013,345.0,755.0,1133,33.0,30.45,66.64
200101014,440.0,700.0,1159,19.0,37.96,60.4
200101015,169.0,262.0,439,8.0,38.5,59.68
200101016,532.0,820.0,1389,37.0,38.3,59.04
200101017,228.0,384.0,626,14.0,36.42,61.34
200101018,180.0,324.0,520,16.0,34.62,62.31
200101019,109.0,150.0,262,3.0,41.6,57.25
200101020,139.0,160.0,308,9.0,45.13,51.95
200101021,76.0,177.0,258,5.0,29.46,68.6
200101022,103.0,228.0,337,6.0,30.56,67.66
200101023,77.0,38.0,117,2.0,65.81,32.48
200101025,107.0,113.0,232,12.0,46.12,48.71
200101026,64.0,177.0,245,4.0,26.12,72.24
200101027,103.0,109.0,217,5.0,47.47,50.23
200101029,105.0,39.0,145,1.0,72.41,26.9
200101031,92.0,36.0,131,3.0,70.23,27.48
200101032,139.0,41.0,187,7.0,74.33,21.93
200101034,76.0,109.0,189,4.0,40.21,57.67
200101037,182.0,74.0,266,10.0,68.42,27.82
200101038,77.0,24.0,108,7.0,71.3,22.22
200101039,68.0,50.0,119,1.0,57.14,42.02
200101042,74.0,126.0,203,3.0,36.45,62.07
200101043,199.0,142.0,346,5.0,57.51,41.04
200101044,59.0,69.0,135,7.0,43.7,51.11
200101046,73.0,11.0,87,3.0,83.91,12.64
200101047,189.0,63.0,254,2.0,74.41,24.8
200101048,203.0,146.0,364,15.0,55.77,40.11
200101049,63.0,55.0,119,1.0,52.94,46.22
200101050,50.0,30.0,83,3.0,60.24,36.14
200101053,42.0,21.0,64,1.0,65.62,32.81
200101054,66.0,47.0,118,5.0,55.93,39.83
200201001,608.0,683.0,1313,22.0,46.31,52.02
200201002,239.0,851.0,1111,21.0,21.51,76.6
200201003,412.0,781.0,1218,25.0,33.83,64.12
200201004,417.0,630.0,1073,26.0,38.86,58.71
200201005,388.0,1317.0,1736,31.0,22.35,75.86
200201006,195.0,1589.0,1805,21.0,10.8,88.03
200201007,109.0,335.0,452,8.0,24.12,74.12
200201009,700.0,1305.0,2047,42.0,34.2,63.75
200201010,357.0,730.0,1113,26.0,32.08,65.59
200201011,154.0,360.0,522,8.0,29.5,68.97
200201012,235.0,337.0,588,16.0,39.97,57.31
200201013,549.0,715.0,1302,38.0,42.17,54.92
200201014,311.0,717.0,1051,23.0,29.59,68.22
200201015,156.0,383.0,552,13.0,28.26,69.38
200201016,961.0,771.0,1769,37.0,54.32,43.58
200201017,219.0,369.0,606,18.0,36.14,60.89
200201018,395.0,527.0,937,15.0,42.16,56.24
200201019,333.0,446.0,794,15.0,41.94,56.17
200201020,218.0,265.0,503,20.0,43.34,52.68
200201021,450.0,586.0,1060,24.0,42.45,55.28
200201022,44.0,106.0,155,5.0,28.39,68.39
200201023,142.0,163.0,315,10.0,45.08,51.75
200201024,50.0,49.0,99,0.0,50.51,49.49
200201025,250.0,594.0,867,23.0,28.84,68.51
200201026,465.0,455.0,940,20.0,49.47,48.4
200201027,115.0,320.0,445,10.0,25.84,71.91
200201028,201.0,408.0,631,22.0,31.85,64.66
200201030,249.0,102.0,359,8.0,69.36,28.41
200201032,502.0,356.0,885,27.0,56.72,40.23
200201033,89.0,174.0,267,4.0,33.33,65.17
200201034,319.0,233.0,564,12.0,56.56,41.31
200201035,243.0,200.0,467,24.0,52.03,42.83
200201036,257.0,257.0,525,11.0,48.95,48.95
200202001,352.0,423.0,801,26.0,43.95,52.81
200202002,367.0,505.0,895,23.0,41.01,56.42
200202003,96.0,222.0,326,8.0,29.45,68.1
200202004,184.0,151.0,346,11.0,53.18,43.64
200202005,251.0,292.0,555,12.0,45.23,52.61
200202006,292.0,205.0,503,6.0,58.05,40.76
200202007,368.0,414.0,806,24.0,45.66,51.36
200202008,277.0,276.0,562,9.0,49.29,49.11
200202009,389.0,612.0,1013,12.0,38.4,60.41
200202010,212.0,168.0,388,8.0,54.64,43.3
200202011,190.0,145.0,338,3.0,56.21,42.9
200202012,251.0,54.0,310,5.0,80.97,17.42
200202013,74.0,16.0,92,2.0,80.43,17.39
200202014,148.0,198.0,353,7.0,41.93,56.09
200301001,42.0,60.0,108,6.0,38.89,55.56
200301002,331.0,642.0,993,20.0,33.33,64.65
200301003,399.0,1204.0,1639,36.0,24.34,73.46
200301004,278.0,675.0,975,22.0,28.51,69.23
200301005,178.0,552.0,746,16.0,23.86,73.99
200301006,402.0,840.0,1273,31.0,31.58,65.99
200301007,253.0,784.0,1074,37.0,23.56,73.0
200301008,106.0,442.0,559,11.0,18.96,79.07
200301009,468.0,1887.0,2393,38.0,19.56,78.85
200301012,134.0,396.0,538,8.0,24.91,73.61
200301013,704.0,1060.0,1804,40.0,39.02,58.76
200301014,204.0,397.0,611,10.0,33.39,64.98
200301015,215.0,42.0,259,2.0,83.01,16.22
200301017,85.0,199.0,295,11.0,28.81,67.46
200301019,85.0,65.0,155,5.0,54.84,41.94
200301021,105.0,40.0,153,8.0,68.63,26.14
200301022,99.0,72.0,172,1.0,57.56,41.86
200301024,111.0,60.0,177,6.0,62.71,33.9
200301025,112.0,121.0,236,3.0,47.46,51.27
200301026,113.0,40.0,156,3.0,72.44,25.64
200301027,72.0,47.0,122,3.0,59.02,38.52
200301028,39.0,76.0,120,5.0,32.5,63.33
200301029,30.0,94.0,132,8.0,22.73,71.21
200301030,572.0,600.0,1224,52.0,46.73,49.02
200301031,55.0,81.0,142,6.0,38.73,57.04
200301032,36.0,10.0,49,3.0,73.47,20.41
200301033,133.0,167.0,313,13.0,42.49,53.35
200301034,178.0,135.0,321,8.0,55.45,42.06
200301035,124.0,63.0,195,8.0,63.59,32.31
200301038,132.0,105.0,243,6.0,54.32,43.21
200301040,238.0,157.0,413,18.0,57.63,38.01
200301041,422.0,716.0,1166,28.0,36.19,61.41
200301042,242.0,394.0,650,14.0,37.23,60.62
200301043,124.0,216.0,344,4.0,36.05,62.79
200301044,67.0,124.0,199,8.0,33.67,62.31
200301045,55.0,39.0,96,2.0,57.29,40.62
200301047,60.0,33.0,96,3.0,62.5,34.38
200301049,53.0,46.0,104,5.0,50.96,44.23
200301050,243.0,415.0,675,17.0,36.0,61.48
200301051,165.0,162.0,336,9.0,49.11,48.21
200301052,70.0,209.0,286,7.0,24.48,73.08
200301054,110.0,56.0,173,7.0,63.58,32.37
200301055,50.0,48.0,101,3.0,49.5,47.52
200302001,180.0,322.0,519,17.0,34.68,62.04
200302002,252.0,768.0,1062,42.0,23.73,72.32
200302003,150.0,194.0,362,18.0,41.44,53.59
200302004,176.0,188.0,373,9.0,47.18,50.4
200302005,33.0,59.0,94,2.0,35.11,62.77
200302006,136.0,284.0,436,16.0,31.19,65.14
200302007,189.0,518.0,721,14.0,26.21,71.84
200302008,132.0,132.0,269,5.0,49.07,49.07
200302009,109.0,128.0,254,17.0,42.91,50.39
200302010,164.0,191.0,362,7.0,45.3,52.76
200302011,300.0,745.0,1070,25.0,28.04,69.63
200302012,134.0,170.0,315,11.0,42.54,53.97
200302013,76.0,78.0,162,8.0,46.91,48.15
200302014,187.0,293.0,489,9.0,38.24,59.92
200302015,116.0,115.0,238,7.0,48.74,48.32
200302017,249.0,244.0,508,15.0,49.02,48.03
200303001,341.0,389.0,747,17.0,45.65,52.07
200303002,51.0,49.0,100,0.0,51.0,49.0
200303003,85.0,59.0,150,6.0,56.67,39.33
200303005,140.0,170.0,320,10.0,43.75,53.12
200303006,24.0,28.0,55,3.0,43.64,50.91
200303007,58.0,70.0,129,1.0,44.96,54.26
200303010,33.0,41.0,76,2.0,43.42,53.95
200401001,272.0,992.0,1284,20.0,21.18,77.26
200401002,108.0,414.0,529,7.0,20.42,78.26
200401003,183.0,1248.0,1455,24.0,12.58,85.77
200401004,213.0,343.0,574,18.0,37.11,59.76
200401005,149.0,1217.0,1386,20.0,10.75,87.81
200401006,148.0,502.0,664,14.0,22.29,75.6
200401007,293.0,1142.0,1466,31.0,19.99,77.9
200401008,203.0,1081.0,1319,35.0,15.39,81.96
200401009,312.0,949.0,1289,28.0,24.2,73.62
200401011,144.0,580.0,739,15.0,19.49,78.48
200401012,106.0,376.0,488,6.0,21.72,77.05
200401014,249.0,730.0,998,19.0,24.95,73.15
200401016,226.0,782.0,1023,15.0,22.09,76.44
200401019,651.0,741.0,1443,51.0,45.11,51.35
200401020,680.0,1274.0,1993,39.0,34.12,63.92
200401023,195.0,234.0,438,9.0,44.52,53.42
200401024,539.0,965.0,1547,43.0,34.84,62.38
200401025,136.0,375.0,523,12.0,26.0,71.7
200401026,142.0,284.0,439,13.0,32.35,64.69
200401027,181.0,268.0,460,11.0,39.35,58.26
200401028,210.0,279.0,510,21.0,41.18,54.71
200401029,166.0,349.0,528,13.0,31.44,66.1
200401030,52.0,129.0,186,5.0,27.96,69.35
200401035,536.0,640.0,1213,37.0,44.19,52.76
200401038,330.0,947.0,1314,37.0,25.11,72.07
200401039,376.0,598.0,996,22.0,37.75,60.04
200401041,88.0,166.0,259,5.0,33.98,64.09
200401042,76.0,50.0,136,10.0,55.88,36.76
200402002,179.0,395.0,595,21.0,30.08,66.39
200402003,430.0,590.0,1051,31.0,40.91,56.14
200402004,121.0,227.0,354,6.0,34.18,64.12
200402005,240.0,215.0,463,8.0,51.84,46.44
200402006,78.0,76.0,160,6.0,48.75,47.5
200402008,302.0,526.0,864,36.0,34.95,60.88
200402009,209.0,439.0,681,33.0,30.69,64.46
200402010,530.0,518.0,1093,45.0,48.49,47.39
200402012,133.0,148.0,287,6.0,46.34,51.57
200402014,195.0,262.0,472,15.0,41.31,55.51
200402015,358.0,643.0,1026,25.0,34.89,62.67
200402017,210.0,303.0,531,18.0,39.55,57.06
200402018,222.0,255.0,490,13.0,45.31,52.04
200402019,113.0,73.0,193,7.0,58.55,37.82
200402021,184.0,211.0,402,7.0,45.77,52.49
200402025,215.0,209.0,440,16.0,48.86,47.5
200403001,418.0,496.0,941,27.0,44.42,52.71
200403002,323.0,401.0,749,25.0,43.12,53.54
200403003,303.0,502.0,828,23.0,36.59,60.63
200403004,171.0,295.0,480,14.0,35.62,61.46
200403005,269.0,469.0,773,35.0,34.8,60.67
200403006,518.0,766.0,1327,43.0,39.04,57.72
200403007,167.0,118.0,290,5.0,57.59,40.69
200403008,413.0,748.0,1192,31.0,34.65,62.75
200403009,117.0,92.0,213,4.0,54.93,43.19
200403010,105.0,127.0,237,5.0,44.3,53.59
200403011,107.0,23.0,135,5.0,79.26,17.04
200403012,137.0,176.0,327,14.0,41.9,53.82
200501001,111.0,562.0,693,20.0,16.02,81.1
200501002,399.0,789.0,1219,31.0,32.73,64.73
200501003,74.0,331.0,410,5.0,18.05,80.73
200501004,418.0,588.0,1034,28.0,40.43,56.87
200501005,264.0,230.0,501,7.0,52.69,45.91
200501006,246.0,388.0,653,19.0,37.67,59.42
200501007,199.0,603.0,824,22.0,24.15,73.18
200501008,336.0,312.0,661,13.0,50.83,47.2
200501009,598.0,642.0,1272,32.0,47.01,50.47
200501010,286.0,144.0,442,12.0,64.71,32.58
200501011,127.0,92.0,226,7.0,56.19,40.71
200501012,269.0,490.0,776,17.0,34.66,63.14
200501013,149.0,244.0,400,7.0,37.25,61.0
200501014,169.0,342.0,529,18.0,31.95,64.65
200501015,205.0,139.0,347,3.0,59.08,40.06
200501016,253.0,577.0,844,14.0,29.98,68.36
200501017,36.0,86.0,125,3.0,28.8,68.8
200501018,106.0,215.0,325,4.0,32.62,66.15
200501020,133.0,150.0,291,8.0,45.7,51.55
200501021,62.0,45.0,111,4.0,55.86,40.54
200601001,328.0,603.0,949,18.0,34.56,63.54
200601002,200.0,324.0,535,11.0,37.38,60.56
200601003,295.0,187.0,494,12.0,59.72,37.85
200601004,177.0,243.0,425,5.0,41.65,57.18
200601008,91.0,45.0,138,2.0,65.94,32.61
200601009,260.0,305.0,572,7.0,45.45,53.32
200601010,261.0,196.0,467,10.0,55.89,41.97
200601011,324.0,425.0,769,20.0,42.13,55.27
200601013,196.0,185.0,386,5.0,50.78,47.93
200601020,166.0,28.0,202,8.0,82.18,13.86
200601021,152.0,214.0,379,13.0,40.11,56.46
200601022,204.0,137.0,352,11.0,57.95,38.92
200601025,156.0,20.0,177,1.0,88.14,11.3
200701001,364.0,832.0,1227,31.0,29.67,67.81
200701002,409.0,1033.0,1482,40.0,27.6,69.7
200701003,373.0,961.0,1370,36.0,27.23,70.15
200701004,63.0,263.0,333,7.0,18.92,78.98
200701005,180.0,619.0,826,27.0,21.79,74.94
200701006,217.0,1454.0,1688,17.0,12.86,86.14
200701007,605.0,1048.0,1709,56.0,35.4,61.32
200701008,183.0,442.0,642,17.0,28.5,68.85
200701009,225.0,481.0,717,11.0,31.38,67.09
200701010,698.0,927.0,1663,38.0,41.97,55.74
200701011,449.0,589.0,1080,42.0,41.57,54.54
200701012,449.0,773.0,1267,45.0,35.44,61.01
200701013,330.0,654.0,1011,27.0,32.64,64.69
200701014,247.0,865.0,1141,29.0,21.65,75.81
200701016,286.0,692.0,996,18.0,28.71,69.48
200701017,180.0,216.0,402,6.0,44.78,53.73
200701018,180.0,876.0,1072,16.0,16.79,81.72
200701019,288.0,573.0,883,22.0,32.62,64.89
200701020,116.0,397.0,523,10.0,22.18,75.91
200701021,313.0,942.0,1279,24.0,24.47,73.65
200701022,168.0,319.0,494,7.0,34.01,64.57
200701023,147.0,260.0,415,8.0,35.42,62.65
200701024,341.0,664.0,1032,27.0,33.04,64.34
200701025,553.0,1310.0,1921,58.0,28.79,68.19
200701026,331.0,422.0,790,37.0,41.9,53.42
200701028,455.0,571.0,1058,32.0,43.01,53.97
200701029,377.0,614.0,1011,20.0,37.29,60.73
200701030,403.0,423.0,864,38.0,46.64,48.96
200701031,320.0,84.0,414,10.0,77.29,20.29
200701032,211.0,189.0,407,7.0,51.84,46.44
200701033,458.0,1133.0,1642,51.0,27.89,69.0
200701034,171.0,524.0,715,20.0,23.92,73.29
200701035,184.0,228.0,428,16.0,42.99,53.27
200701036,400.0,591.0,1023,32.0,39.1,57.77
200701037,88.0,73.0,163,2.0,53.99,44.79
200701039,199.0,186.0,398,13.0,50.0,46.73
200701041,108.0,160.0,273,5.0,39.56,58.61
200701042,424.0,307.0,752,21.0,56.38,40.82
200701044,187.0,399.0,597,11.0,31.32,66.83
200701046,148.0,219.0,373,6.0,39.68,58.71
200701047,148.0,208.0,369,13.0,40.11,56.37
200701048,149.0,215.0,379,15.0,39.31,56.73
200701049,177.0,280.0,472,15.0,37.5,59.32
200701051,140.0,147.0,296,9.0,47.3,49.66
200701052,71.0,114.0,193,8.0,36.79,59.07
200701053,249.0,349.0,623,25.0,39.97,56.02
200701054,195.0,259.0,469,15.0,41.58,55.22
200701055,394.0,303.0,716,19.0,55.03,42.32
200702001,204.0,654.0,874,16.0,23.34,74.83
200702002,200.0,304.0,520,16.0,38.46,58.46
200702003,255.0,122.0,393,16.0,64.89,31.04
200702004,230.0,638.0,887,19.0,25.93,71.93
200702005,136.0,365.0,518,17.0,26.25,70.46
200702007,40.0,54.0,96,2.0,41.67,56.25
200702008,37.0,43.0,80,0.0,46.25,53.75
200702009,68.0,79.0,148,1.0,45.95,53.38
200801001,226.0,494.0,745,25.0,30.34,66.31
200801002,309.0,701.0,1036,26.0,29.83,67.66
200801003,164.0,333.0,507,10.0,32.35,65.68
200801004,340.0,657.0,1019,22.0,33.37,64.47
200801005,430.0,836.0,1307,41.0,32.9,63.96
200801006,180.0,403.0,594,11.0,30.3,67.85
200801007,289.0,323.0,627,15.0,46.09,51.52
200801008,227.0,98.0,339,14.0,66.96,28.91
200801009,303.0,199.0,529,27.0,57.28,37.62
200801010,322.0,410.0,745,13.0,43.22,55.03
200801011,292.0,484.0,792,16.0,36.87,61.11
200801013,291.0,308.0,627,28.0,46.41,49.12
200801014,278.0,267.0,563,18.0,49.38,47.42
200801015,148.0,76.0,235,11.0,62.98,32.34
200801017,66.0,116.0,184,2.0,35.87,63.04
200801018,137.0,67.0,209,5.0,65.55,32.06
200901001,120.0,226.0,351,5.0,34.19,64.39
200901002,262.0,673.0,963,28.0,27.21,69.89
200901003,386.0,872.0,1294,36.0,29.83,67.39
200901004,132.0,447.0,595,16.0,22.18,75.13
200901005,151.0,235.0,395,9.0,38.23,59.49
200901006,290.0,763.0,1075,22.0,26.98,70.98
200901007,178.0,153.0,334,3.0,53.29,45.81
200901008,194.0,408.0,617,15.0,31.44,66.13
200901009,149.0,324.0,485,12.0,30.72,66.8
200901010,475.0,638.0,1127,14.0,42.15,56.61
200901011,53.0,42.0,100,5.0,53.0,42.0
200901012,84.0,59.0,147,4.0,57.14,40.14
200901013,127.0,203.0,335,5.0,37.91,60.6
200901014,345.0,238.0,600,17.0,57.5,39.67
201001001,530.0,1445.0,2032,57.0,26.08,71.11
201001002,319.0,1282.0,1633,32.0,19.53,78.51
201001003,355.0,1146.0,1561,60.0,22.74,73.41
201001004,164.0,433.0,610,13.0,26.89,70.98
201001005,241.0,652.0,915,22.0,26.34,71.26
201001006,136.0,444.0,590,10.0,23.05,75.25
201001007,166.0,547.0,730,17.0,22.74,74.93
201001008,240.0,528.0,797,29.0,30.11,66.25
201001009,186.0,299.0,496,11.0,37.5,60.28
201001010,514.0,986.0,1546,46.0,33.25,63.78
201001011,244.0,322.0,596,30.0,40.94,54.03
201001013,189.0,224.0,425,12.0,44.47,52.71
201001014,343.0,431.0,822,48.0,41.73,52.43
201001015,230.0,341.0,599,28.0,38.4,56.93
201001016,248.0,406.0,679,25.0,36.52,59.79
201001017,88.0,348.0,452,16.0,19.47,76.99
201001018,441.0,1581.0,2078,56.0,21.22,76.08
201001020,263.0,441.0,729,25.0,36.08,60.49
201001021,154.0,238.0,404,12.0,38.12,58.91
201001022,104.0,328.0,442,10.0,23.53,74.21
201001023,77.0,184.0,264,3.0,29.17,69.7
201001024,148.0,342.0,501,11.0,29.54,68.26
201001027,208.0,383.0,606,15.0,34.32,63.2
201001028,261.0,458.0,741,22.0,35.22,61.81
201101001,292.0,668.0,982,22.0,29.74,68.02
201101002,147.0,357.0,520,16.0,28.27,68.65
201101003,209.0,572.0,809,28.0,25.83,70.7
201101004,329.0,1119.0,1491,43.0,22.07,75.05
201101005,166.0,493.0,684,25.0,24.27,72.08
201101006,405.0,1180.0,1622,37.0,24.97,72.75
201101007,371.0,1292.0,1696,33.0,21.88,76.18
201101008,492.0,1192.0,1729,45.0,28.46,68.94
201101010,153.0,422.0,583,8.0,26.24,72.38
201101011,262.0,644.0,923,17.0,28.39,69.77
201101012,83.0,319.0,407,5.0,20.39,78.38
201101013,181.0,1323.0,1524,20.0,11.88,86.81
201101014,348.0,1420.0,1816,48.0,19.16,78.19
201101015,106.0,378.0,500,16.0,21.2,75.6
201101017,234.0,605.0,867,28.0,26.99,69.78
201101018,382.0,808.0,1241,51.0,30.78,65.11
201101019,227.0,155.0,393,11.0,57.76,39.44
201101020,138.0,190.0,345,17.0,40.0,55.07
201101022,107.0,309.0,428,12.0,25.0,72.2
201101023,367.0,573.0,971,31.0,37.8,59.01
201101024,121.0,316.0,448,11.0,27.01,70.54
201101027,236.0,735.0,990,19.0,23.84,74.24
201101028,218.0,444.0,680,18.0,32.06,65.29
201101029,83.0,228.0,317,6.0,26.18,71.92
201101030,158.0,188.0,354,8.0,44.63,53.11
201101031,91.0,228.0,328,9.0,27.74,69.51
201101033,102.0,158.0,275,15.0,37.09,57.45
201101037,257.0,384.0,661,20.0,38.88,58.09
201101038,100.0,153.0,265,12.0,37.74,57.74
201101039,392.0,1258.0,1692,42.0,23.17,74.35
201101040,93.0,145.0,245,7.0,37.96,59.18
201201001,369.0,702.0,1096,25.0,33.67,64.05
201201002,160.0,336.0,512,16.0,31.25,65.62
201201003,303.0,581.0,910,26.0,33.3,63.85
201201004,194.0,227.0,437,16.0,44.39,51.95
201201005,151.0,230.0,391,10.0,38.62,58.82
201201006,235.0,260.0,507,12.0,46.35,51.28
201201007,185.0,263.0,462,14.0,40.04,56.93
201201008,327.0,379.0,733,27.0,44.61,51.71
201201009,242.0,156.0,407,9.0,59.46,38.33
201201010,94.0,67.0,164,3.0,57.32,40.85
201201011,93.0,91.0,186,2.0,50.0,48.92
201201012,231.0,294.0,533,8.0,43.34,55.16
201201013,189.0,365.0,570,16.0,33.16,64.04
201201015,361.0,325.0,712,26.0,50.7,45.65
201201016,122.0,164.0,299,13.0,40.8,54.85
201201017,41.0,11.0,52,0.0,78.85,21.15
201201019,137.0,195.0,337,5.0,40.65,57.86
201201020,376.0,402.0,791,13.0,47.53,50.82
201201021,285.0,313.0,612,14.0,46.57,51.14
201201022,186.0,71.0,264,7.0,70.45,26.89
201201023,155.0,137.0,300,8.0,51.67,45.67
201301002,903.0,1067.0,2028,58.0,44.53,52.61
201301003,314.0,98.0,420,8.0,74.76,23.33
201301004,319.0,133.0,467,15.0,68.31,28.48
201301005,455.0,570.0,1053,28.0,43.21,54.13
201301006,181.0,178.0,368,9.0,49.18,48.37
201301007,134.0,196.0,341,11.0,39.3,57.48
201301008,191.0,210.0,417,16.0,45.8,50.36
201301009,110.0,102.0,219,7.0,50.23,46.58
201301010,116.0,131.0,255,8.0,45.49,51.37
201301011,317.0,227.0,556,12.0,57.01,40.83
201301012,322.0,218.0,556,16.0,57.91,39.21
201301013,238.0,187.0,438,13.0,54.34,42.69
201301014,250.0,104.0,359,5.0,69.64,28.97
201301015,219.0,153.0,389,17.0,56.3,39.33
201301017,153.0,31.0,186,2.0,82.26,16.67
201301018,108.0,38.0,148,2.0,72.97,25.68
201301019,100.0,63.0,170,7.0,58.82,37.06
201301020,68.0,70.0,140,2.0,48.57,50.0
201301021,61.0,30.0,92,1.0,66.3,32.61
201301022,150.0,135.0,292,7.0,51.37,46.23
201401003,574.0,387.0,981,20.0,58.51,39.45
201401005,340.0,321.0,688,27.0,49.42,46.66
201401006,188.0,245.0,436,3.0,43.12,56.19
201401007,204.0,158.0,371,9.0,54.99,42.59
201401009,473.0,113.0,593,7.0,79.76,19.06
201401010,429.0,204.0,658,25.0,65.2,31.0
201402001,579.0,661.0,1265,25.0,45.77,52.25
201402004,357.0,391.0,768,20.0,46.48,50.91
201402005,212.0,290.0,518,16.0,40.93,55.98
201402006,282.0,282.0,573,9.0,49.21,49.21
201402009,141.0,155.0,310,14.0,45.48,50.0
201402010,96.0,77.0,176,3.0,54.55,43.75
201402012,132.0,55.0,188,1.0,70.21,29.26
201402014,155.0,67.0,224,2.0,69.2,29.91
201402018,54.0,18.0,73,1.0,73.97,24.66
201402021,164.0,155.0,326,7.0,50.31,47.55
201402022,141.0,90.0,236,5.0,59.75,38.14
210101002,172.0,232.0,409,5.0,42.05,56.72
210101004,95.0,384.0,483,4.0,19.67,79.5
210101005,202.0,197.0,412,13.0,49.03,47.82
210101006,379.0,366.0,754,9.0,50.27,48.54
210101007,156.0,205.0,366,5.0,42.62,56.01
210101008,405.0,765.0,1176,6.0,34.44,65.05
210101009,248.0,278.0,528,2.0,46.97,52.65
210101017,51.0,67.0,120,2.0,42.5,55.83
210101018,116.0,216.0,333,1.0,34.83,64.86
210102001,356.0,1392.0,1771,23.0,20.1,78.6
210102002,300.0,741.0,1055,14.0,28.44,70.24
210102003,198.0,412.0,614,4.0,32.25,67.1
210102004,459.0,602.0,1068,7.0,42.98,56.37
210102005,60.0,89.0,154,5.0,38.96,57.79
210102006,132.0,208.0,343,3.0,38.48,60.64
210102007,218.0,519.0,743,6.0,29.34,69.85
210102008,163.0,588.0,755,4.0,21.59,77.88
210102009,173.0,186.0,366,7.0,47.27,50.82
210102010,258.0,322.0,586,6.0,44.03,54.95
210102011,79.0,88.0,169,2.0,46.75,52.07
210103001,269.0,1472.0,1778,37.0,15.13,82.79
210103002,127.0,276.0,411,8.0,30.9,67.15
210103003,333.0,903.0,1253,17.0,26.58,72.07
210103004,108.0,351.0,466,7.0,23.18,75.32
210103005,112.0,195.0,313,6.0,35.78,62.3
210103006,126.0,274.0,416,16.0,30.29,65.87
210103007,226.0,684.0,931,21.0,24.27,73.47
210104002,60.0,86.0,147,1.0,40.82,58.5
210104003,258.0,342.0,604,4.0,42.72,56.62
210104004,222.0,477.0,712,13.0,31.18,66.99
210104005,198.0,96.0,302,8.0,65.56,31.79
210105001,464.0,1163.0,1641,14.0,28.28,70.87
210105002,114.0,289.0,407,4.0,28.01,71.01
210105003,237.0,210.0,451,4.0,52.55,46.56
210105004,141.0,246.0,393,6.0,35.88,62.6
210105005,199.0,219.0,426,8.0,46.71,51.41
210106001,663.0,1551.0,2252,38.0,29.44,68.87
210106002,328.0,1329.0,1682,25.0,19.5,79.01
210106003,40.0,143.0,183,0.0,21.86,78.14
210106004,183.0,278.0,466,5.0,39.27,59.66
210106005,137.0,179.0,323,7.0,42.41,55.42
210106006,79.0,239.0,321,3.0,24.61,74.45
210106007,173.0,334.0,515,8.0,33.59,64.85
210106008,520.0,1386.0,1943,37.0,26.76,71.33
210106009,180.0,848.0,1042,14.0,17.27,81.38
210106010,114.0,79.0,194,1.0,58.76,40.72
210106011,28.0,53.0,82,1.0,34.15,64.63
210106012,157.0,279.0,447,11.0,35.12,62.42
210106014,126.0,262.0,400,12.0,31.5,65.5
210106015,104.0,386.0,497,7.0,20.93,77.67
210202001,301.0,823.0,1135,11.0,26.52,72.51
210202003,68.0,206.0,276,2.0,24.64,74.64
210202004,399.0,1033.0,1446,14.0,27.59,71.44
210202005,187.0,479.0,672,6.0,27.83,71.28
210202006,327.0,651.0,1006,28.0,32.5,64.71
210202007,142.0,289.0,441,10.0,32.2,65.53
210202008,121.0,406.0,534,7.0,22.66,76.03
210202009,59.0,187.0,250,4.0,23.6,74.8
210202010,123.0,414.0,544,7.0,22.61,76.1
210202011,96.0,224.0,324,4.0,29.63,69.14
210202012,155.0,168.0,326,3.0,47.55,51.53
210202013,163.0,268.0,435,4.0,37.47,61.61
210202014,106.0,201.0,311,4.0,34.08,64.63
210202015,192.0,164.0,358,2.0,53.63,45.81
210202016,87.0,103.0,192,2.0,45.31,53.65
210202017,307.0,207.0,517,3.0,59.38,40.04
210202018,62.0,37.0,100,1.0,62.0,37.0
210202019,89.0,33.0,125,3.0,71.2,26.4
210203001,242.0,834.0,1084,8.0,22.32,76.94
210203002,386.0,876.0,1284,22.0,30.06,68.22
210203003,248.0,475.0,734,11.0,33.79,64.71
210203004,223.0,511.0,749,15.0,29.77,68.22
210203005,178.0,394.0,580,8.0,30.69,67.93
210203006,130.0,287.0,421,4.0,30.88,68.17
210203007,230.0,79.0,314,5.0,73.25,25.16
210204001,329.0,804.0,1155,22.0,28.48,69.61
210204002,277.0,527.0,811,7.0,34.16,64.98
210204003,96.0,76.0,174,2.0,55.17,43.68
210301001,73.0,93.0,167,1.0,43.71,55.69
210301002,127.0,221.0,353,5.0,35.98,62.61
210301004,389.0,1626.0,2023,8.0,19.23,80.38
210301005,252.0,748.0,1011,11.0,24.93,73.99
210301007,59.0,45.0,105,1.0,56.19,42.86
210302001,293.0,981.0,1279,5.0,22.91,76.7
210302002,124.0,240.0,367,3.0,33.79,65.4
210302003,78.0,225.0,307,4.0,25.41,73.29
210302005,75.0,271.0,355,9.0,21.13,76.34
210302006,102.0,165.0,269,2.0,37.92,61.34
210302007,164.0,265.0,436,7.0,37.61,60.78
210302008,104.0,100.0,207,3.0,50.24,48.31
210302010,103.0,83.0,194,8.0,53.09,42.78
210302013,140.0,40.0,182,2.0,76.92,21.98
210302014,49.0,128.0,182,5.0,26.92,70.33
210303001,116.0,148.0,268,4.0,43.28,55.22
210303002,104.0,269.0,376,3.0,27.66,71.54
210303003,126.0,137.0,264,1.0,47.73,51.89
210303004,77.0,183.0,263,3.0,29.28,69.58
210303005,64.0,261.0,326,1.0,19.63,80.06
210303006,412.0,483.0,909,14.0,45.32,53.14
210303007,66.0,100.0,172,6.0,38.37,58.14
210303008,109.0,197.0,306,0.0,35.62,64.38
210303009,146.0,181.0,339,12.0,43.07,53.39
210303010,107.0,198.0,312,7.0,34.29,63.46
210303011,26.0,95.0,121,0.0,21.49,78.51
210303012,343.0,1099.0,1457,15.0,23.54,75.43
210303013,117.0,146.0,264,1.0,44.32,55.3
210303014,74.0,193.0,274,7.0,27.01,70.44
210303015,55.0,113.0,169,1.0,32.54,66.86
210303016,8.0,29.0,37,0.0,21.62,78.38
210303017,118.0,319.0,439,2.0,26.88,72.67
210303018,145.0,309.0,459,5.0,31.59,67.32
210303020,214.0,339.0,558,5.0,38.35,60.75
210304001,152.0,915.0,1078,11.0,14.1,84.88
210304002,284.0,1452.0,1760,24.0,16.14,82.5
210304003,203.0,789.0,1005,13.0,20.2,78.51
210304005,38.0,65.0,103,0.0,36.89,63.11
210304006,527.0,452.0,988,9.0,53.34,45.75
210304007,245.0,314.0,567,8.0,43.21,55.38
210305001,452.0,2263.0,2753,38.0,16.42,82.2
210305005,552.0,2383.0,2970,35.0,18.59,80.24
210305006,424.0,1891.0,2337,22.0,18.14,80.92
210305008,362.0,1988.0,2366,16.0,15.3,84.02
210305009,370.0,1139.0,1527,18.0,24.23,74.59
210305010,159.0,386.0,547,2.0,29.07,70.57
210305011,189.0,128.0,321,4.0,58.88,39.88
210305012,52.0,156.0,208,0.0,25.0,75.0
210305013,73.0,245.0,319,1.0,22.88,76.8
210305014,168.0,360.0,538,10.0,31.23,66.91
210305015,484.0,929.0,1429,16.0,33.87,65.01
210305016,182.0,285.0,472,5.0,38.56,60.38
210305017,244.0,1175.0,1445,26.0,16.89,81.31
210305018,199.0,1217.0,1430,14.0,13.92,85.1
210305020,170.0,514.0,697,13.0,24.39,73.74
210305022,193.0,138.0,337,6.0,57.27,40.95
210305024,141.0,168.0,314,5.0,44.9,53.5
210305025,283.0,180.0,477,14.0,59.33,37.74
210305027,128.0,93.0,227,6.0,56.39,40.97
210401001,567.0,1747.0,2336,22.0,24.27,74.79
210401004,467.0,496.0,978,15.0,47.75,50.72
210401005,144.0,204.0,353,5.0,40.79,57.79
210401007,250.0,254.0,514,10.0,48.64,49.42
210401011,202.0,135.0,342,5.0,59.06,39.47
210402001,464.0,1230.0,1734,40.0,26.76,70.93
210402002,1014.0,2296.0,3374,64.0,30.05,68.05
210402003,306.0,603.0,928,19.0,32.97,64.98
210402004,423.0,627.0,1085,35.0,38.99,57.79
210402005,304.0,274.0,587,9.0,51.79,46.68
210402006,642.0,1853.0,2548,53.0,25.2,72.72
210402008,554.0,1134.0,1716,28.0,32.28,66.08
210402009,550.0,800.0,1374,24.0,40.03,58.22
210402010,203.0,446.0,668,19.0,30.39,66.77
210402011,269.0,175.0,450,6.0,59.78,38.89
210402012,226.0,358.0,588,4.0,38.44,60.88
210402013,647.0,532.0,1198,19.0,54.01,44.41
210402014,167.0,204.0,378,7.0,44.18,53.97
210402024,349.0,49.0,405,7.0,86.17,12.1
210402025,184.0,103.0,294,7.0,62.59,35.03
210402026,189.0,138.0,337,10.0,56.08,40.95
210402027,165.0,134.0,306,7.0,53.92,43.79
210404001,800.0,1422.0,2256,34.0,35.46,63.03
210404003,1383.0,1104.0,2534,47.0,54.58,43.57
210404004,762.0,1637.0,2426,27.0,31.41,67.48
210404005,938.0,1045.0,2001,18.0,46.88,52.22
210404006,374.0,625.0,1007,8.0,37.14,62.07
210404008,781.0,882.0,1687,24.0,46.3,52.28
210404009,440.0,432.0,883,11.0,49.83,48.92
210404010,455.0,248.0,716,13.0,63.55,34.64
210404011,563.0,593.0,1164,8.0,48.37,50.95
210404012,175.0,554.0,735,6.0,23.81,75.37
210404013,837.0,455.0,1300,8.0,64.38,35.0
210404014,470.0,465.0,944,9.0,49.79,49.26
210404015,406.0,299.0,718,13.0,56.55,41.64
210404020,183.0,99.0,285,3.0,64.21,34.74
210404021,231.0,32.0,265,2.0,87.17,12.08
210404022,90.0,45.0,137,2.0,65.69,32.85
210404023,449.0,39.0,488,0.0,92.01,7.99
210404024,167.0,109.0,277,1.0,60.29,39.35
210405001,565.0,728.0,1316,23.0,42.93,55.32
210405002,521.0,493.0,1039,25.0,50.14,47.45
210405003,505.0,405.0,920,10.0,54.89,44.02
210405004,214.0,169.0,389,6.0,55.01,43.44
210405005,440.0,187.0,639,12.0,68.86,29.26
210405006,402.0,284.0,690,4.0,58.26,41.16
210405007,551.0,677.0,1243,15.0,44.33,54.47
210405010,217.0,73.0,290,0.0,74.83,25.17
210406001,399.0,494.0,904,11.0,44.14,54.65
210406007,423.0,137.0,571,11.0,74.08,23.99
210406012,267.0,157.0,442,18.0,60.41,35.52
210407001,678.0,357.0,1050,15.0,64.57,34.0
210407002,170.0,92.0,265,3.0,64.15,34.72
210407003,226.0,247.0,480,7.0,47.08,51.46
210407004,279.0,129.0,410,2.0,68.05,31.46
210407005,910.0,822.0,1761,29.0,51.68,46.68
210407006,342.0,549.0,910,19.0,37.58,60.33
210407007,661.0,1400.0,2090,29.0,31.63,66.99
210407008,213.0,235.0,453,5.0,47.02,51.88
210407009,1024.0,866.0,1934,44.0,52.95,44.78
210407010,660.0,530.0,1202,12.0,54.91,44.09
210407011,389.0,711.0,1115,15.0,34.89,63.77
210407012,222.0,230.0,462,10.0,48.05,49.78
210407013,156.0,228.0,390,6.0,40.0,58.46
210407014,217.0,251.0,477,9.0,45.49,52.62
210407015,350.0,397.0,754,7.0,46.42,52.65
210407017,349.0,290.0,653,14.0,53.45,44.41
210407018,206.0,161.0,374,7.0,55.08,43.05
210407019,237.0,149.0,393,7.0,60.31,37.91
210407020,357.0,273.0,637,7.0,56.04,42.86
210407021,314.0,175.0,498,9.0,63.05,35.14
210407022,83.0,169.0,254,2.0,32.68,66.54
210501001,129.0,319.0,454,6.0,28.41,70.26
210501002,286.0,1560.0,1866,20.0,15.33,83.6
210501003,198.0,1327.0,1547,22.0,12.8,85.78
210501004,253.0,1003.0,1274,18.0,19.86,78.73
210501006,76.0,470.0,549,3.0,13.84,85.61
210501007,118.0,380.0,505,7.0,23.37,75.25
210501008,95.0,485.0,591,11.0,16.07,82.06
210501009,68.0,321.0,394,5.0,17.26,81.47
210501010,95.0,350.0,451,6.0,21.06,77.61
210502001,621.0,915.0,1565,29.0,39.68,58.47
210502002,186.0,898.0,1111,27.0,16.74,80.83
210502003,225.0,1027.0,1268,16.0,17.74,80.99
210502004,102.0,449.0,556,5.0,18.35,80.76
210502006,201.0,958.0,1175,16.0,17.11,81.53
210502007,131.0,1154.0,1292,7.0,10.14,89.32
210502008,145.0,1495.0,1650,10.0,8.79,90.61
210502009,137.0,785.0,942,20.0,14.54,83.33
210502010,261.0,1380.0,1668,27.0,15.65,82.73
210502011,265.0,1209.0,1486,12.0,17.83,81.36
210502012,446.0,1118.0,1595,31.0,27.96,70.09
210502013,341.0,1101.0,1472,30.0,23.17,74.8
210502014,229.0,795.0,1043,19.0,21.96,76.22
210502015,355.0,1213.0,1584,16.0,22.41,76.58
210502016,430.0,1161.0,1613,22.0,26.66,71.98
210502017,156.0,738.0,909,15.0,17.16,81.19
210502018,212.0,641.0,871,18.0,24.34,73.59
210502019,505.0,1390.0,1921,26.0,26.29,72.36
210502020,99.0,270.0,375,6.0,26.4,72.0
210502021,73.0,249.0,330,8.0,22.12,75.45
210502023,901.0,1054.0,1997,42.0,45.12,52.78
210502024,145.0,197.0,349,7.0,41.55,56.45
210502025,50.0,166.0,218,2.0,22.94,76.15
210502026,441.0,624.0,1083,18.0,40.72,57.62
210503001,249.0,846.0,1108,13.0,22.47,76.35
210503002,303.0,1453.0,1786,30.0,16.97,81.35
210503004,212.0,768.0,991,11.0,21.39,77.5
210503007,354.0,1798.0,2185,33.0,16.2,82.29
210503009,571.0,1834.0,2439,34.0,23.41,75.19
210503010,172.0,688.0,881,21.0,19.52,78.09
210503013,318.0,1243.0,1580,19.0,20.13,78.67
210503014,251.0,1125.0,1393,17.0,18.02,80.76
210503016,341.0,971.0,1334,22.0,25.56,72.79
210503018,354.0,1348.0,1732,30.0,20.44,77.83
210503019,155.0,767.0,936,14.0,16.56,81.94
210503020,426.0,1314.0,1768,28.0,24.1,74.32
210503021,211.0,680.0,899,8.0,23.47,75.64
210503022,469.0,1435.0,1931,27.0,24.29,74.31
210503024,543.0,1445.0,2028,40.0,26.78,71.25
210503025,251.0,970.0,1245,24.0,20.16,77.91
210503026,213.0,1178.0,1404,13.0,15.17,83.9
210503027,191.0,1267.0,1469,11.0,13.0,86.25
210503028,60.0,245.0,306,1.0,19.61,80.07
210503033,74.0,217.0,299,8.0,24.75,72.58
210503036,153.0,684.0,846,9.0,18.09,80.85
210504001,75.0,304.0,389,10.0,19.28,78.15
210504002,306.0,1283.0,1612,23.0,18.98,79.59
210504003,213.0,828.0,1053,12.0,20.23,78.63
210504004,314.0,1173.0,1514,27.0,20.74,77.48
210504006,294.0,1618.0,1932,20.0,15.22,83.75
210504007,183.0,1090.0,1291,18.0,14.18,84.43
210504008,98.0,441.0,548,9.0,17.88,80.47
210504009,216.0,998.0,1231,17.0,17.55,81.07
210504011,211.0,1022.0,1244,11.0,16.96,82.15
210504012,259.0,1784.0,2066,23.0,12.54,86.35
210504013,173.0,601.0,785,11.0,22.04,76.56
210504015,137.0,414.0,558,7.0,24.55,74.19
210504016,184.0,737.0,933,12.0,19.72,78.99
210504017,113.0,256.0,377,8.0,29.97,67.9
210504020,251.0,1407.0,1668,10.0,15.05,84.35
210505001,117.0,684.0,805,4.0,14.53,84.97
210505002,305.0,1476.0,1800,19.0,16.94,82.0
210505003,194.0,745.0,948,9.0,20.46,78.59
210505004,208.0,702.0,919,9.0,22.63,76.39
210505005,272.0,1003.0,1294,19.0,21.02,77.51
210505006,231.0,844.0,1081,6.0,21.37,78.08
210505007,247.0,1277.0,1535,11.0,16.09,83.19
210505010,189.0,611.0,813,13.0,23.25,75.15
210505011,335.0,922.0,1279,22.0,26.19,72.09
210505012,162.0,1210.0,1394,22.0,11.62,86.8
210505013,99.0,300.0,400,1.0,24.75,75.0
210505014,205.0,1233.0,1457,19.0,14.07,84.63
210506001,145.0,1680.0,1835,10.0,7.9,91.55
210506003,185.0,1094.0,1293,14.0,14.31,84.61
210506004,327.0,2658.0,3016,31.0,10.84,88.13
210506005,206.0,1519.0,1744,19.0,11.81,87.1
210506006,370.0,1689.0,2085,26.0,17.75,81.01
210506007,170.0,947.0,1130,13.0,15.04,83.81
210506008,126.0,396.0,524,2.0,24.05,75.57
210506009,355.0,1236.0,1619,28.0,21.93,76.34
210506011,214.0,1939.0,2183,30.0,9.8,88.82
210506012,106.0,1314.0,1436,16.0,7.38,91.5
210506013,120.0,1195.0,1334,19.0,9.0,89.58
210506014,298.0,2125.0,2447,24.0,12.18,86.84
210506015,113.0,491.0,612,8.0,18.46,80.23
210506016,100.0,307.0,410,3.0,24.39,74.88
210506018,93.0,219.0,313,1.0,29.71,69.97
210506019,131.0,689.0,829,9.0,15.8,83.11
210506020,62.0,551.0,622,9.0,9.97,88.59
210507007,349.0,1929.0,2304,26.0,15.15,83.72
210507008,303.0,1843.0,2169,23.0,13.97,84.97
210507009,223.0,1233.0,1478,22.0,15.09,83.42
210507010,160.0,1528.0,1709,21.0,9.36,89.41
210507011,335.0,1191.0,1549,23.0,21.63,76.89
210507012,157.0,870.0,1038,11.0,15.13,83.82
210507015,244.0,1079.0,1341,18.0,18.2,80.46
210507017,60.0,292.0,356,4.0,16.85,82.02
210507019,264.0,858.0,1138,16.0,23.2,75.4
210507020,55.0,242.0,299,2.0,18.39,80.94
210507021,75.0,325.0,405,5.0,18.52,80.25
210507022,64.0,416.0,481,1.0,13.31,86.49
210507025,37.0,98.0,135,0.0,27.41,72.59
210508001,209.0,1024.0,1248,15.0,16.75,82.05
210508002,110.0,626.0,750,14.0,14.67,83.47
210508003,216.0,1133.0,1361,12.0,15.87,83.25
210508004,203.0,734.0,954,17.0,21.28,76.94
210508006,138.0,1187.0,1343,18.0,10.28,88.38
210508007,125.0,607.0,734,2.0,17.03,82.7
210508009,222.0,856.0,1095,17.0,20.27,78.17
210508010,338.0,2176.0,2539,25.0,13.31,85.7
210508011,31.0,347.0,380,2.0,8.16,91.32
210508012,74.0,371.0,449,4.0,16.48,82.63
210508014,30.0,133.0,163,0.0,18.4,81.6
210508015,74.0,212.0,291,5.0,25.43,72.85
210508019,109.0,309.0,422,4.0,25.83,73.22
210508020,47.0,146.0,198,5.0,23.74,73.74
210508023,146.0,557.0,710,7.0,20.56,78.45
210508024,33.0,236.0,269,0.0,12.27,87.73
210508026,283.0,1205.0,1505,17.0,18.8,80.07
210509001,133.0,231.0,369,5.0,36.04,62.6
210509002,607.0,1320.0,1968,41.0,30.84,67.07
210509004,505.0,1145.0,1689,39.0,29.9,67.79
210509006,654.0,1036.0,1717,27.0,38.09,60.34
210509007,653.0,735.0,1410,22.0,46.31,52.13
210509009,547.0,987.0,1565,31.0,34.95,63.07
210509011,444.0,603.0,1076,29.0,41.26,56.04
210509012,339.0,723.0,1084,22.0,31.27,66.7
210509013,489.0,646.0,1156,21.0,42.3,55.88
210509014,137.0,153.0,296,6.0,46.28,51.69
210509015,368.0,1241.0,1638,29.0,22.47,75.76
210509016,313.0,657.0,981,11.0,31.91,66.97
210509019,324.0,626.0,965,15.0,33.58,64.87
210509022,316.0,258.0,593,19.0,53.29,43.51
210509023,216.0,432.0,658,10.0,32.83,65.65
210509027,396.0,456.0,877,25.0,45.15,52.0
210509030,321.0,424.0,761,16.0,42.18,55.72
210509031,457.0,665.0,1156,34.0,39.53,57.53
210509033,217.0,323.0,552,12.0,39.31,58.51
210509035,328.0,132.0,465,5.0,70.54,28.39
210509036,496.0,661.0,1187,30.0,41.79,55.69
210509041,390.0,370.0,781,21.0,49.94,47.38
210509042,130.0,118.0,252,4.0,51.59,46.83
210509045,338.0,128.0,470,4.0,71.91,27.23
210509049,211.0,242.0,467,14.0,45.18,51.82
210509050,113.0,125.0,244,6.0,46.31,51.23
210509052,138.0,167.0,313,8.0,44.09,53.35
210509056,162.0,130.0,299,7.0,54.18,43.48
210510002,351.0,1305.0,1690,34.0,20.77,77.22
210511001,291.0,1321.0,1625,13.0,17.91,81.29
210511002,253.0,1217.0,1489,19.0,16.99,81.73
210511003,241.0,1423.0,1688,24.0,14.28,84.3
210511004,261.0,867.0,1139,11.0,22.91,76.12
210511005,205.0,702.0,920,13.0,22.28,76.3
210511006,194.0,900.0,1112,18.0,17.45,80.94
210511007,202.0,1009.0,1222,11.0,16.53,82.57
210511008,447.0,1591.0,2066,28.0,21.64,77.01
210511009,272.0,1352.0,1645,21.0,16.53,82.19
210511010,150.0,519.0,680,11.0,22.06,76.32
210511011,308.0,1174.0,1513,31.0,20.36,77.59
210511012,329.0,1614.0,1967,24.0,16.73,82.05
210511013,301.0,1453.0,1778,24.0,16.93,81.72
210513002,576.0,2080.0,2720,64.0,21.18,76.47
210513003,329.0,1483.0,1836,24.0,17.92,80.77
210513006,539.0,795.0,1358,24.0,39.69,58.54
210513007,641.0,1503.0,2184,40.0,29.35,68.82
210513008,306.0,817.0,1144,21.0,26.75,71.42
210513009,144.0,885.0,1042,13.0,13.82,84.93
210513010,656.0,2654.0,3369,59.0,19.47,78.78
210513011,318.0,977.0,1330,35.0,23.91,73.46
210513012,868.0,2906.0,3836,62.0,22.63,75.76
210513014,547.0,1585.0,2166,34.0,25.25,73.18
210513015,205.0,637.0,859,17.0,23.86,74.16
210513016,439.0,2001.0,2483,43.0,17.68,80.59
210513018,259.0,663.0,949,27.0,27.29,69.86
210513022,487.0,1234.0,1756,35.0,27.73,70.27
210513023,239.0,543.0,798,16.0,29.95,68.05
210513025,193.0,489.0,697,15.0,27.69,70.16
210513027,493.0,477.0,992,22.0,49.7,48.08
210513029,190.0,514.0,717,13.0,26.5,71.69
210513030,182.0,465.0,654,7.0,27.83,71.1
210513032,104.0,282.0,400,14.0,26.0,70.5
210513034,241.0,601.0,854,12.0,28.22,70.37
210513037,370.0,879.0,1269,20.0,29.16,69.27
210513039,306.0,410.0,735,19.0,41.63,55.78
210513040,343.0,553.0,916,20.0,37.45,60.37
210513041,310.0,543.0,874,21.0,35.47,62.13
210513044,200.0,332.0,548,16.0,36.5,60.58
210513046,147.0,240.0,394,7.0,37.31,60.91
210513047,302.0,411.0,721,8.0,41.89,57.0
210513048,210.0,264.0,490,16.0,42.86,53.88
210513050,404.0,1424.0,1856,28.0,21.77,76.72
210513052,135.0,336.0,475,4.0,28.42,70.74
210513053,182.0,416.0,603,5.0,30.18,68.99
210513054,112.0,313.0,436,11.0,25.69,71.79
210514001,316.0,1531.0,1878,31.0,16.83,81.52
210514002,90.0,266.0,360,4.0,25.0,73.89
210514004,284.0,1088.0,1402,30.0,20.26,77.6
210514005,496.0,1140.0,1668,32.0,29.74,68.35
210514006,201.0,818.0,1028,9.0,19.55,79.57
210514007,623.0,2360.0,3029,46.0,20.57,77.91
210514008,478.0,1763.0,2283,42.0,20.94,77.22
210514009,254.0,1126.0,1398,18.0,18.17,80.54
210514011,126.0,363.0,493,4.0,25.56,73.63
210514012,402.0,1316.0,1737,19.0,23.14,75.76
210514013,522.0,2074.0,2645,49.0,19.74,78.41
210514015,342.0,1023.0,1393,28.0,24.55,73.44
210514018,86.0,205.0,297,6.0,28.96,69.02
210514019,191.0,685.0,899,23.0,21.25,76.2
210514020,189.0,1024.0,1230,17.0,15.37,83.25
210514023,145.0,517.0,675,13.0,21.48,76.59
210514024,99.0,202.0,308,7.0,32.14,65.58
210514027,149.0,308.0,464,7.0,32.11,66.38
210516001,255.0,817.0,1085,13.0,23.5,75.3
210516002,401.0,1390.0,1825,34.0,21.97,76.16
210516006,440.0,829.0,1280,11.0,34.38,64.77
210516008,288.0,1080.0,1391,23.0,20.7,77.64
210516009,175.0,826.0,1008,7.0,17.36,81.94
210516010,134.0,225.0,361,2.0,37.12,62.33
210516011,115.0,206.0,332,11.0,34.64,62.05
210516012,319.0,1121.0,1464,24.0,21.79,76.57
210516013,321.0,1258.0,1601,22.0,20.05,78.58
210516016,92.0,243.0,339,4.0,27.14,71.68
210516017,448.0,276.0,738,14.0,60.7,37.4
210516018,567.0,833.0,1419,19.0,39.96,58.7
210516019,346.0,513.0,876,17.0,39.5,58.56
210516021,239.0,515.0,763,9.0,31.32,67.5
210516022,401.0,1219.0,1649,29.0,24.32,73.92
210516023,239.0,551.0,797,7.0,29.99,69.13
210516024,105.0,158.0,272,9.0,38.6,58.09
210516025,82.0,181.0,272,9.0,30.15,66.54
210516026,209.0,309.0,525,7.0,39.81,58.86
210516027,208.0,194.0,414,12.0,50.24,46.86
210516028,160.0,220.0,386,6.0,41.45,56.99
210516029,116.0,73.0,197,8.0,58.88,37.06
210516030,184.0,210.0,399,5.0,46.12,52.63
210516031,99.0,225.0,333,9.0,29.73,67.57
210516036,98.0,138.0,237,1.0,41.35,58.23
210516037,291.0,196.0,495,8.0,58.79,39.6
210516039,327.0,166.0,506,13.0,64.62,32.81
210516045,197.0,432.0,641,12.0,30.73,67.39
210516046,262.0,202.0,469,5.0,55.86,43.07
210516047,172.0,125.0,302,5.0,56.95,41.39
210517002,977.0,1836.0,2877,64.0,33.96,63.82
210517004,388.0,818.0,1226,20.0,31.65,66.72
210517022,151.0,448.0,609,10.0,24.79,73.56
210517023,305.0,555.0,881,21.0,34.62,63.0
210517044,115.0,158.0,278,5.0,41.37,56.83
210518001,671.0,680.0,1381,30.0,48.59,49.24
210518002,302.0,916.0,1234,16.0,24.47,74.23
210518003,364.0,619.0,1007,24.0,36.15,61.47
210518005,129.0,196.0,327,2.0,39.45,59.94
210518006,129.0,247.0,377,1.0,34.22,65.52
210518007,193.0,168.0,367,6.0,52.59,45.78
210518008,124.0,346.0,476,6.0,26.05,72.69
210518009,129.0,149.0,283,5.0,45.58,52.65
210518010,302.0,724.0,1034,8.0,29.21,70.02
210518012,51.0,56.0,110,3.0,46.36,50.91
210518013,204.0,126.0,333,3.0,61.26,37.84
210518014,285.0,133.0,421,3.0,67.7,31.59
210518015,309.0,201.0,520,10.0,59.42,38.65
210518016,155.0,109.0,269,5.0,57.62,40.52
210518017,285.0,239.0,540,16.0,52.78,44.26
210518018,216.0,149.0,370,5.0,58.38,40.27
210518019,150.0,125.0,277,2.0,54.15,45.13
210518020,272.0,261.0,547,14.0,49.73,47.71
210518021,278.0,109.0,394,7.0,70.56,27.66
210601001,291.0,124.0,415,0.0,70.12,29.88
210601002,327.0,734.0,1068,7.0,30.62,68.73
210601003,114.0,169.0,283,0.0,40.28,59.72
210601005,128.0,112.0,243,3.0,52.67,46.09
210601007,129.0,85.0,216,2.0,59.72,39.35
210601008,96.0,108.0,207,3.0,46.38,52.17
210601009,143.0,77.0,220,0.0,65.0,35.0
210602001,247.0,218.0,472,7.0,52.33,46.19
210602002,475.0,979.0,1482,28.0,32.05,66.06
210602003,121.0,432.0,569,16.0,21.27,75.92
210602004,172.0,135.0,308,1.0,55.84,43.83
210602007,184.0,237.0,438,17.0,42.01,54.11
210602008,227.0,266.0,498,5.0,45.58,53.41
210602009,99.0,66.0,165,0.0,60.0,40.0
210602010,70.0,109.0,181,2.0,38.67,60.22
210602011,84.0,130.0,219,5.0,38.36,59.36
210603001,264.0,252.0,518,2.0,50.97,48.65
210603003,393.0,907.0,1304,4.0,30.14,69.56
210603005,90.0,138.0,229,1.0,39.3,60.26
210603007,124.0,153.0,280,3.0,44.29,54.64
210603008,136.0,32.0,168,0.0,80.95,19.05
210604001,428.0,751.0,1208,29.0,35.43,62.17
210604002,531.0,565.0,1100,4.0,48.27,51.36
210604004,581.0,256.0,839,2.0,69.25,30.51
210604005,732.0,814.0,1554,8.0,47.1,52.38
210604007,546.0,408.0,961,7.0,56.82,42.46
210604008,357.0,54.0,413,2.0,86.44,13.08
210604009,280.0,178.0,461,3.0,60.74,38.61
210604010,409.0,228.0,645,8.0,63.41,35.35
210604013,247.0,36.0,284,1.0,86.97,12.68
210604014,338.0,127.0,468,3.0,72.22,27.14
210604015,129.0,61.0,192,2.0,67.19,31.77
210604016,288.0,93.0,382,1.0,75.39,24.35
210604018,237.0,66.0,307,4.0,77.2,21.5
210604020,159.0,47.0,206,0.0,77.18,22.82
210605001,616.0,773.0,1405,16.0,43.84,55.02
210605002,242.0,449.0,695,4.0,34.82,64.6
210605003,353.0,847.0,1213,13.0,29.1,69.83
210605005,271.0,540.0,819,8.0,33.09,65.93
210605006,412.0,904.0,1335,19.0,30.86,67.72
210605007,356.0,933.0,1303,14.0,27.32,71.6
210605008,377.0,690.0,1081,14.0,34.88,63.83
210605009,528.0,796.0,1335,11.0,39.55,59.63
210605010,133.0,216.0,351,2.0,37.89,61.54
210605011,171.0,523.0,704,10.0,24.29,74.29
210605012,180.0,287.0,471,4.0,38.22,60.93
210605013,314.0,486.0,811,11.0,38.72,59.93
210605014,181.0,168.0,355,6.0,50.99,47.32
210605015,295.0,352.0,651,4.0,45.31,54.07
210605016,150.0,231.0,389,8.0,38.56,59.38
210605019,204.0,211.0,423,8.0,48.23,49.88
210605020,208.0,311.0,530,11.0,39.25,58.68
210605021,256.0,422.0,681,3.0,37.59,61.97
210605022,340.0,326.0,674,8.0,50.45,48.37
210605023,76.0,25.0,102,1.0,74.51,24.51
210605024,208.0,196.0,405,1.0,51.36,48.4
210605025,195.0,198.0,393,0.0,49.62,50.38
210605026,388.0,305.0,698,5.0,55.59,43.7
210605027,210.0,223.0,436,3.0,48.17,51.15
210605028,141.0,78.0,220,1.0,64.09,35.45
210605029,207.0,200.0,410,3.0,50.49,48.78
210605030,232.0,197.0,433,4.0,53.58,45.5
210605034,139.0,77.0,217,1.0,64.06,35.48
210605035,141.0,132.0,276,3.0,51.09,47.83
210605036,137.0,136.0,275,2.0,49.82,49.45
210605037,145.0,69.0,215,1.0,67.44,32.09
210605038,122.0,77.0,199,0.0,61.31,38.69
210701001,379.0,615.0,1026,32.0,36.94,59.94
210701004,98.0,116.0,217,3.0,45.16,53.46
210701007,169.0,168.0,338,1.0,50.0,49.7
210701009,441.0,311.0,760,8.0,58.03,40.92
210701011,388.0,288.0,683,7.0,56.81,42.17
210701012,269.0,169.0,441,3.0,61.0,38.32
210701014,373.0,511.0,904,20.0,41.26,56.53
210701015,626.0,556.0,1217,35.0,51.44,45.69
210701016,273.0,316.0,613,24.0,44.54,51.55
210701018,179.0,193.0,380,8.0,47.11,50.79
210701019,436.0,264.0,716,16.0,60.89,36.87
210701020,155.0,54.0,211,2.0,73.46,25.59
210701021,148.0,187.0,341,6.0,43.4,54.84
210701022,385.0,245.0,643,13.0,59.88,38.1
210701024,480.0,342.0,828,6.0,57.97,41.3
210701026,289.0,114.0,407,4.0,71.01,28.01
210701027,106.0,111.0,220,3.0,48.18,50.45
210701030,223.0,90.0,324,11.0,68.83,27.78
210701031,157.0,102.0,265,6.0,59.25,38.49
210701032,183.0,198.0,386,5.0,47.41,51.3
210701033,159.0,82.0,245,4.0,64.9,33.47
210701034,236.0,109.0,349,4.0,67.62,31.23
210701035,152.0,178.0,333,3.0,45.65,53.45
210701042,188.0,39.0,233,6.0,80.69,16.74
210703001,985.0,794.0,1792,13.0,54.97,44.31
210703002,223.0,263.0,491,5.0,45.42,53.56
210703003,368.0,495.0,874,11.0,42.11,56.64
210703004,273.0,225.0,501,3.0,54.49,44.91
210703005,120.0,117.0,237,0.0,50.63,49.37
210703006,156.0,155.0,315,4.0,49.52,49.21
210703008,91.0,43.0,137,3.0,66.42,31.39
210703009,306.0,86.0,393,1.0,77.86,21.88
210703012,507.0,93.0,602,2.0,84.22,15.45
210703014,585.0,503.0,1093,5.0,53.52,46.02
210703015,92.0,47.0,140,1.0,65.71,33.57
210703017,186.0,41.0,228,1.0,81.58,17.98
210704001,163.0,126.0,291,2.0,56.01,43.3
210704002,463.0,170.0,635,2.0,72.91,26.77
210704003,240.0,79.0,321,2.0,74.77,24.61
210704004,564.0,247.0,835,24.0,67.54,29.58
210704005,430.0,153.0,600,17.0,71.67,25.5
210801001,347.0,1585.0,1958,26.0,17.72,80.95
210801002,217.0,652.0,875,6.0,24.8,74.51
210801003,56.0,264.0,320,0.0,17.5,82.5
210801004,237.0,988.0,1239,14.0,19.13,79.74
210801005,187.0,563.0,762,12.0,24.54,73.88
210801006,128.0,136.0,267,3.0,47.94,50.94
210801007,37.0,56.0,93,0.0,39.78,60.22
210801008,213.0,134.0,354,7.0,60.17,37.85
210802001,259.0,962.0,1238,17.0,20.92,77.71
210802002,209.0,537.0,757,11.0,27.61,70.94
210802003,353.0,577.0,942,12.0,37.47,61.25
210802004,212.0,493.0,711,6.0,29.82,69.34
210802005,268.0,372.0,650,10.0,41.23,57.23
210803001,195.0,765.0,971,11.0,20.08,78.78
210803002,229.0,256.0,488,3.0,46.93,52.46
210803004,425.0,971.0,1414,18.0,30.06,68.67
210803005,203.0,643.0,862,16.0,23.55,74.59
210803006,202.0,559.0,778,17.0,25.96,71.85
210803007,478.0,574.0,1073,21.0,44.55,53.49
210803010,412.0,1333.0,1772,27.0,23.25,75.23
210803011,606.0,1824.0,2458,28.0,24.65,74.21
210803012,369.0,1216.0,1600,15.0,23.06,76.0
210803013,188.0,381.0,577,8.0,32.58,66.03
210803014,315.0,1360.0,1701,26.0,18.52,79.95
210803015,239.0,1132.0,1388,17.0,17.22,81.56
210803016,308.0,1145.0,1470,17.0,20.95,77.89
210803017,183.0,505.0,696,8.0,26.29,72.56
210803021,195.0,397.0,598,6.0,32.61,66.39
210803022,241.0,1136.0,1398,21.0,17.24,81.26
210803023,112.0,265.0,386,9.0,29.02,68.65
210803024,123.0,613.0,748,12.0,16.44,81.95
210803027,170.0,460.0,639,9.0,26.6,71.99
210803028,296.0,421.0,726,9.0,40.77,57.99
210803029,117.0,40.0,158,1.0,74.05,25.32
210803039,146.0,103.0,253,4.0,57.71,40.71
210804001,286.0,316.0,611,9.0,46.81,51.72
210804002,147.0,175.0,325,3.0,45.23,53.85
210804003,674.0,322.0,1017,21.0,66.27,31.66
210804004,171.0,38.0,209,0.0,81.82,18.18
210804005,204.0,294.0,507,9.0,40.24,57.99
210901001,187.0,214.0,407,6.0,45.95,52.58
210901002,170.0,171.0,350,9.0,48.57,48.86
210901003,124.0,275.0,405,6.0,30.62,67.9
210901004,154.0,399.0,567,14.0,27.16,70.37
210901005,326.0,238.0,573,9.0,56.89,41.54
210901006,235.0,331.0,569,3.0,41.3,58.17
210901007,62.0,133.0,195,0.0,31.79,68.21
210901008,102.0,121.0,224,1.0,45.54,54.02
210901009,96.0,243.0,342,3.0,28.07,71.05
210901010,44.0,76.0,122,2.0,36.07,62.3
210902001,132.0,230.0,366,4.0,36.07,62.84
210902002,169.0,253.0,430,8.0,39.3,58.84
210902003,78.0,114.0,195,3.0,40.0,58.46
210902004,202.0,373.0,585,10.0,34.53,63.76
210902005,357.0,363.0,737,17.0,48.44,49.25
210903001,261.0,324.0,590,5.0,44.24,54.92
210903002,165.0,271.0,442,6.0,37.33,61.31
210903003,202.0,462.0,673,9.0,30.01,68.65
210903004,197.0,549.0,765,19.0,25.75,71.76
210903005,121.0,192.0,318,5.0,38.05,60.38
210904001,450.0,1563.0,2049,36.0,21.96,76.28
210904002,84.0,338.0,426,4.0,19.72,79.34
210904003,84.0,166.0,253,3.0,33.2,65.61
210904004,98.0,251.0,358,9.0,27.37,70.11
210904005,400.0,1031.0,1466,35.0,27.29,70.33
210904006,246.0,906.0,1166,14.0,21.1,77.7
210904007,314.0,660.0,993,19.0,31.62,66.47
210904010,209.0,328.0,551,14.0,37.93,59.53
210904011,319.0,499.0,834,16.0,38.25,59.83
210904012,161.0,207.0,376,8.0,42.82,55.05
210904013,60.0,276.0,339,3.0,17.7,81.42
210905001,472.0,971.0,1474,31.0,32.02,65.88
210905003,83.0,70.0,154,1.0,53.9,45.45
210905004,162.0,91.0,256,3.0,63.28,35.55
210905005,144.0,79.0,228,5.0,63.16,34.65
210906001,542.0,921.0,1483,20.0,36.55,62.1
210906002,321.0,374.0,704,9.0,45.6,53.12
210906003,85.0,83.0,173,5.0,49.13,47.98
210906005,132.0,156.0,292,4.0,45.21,53.42
211002001,379.0,1309.0,1691,3.0,22.41,77.41
211002002,516.0,362.0,880,2.0,58.64,41.14
211003001,694.0,2371.0,3079,14.0,22.54,77.01
211003002,106.0,474.0,582,2.0,18.21,81.44
211004001,93.0,442.0,539,4.0,17.25,82.0
211004002,394.0,1243.0,1647,10.0,23.92,75.47
211004003,157.0,442.0,602,3.0,26.08,73.42
211005001,197.0,1227.0,1427,3.0,13.81,85.98
211005002,302.0,1217.0,1528,9.0,19.76,79.65
211005003,213.0,1209.0,1426,4.0,14.94,84.78
211005004,125.0,535.0,662,2.0,18.88,80.82
211005005,124.0,719.0,845,2.0,14.67,85.09
211005006,196.0,1159.0,1358,3.0,14.43,85.35
211005007,273.0,1405.0,1687,9.0,16.18,83.28
211005008,149.0,646.0,801,6.0,18.6,80.65
211005009,272.0,856.0,1132,4.0,24.03,75.62
211005010,80.0,119.0,204,5.0,39.22,58.33
211101001,224.0,474.0,713,15.0,31.42,66.48
211101002,118.0,267.0,395,10.0,29.87,67.59
211102002,297.0,1611.0,1969,61.0,15.08,81.82
211102003,162.0,876.0,1049,11.0,15.44,83.51
211102004,162.0,1219.0,1398,17.0,11.59,87.2
211102005,313.0,1549.0,1900,38.0,16.47,81.53
211102006,405.0,1374.0,1819,40.0,22.26,75.54
211102007,272.0,919.0,1228,37.0,22.15,74.84
211102011,224.0,954.0,1197,19.0,18.71,79.7
211102012,400.0,1313.0,1735,22.0,23.05,75.68
211102013,386.0,1683.0,2110,41.0,18.29,79.76
211102014,170.0,734.0,915,11.0,18.58,80.22
211102015,245.0,1208.0,1472,19.0,16.64,82.07
211102016,649.0,2081.0,2795,65.0,23.22,74.45
211102017,184.0,746.0,949,19.0,19.39,78.61
211102020,502.0,2407.0,2961,52.0,16.95,81.29
211102021,166.0,513.0,694,15.0,23.92,73.92
211102022,165.0,883.0,1068,20.0,15.45,82.68
211102023,104.0,432.0,545,9.0,19.08,79.27
211103002,272.0,1211.0,1512,29.0,17.99,80.09
211103003,192.0,918.0,1127,17.0,17.04,81.46
211103004,277.0,1061.0,1357,19.0,20.41,78.19
211103006,148.0,832.0,994,14.0,14.89,83.7
211103007,183.0,632.0,833,18.0,21.97,75.87
211103015,367.0,1086.0,1513,60.0,24.26,71.78
211103017,48.0,122.0,173,3.0,27.75,70.52
211104001,254.0,1094.0,1369,21.0,18.55,79.91
211104002,148.0,559.0,720,13.0,20.56,77.64
211104003,126.0,449.0,587,12.0,21.47,76.49
211105001,113.0,472.0,596,11.0,18.96,79.19
211105002,263.0,1417.0,1716,36.0,15.33,82.58
211105003,608.0,2112.0,2791,71.0,21.78,75.67
211105004,246.0,1086.0,1359,27.0,18.1,79.91
211105005,341.0,1429.0,1808,38.0,18.86,79.04
211105006,227.0,1025.0,1271,19.0,17.86,80.65
211105007,181.0,565.0,762,16.0,23.75,74.15
211105008,353.0,571.0,954,30.0,37.0,59.85
211105009,403.0,1177.0,1635,55.0,24.65,71.99
211105010,150.0,167.0,325,8.0,46.15,51.38
211105011,105.0,136.0,251,10.0,41.83,54.18
211105014,80.0,80.0,166,6.0,48.19,48.19
211106001,328.0,977.0,1333,28.0,24.61,73.29
211106002,93.0,313.0,420,14.0,22.14,74.52
211106003,274.0,660.0,958,24.0,28.6,68.89
211106004,222.0,641.0,883,20.0,25.14,72.59
211106008,1557.0,2691.0,4354,106.0,35.76,61.81
211106012,182.0,226.0,419,11.0,43.44,53.94
211106013,157.0,169.0,336,10.0,46.73,50.3
211201001,94.0,315.0,418,9.0,22.49,75.36
211201003,132.0,268.0,404,4.0,32.67,66.34
211201004,750.0,2573.0,3381,58.0,22.18,76.1
211201005,135.0,300.0,435,0.0,31.03,68.97
211201007,79.0,238.0,321,4.0,24.61,74.14
211201008,136.0,90.0,236,10.0,57.63,38.14
211202001,793.0,2202.0,3019,24.0,26.27,72.94
211202002,399.0,838.0,1242,5.0,32.13,67.47
211202003,163.0,384.0,553,6.0,29.48,69.44
211202005,66.0,124.0,190,0.0,34.74,65.26
211202006,252.0,262.0,516,2.0,48.84,50.78
211202008,39.0,51.0,92,2.0,42.39,55.43
211202011,463.0,712.0,1181,6.0,39.2,60.29
211202012,195.0,203.0,400,2.0,48.75,50.75
211202014,281.0,191.0,478,6.0,58.79,39.96
211202015,178.0,61.0,239,0.0,74.48,25.52
211302001,471.0,999.0,1472,2.0,32.0,67.87
211302002,464.0,427.0,894,3.0,51.9,47.76
211302003,114.0,392.0,507,1.0,22.49,77.32
211302004,99.0,205.0,304,0.0,32.57,67.43
211302005,83.0,184.0,270,3.0,30.74,68.15
211302007,225.0,117.0,342,0.0,65.79,34.21
211303001,178.0,1452.0,1641,11.0,10.85,88.48
211303002,562.0,1766.0,2350,22.0,23.91,75.15
211303003,283.0,1246.0,1538,9.0,18.4,81.01
211303004,355.0,779.0,1143,9.0,31.06,68.15
211303005,593.0,1993.0,2611,25.0,22.71,76.33
211303006,136.0,988.0,1136,12.0,11.97,86.97
211303007,377.0,2155.0,2547,15.0,14.8,84.61
211303008,131.0,1293.0,1439,15.0,9.1,89.85
211303009,160.0,857.0,1042,25.0,15.36,82.25
211303010,420.0,1024.0,1455,11.0,28.87,70.38
211303011,122.0,520.0,647,5.0,18.86,80.37
211303013,214.0,711.0,933,8.0,22.94,76.21
211303014,140.0,212.0,355,3.0,39.44,59.72
211303015,161.0,775.0,944,8.0,17.06,82.1
211303017,132.0,381.0,518,5.0,25.48,73.55
211303018,221.0,641.0,873,11.0,25.32,73.42
211303028,275.0,129.0,407,3.0,67.57,31.7
211303029,138.0,99.0,237,0.0,58.23,41.77
211303030,132.0,78.0,211,1.0,62.56,36.97
211303033,131.0,68.0,199,0.0,65.83,34.17
211303034,103.0,64.0,167,0.0,61.68,38.32
211401001,366.0,1181.0,1574,27.0,23.25,75.03
211401002,187.0,634.0,833,12.0,22.45,76.11
211401003,143.0,517.0,674,14.0,21.22,76.71
211401004,378.0,1041.0,1454,35.0,26.0,71.6
211401005,226.0,539.0,781,16.0,28.94,69.01
211401006,287.0,896.0,1199,16.0,23.94,74.73
211401007,53.0,281.0,339,5.0,15.63,82.89
211401008,229.0,971.0,1216,16.0,18.83,79.85
211401010,269.0,906.0,1201,26.0,22.4,75.44
211401011,253.0,952.0,1230,25.0,20.57,77.4
211401012,197.0,762.0,980,21.0,20.1,77.76
211401013,147.0,589.0,748,12.0,19.65,78.74
211401015,105.0,383.0,495,7.0,21.21,77.37
211402002,278.0,800.0,1092,14.0,25.46,73.26
211402005,266.0,597.0,880,17.0,30.23,67.84
211402008,406.0,964.0,1398,28.0,29.04,68.96
211402015,67.0,110.0,180,3.0,37.22,61.11
211402016,178.0,326.0,513,9.0,34.7,63.55
211402018,139.0,189.0,335,7.0,41.49,56.42
211402019,175.0,206.0,388,7.0,45.1,53.09
211403001,136.0,332.0,478,10.0,28.45,69.46
211403002,112.0,242.0,366,12.0,30.6,66.12
211403003,165.0,392.0,566,9.0,29.15,69.26
211403020,251.0,158.0,418,9.0,60.05,37.8
211403021,110.0,300.0,417,7.0,26.38,71.94
211404001,234.0,537.0,782,11.0,29.92,68.67
211404002,333.0,957.0,1315,25.0,25.32,72.78
211404003,306.0,1078.0,1411,27.0,21.69,76.4
211404008,200.0,903.0,1119,16.0,17.87,80.7
211404010,149.0,487.0,644,8.0,23.14,75.62
211404013,115.0,443.0,569,11.0,20.21,77.86
211405001,124.0,330.0,464,10.0,26.72,71.12
211405003,255.0,376.0,637,6.0,40.03,59.03
211405004,151.0,324.0,480,5.0,31.46,67.5
211406001,71.0,356.0,432,5.0,16.44,82.41
211406002,129.0,608.0,746,9.0,17.29,81.5
211406003,147.0,609.0,768,12.0,19.14,79.3
211406005,242.0,660.0,909,7.0,26.62,72.61
211406006,158.0,522.0,692,12.0,22.83,75.43
211406009,228.0,556.0,793,9.0,28.75,70.11
211406010,267.0,1061.0,1351,23.0,19.76,78.53
211406011,183.0,382.0,570,5.0,32.11,67.02
211406012,145.0,655.0,808,8.0,17.95,81.06
211407001,128.0,285.0,421,8.0,30.4,67.7
211408001,392.0,1202.0,1624,30.0,24.14,74.01
211408002,164.0,290.0,456,2.0,35.96,63.6
211408006,217.0,305.0,536,14.0,40.49,56.9
211408007,237.0,552.0,804,15.0,29.48,68.66
211408008,435.0,1254.0,1721,32.0,25.28,72.86
211408010,464.0,557.0,1032,11.0,44.96,53.97
211408011,129.0,165.0,296,2.0,43.58,55.74
211408012,202.0,180.0,388,6.0,52.06,46.39
211409002,262.0,280.0,546,4.0,47.99,51.28
211409004,133.0,214.0,352,5.0,37.78,60.8
211409005,45.0,120.0,168,3.0,26.79,71.43
211409006,96.0,312.0,419,11.0,22.91,74.46
211409009,71.0,133.0,206,2.0,34.47,64.56
211409010,155.0,201.0,366,10.0,42.35,54.92
211409012,226.0,318.0,548,4.0,41.24,58.03
211501002,245.0,602.0,857,10.0,28.59,70.25
211501003,235.0,858.0,1114,21.0,21.1,77.02
211501004,291.0,1137.0,1458,30.0,19.96,77.98
211501005,284.0,898.0,1210,28.0,23.47,74.21
211501006,191.0,422.0,631,18.0,30.27,66.88
211501007,195.0,307.0,508,6.0,38.39,60.43
211501008,268.0,212.0,491,11.0,54.58,43.18
211502001,208.0,782.0,1021,31.0,20.37,76.59
211502003,113.0,320.0,442,9.0,25.57,72.4
211502004,254.0,1240.0,1507,13.0,16.85,82.28
211502006,315.0,1007.0,1359,37.0,23.18,74.1
211502007,341.0,1002.0,1370,27.0,24.89,73.14
211502010,61.0,169.0,231,1.0,26.41,73.16
211502011,283.0,377.0,673,13.0,42.05,56.02
211502012,118.0,201.0,327,8.0,36.09,61.47
211502013,395.0,1275.0,1697,27.0,23.28,75.13
211502014,171.0,480.0,655,4.0,26.11,73.28
211502015,174.0,314.0,499,11.0,34.87,62.93
211502017,389.0,551.0,960,20.0,40.52,57.4
211502020,105.0,106.0,216,5.0,48.61,49.07
211503004,323.0,1509.0,1867,35.0,17.3,80.82
211503005,220.0,530.0,771,21.0,28.53,68.74
211503006,202.0,246.0,456,8.0,44.3,53.95
211503007,190.0,142.0,337,5.0,56.38,42.14
211601001,272.0,708.0,987,7.0,27.56,71.73
211601002,281.0,776.0,1065,8.0,26.38,72.86
211601003,287.0,207.0,498,4.0,57.63,41.57
211601004,141.0,276.0,422,5.0,33.41,65.4
211601007,269.0,292.0,564,3.0,47.7,51.77
211602005,850.0,3560.0,4467,57.0,19.03,79.7
211603001,151.0,407.0,561,3.0,26.92,72.55
211603002,122.0,174.0,299,3.0,40.8,58.19
211603003,30.0,51.0,81,0.0,37.04,62.96
211603004,137.0,386.0,527,4.0,26.0,73.24
211604001,518.0,728.0,1254,8.0,41.31,58.05
211604002,515.0,1152.0,1693,26.0,30.42,68.04
211801001,490.0,1830.0,2343,23.0,20.91,78.1
211801002,302.0,831.0,1152,19.0,26.22,72.14
211801003,368.0,655.0,1039,16.0,35.42,63.04
211801004,367.0,1015.0,1399,17.0,26.23,72.55
211801006,114.0,272.0,389,3.0,29.31,69.92
211801012,182.0,208.0,394,4.0,46.19,52.79
211801013,104.0,224.0,335,7.0,31.04,66.87
211801014,286.0,252.0,543,5.0,52.67,46.41
211801015,336.0,343.0,689,10.0,48.77,49.78
211801017,309.0,170.0,486,7.0,63.58,34.98
211801019,132.0,224.0,364,8.0,36.26,61.54
211801020,207.0,247.0,456,2.0,45.39,54.17
211801021,411.0,564.0,993,18.0,41.39,56.8
211801022,216.0,275.0,505,14.0,42.77,54.46
211802001,335.0,1543.0,1901,23.0,17.62,81.17
211802002,64.0,364.0,433,5.0,14.78,84.06
211802003,355.0,1228.0,1598,15.0,22.22,76.85
211802005,353.0,1346.0,1734,35.0,20.36,77.62
211802007,218.0,517.0,745,10.0,29.26,69.4
211802010,226.0,1206.0,1455,23.0,15.53,82.89
211802011,242.0,775.0,1029,12.0,23.52,75.32
211802012,202.0,1098.0,1321,21.0,15.29,83.12
211802013,306.0,873.0,1211,32.0,25.27,72.09
211802014,318.0,1719.0,2067,30.0,15.38,83.16
211802016,155.0,512.0,676,9.0,22.93,75.74
211802017,373.0,1109.0,1512,30.0,24.67,73.35
211802018,130.0,478.0,616,8.0,21.1,77.6
211802019,239.0,494.0,748,15.0,31.95,66.04
211802020,232.0,538.0,785,15.0,29.55,68.54
211802023,115.0,454.0,575,6.0,20.0,78.96
211802024,220.0,549.0,782,13.0,28.13,70.2
211802026,170.0,772.0,950,8.0,17.89,81.26
211802027,337.0,1085.0,1441,19.0,23.39,75.29
211803002,314.0,1615.0,1950,21.0,16.1,82.82
211803006,190.0,1827.0,2039,22.0,9.32,89.6
211803007,337.0,1484.0,1847,26.0,18.25,80.35
211803008,652.0,1849.0,2545,44.0,25.62,72.65
211803009,323.0,1011.0,1353,19.0,23.87,74.72
211803010,281.0,893.0,1194,20.0,23.53,74.79
211803011,247.0,1090.0,1352,15.0,18.27,80.62
211803012,215.0,930.0,1159,14.0,18.55,80.24
211803013,208.0,1141.0,1371,22.0,15.17,83.22
211803014,249.0,967.0,1234,18.0,20.18,78.36
211803015,182.0,512.0,717,23.0,25.38,71.41
211803017,662.0,2097.0,2792,33.0,23.71,75.11
211803018,253.0,1242.0,1507,12.0,16.79,82.42
211803019,292.0,1023.0,1328,13.0,21.99,77.03
211803020,205.0,899.0,1112,8.0,18.44,80.85
211803021,340.0,1347.0,1710,23.0,19.88,78.77
211803022,559.0,1379.0,1967,29.0,28.42,70.11
211803023,77.0,281.0,363,5.0,21.21,77.41
211803024,116.0,446.0,574,12.0,20.21,77.7
211803025,378.0,861.0,1258,19.0,30.05,68.44
211803026,88.0,255.0,349,6.0,25.21,73.07
211803027,247.0,665.0,925,13.0,26.7,71.89
211803028,150.0,380.0,543,13.0,27.62,69.98
211803030,208.0,467.0,690,15.0,30.14,67.68
211803031,149.0,311.0,471,11.0,31.63,66.03
211803032,110.0,171.0,286,5.0,38.46,59.79
211803033,378.0,1711.0,2112,23.0,17.9,81.01
211803034,362.0,994.0,1377,21.0,26.29,72.19
211803035,135.0,145.0,284,4.0,47.54,51.06
211803036,171.0,130.0,302,1.0,56.62,43.05
211804001,462.0,1483.0,1982,37.0,23.31,74.82
211804002,288.0,856.0,1158,14.0,24.87,73.92
211804004,374.0,1051.0,1440,15.0,25.97,72.99
211804005,120.0,290.0,415,5.0,28.92,69.88
211804006,199.0,536.0,752,17.0,26.46,71.28
211804008,153.0,140.0,295,2.0,51.86,47.46
211804009,400.0,526.0,946,20.0,42.28,55.6
211805001,530.0,1995.0,2578,53.0,20.56,77.39
211805006,77.0,219.0,305,9.0,25.25,71.8
211805007,147.0,497.0,650,6.0,22.62,76.46
211805008,356.0,743.0,1120,21.0,31.79,66.34
211805009,443.0,1787.0,2263,33.0,19.58,78.97
211805010,376.0,1343.0,1763,44.0,21.33,76.18
211805011,563.0,1691.0,2303,49.0,24.45,73.43
211805012,591.0,1964.0,2614,59.0,22.61,75.13
211805013,296.0,1004.0,1315,15.0,22.51,76.35
211805015,291.0,955.0,1261,15.0,23.08,75.73
211805016,391.0,867.0,1280,22.0,30.55,67.73
211805019,669.0,854.0,1547,24.0,43.24,55.2
211805020,420.0,722.0,1164,22.0,36.08,62.03
211805021,587.0,1865.0,2502,50.0,23.46,74.54
211805022,444.0,1110.0,1574,20.0,28.21,70.52
211805023,320.0,742.0,1086,24.0,29.47,68.32
211805024,247.0,678.0,942,17.0,26.22,71.97
211805029,307.0,748.0,1066,11.0,28.8,70.17
211805030,314.0,959.0,1300,27.0,24.15,73.77
211805035,108.0,198.0,308,2.0,35.06,64.29
211805036,232.0,771.0,1020,17.0,22.75,75.59
211805040,70.0,125.0,202,7.0,34.65,61.88
211805044,98.0,238.0,343,7.0,28.57,69.39
211805046,239.0,209.0,458,10.0,52.18,45.63
211805048,193.0,326.0,531,12.0,36.35,61.39
211805049,151.0,95.0,250,4.0,60.4,38.0
211805050,158.0,167.0,329,4.0,48.02,50.76
211805051,188.0,196.0,390,6.0,48.21,50.26
211806001,487.0,1355.0,1873,31.0,26.0,72.34
211806003,288.0,556.0,854,10.0,33.72,65.11
211806004,609.0,736.0,1369,24.0,44.49,53.76
211806008,133.0,397.0,533,3.0,24.95,74.48
211806009,161.0,218.0,381,2.0,42.26,57.22
211806011,96.0,310.0,412,6.0,23.3,75.24
211806012,221.0,376.0,604,7.0,36.59,62.25
211806016,206.0,119.0,327,2.0,63.0,36.39
211806018,582.0,401.0,999,16.0,58.26,40.14
211806019,145.0,104.0,258,9.0,56.2,40.31
211806020,163.0,67.0,236,6.0,69.07,28.39
211807001,365.0,1573.0,1959,21.0,18.63,80.3
211807002,221.0,883.0,1133,29.0,19.51,77.93
211807003,261.0,456.0,742,25.0,35.18,61.46
211807004,575.0,2450.0,3070,45.0,18.73,79.8
211807005,613.0,1305.0,1952,34.0,31.4,66.85
211807006,423.0,1285.0,1728,20.0,24.48,74.36
211807008,329.0,454.0,794,11.0,41.44,57.18
211807009,275.0,282.0,567,10.0,48.5,49.74
211807011,161.0,239.0,401,1.0,40.15,59.6
211901003,990.0,1629.0,2673,54.0,37.04,60.94
211901010,95.0,134.0,231,2.0,41.13,58.01
211902014,85.0,337.0,427,5.0,19.91,78.92
212001001,439.0,1646.0,2112,27.0,20.79,77.94
212001002,448.0,1446.0,1911,17.0,23.44,75.67
212001005,133.0,222.0,358,3.0,37.15,62.01
212001006,152.0,434.0,608,22.0,25.0,71.38
212001007,136.0,126.0,264,2.0,51.52,47.73
212001008,109.0,116.0,231,6.0,47.19,50.22
212001009,148.0,134.0,283,1.0,52.3,47.35
212001011,166.0,103.0,272,3.0,61.03,37.87
212001012,93.0,69.0,166,4.0,56.02,41.57
212002001,646.0,1771.0,2438,21.0,26.5,72.64
212002002,277.0,275.0,561,9.0,49.38,49.02
212002003,108.0,81.0,190,1.0,56.84,42.63
212002005,116.0,265.0,384,3.0,30.21,69.01
212003001,225.0,710.0,952,17.0,23.63,74.58
212004001,57.0,299.0,359,3.0,15.88,83.29
212004002,56.0,89.0,149,4.0,37.58,59.73
212101001,248.0,915.0,1175,12.0,21.11,77.87
212101003,189.0,308.0,510,13.0,37.06,60.39
212101005,280.0,549.0,844,15.0,33.18,65.05
212101006,341.0,794.0,1163,28.0,29.32,68.27
212101007,156.0,395.0,580,29.0,26.9,68.1
212102001,223.0,1050.0,1294,21.0,17.23,81.14
212102003,229.0,626.0,864,9.0,26.5,72.45
212102005,289.0,900.0,1206,17.0,23.96,74.63
212102006,253.0,294.0,563,16.0,44.94,52.22
212102008,117.0,118.0,247,12.0,47.37,47.77
212103001,103.0,353.0,468,12.0,22.01,75.43
212103002,289.0,631.0,941,21.0,30.71,67.06
212103003,156.0,244.0,404,4.0,38.61,60.4
220101001,411.0,536.0,968,21.0,42.46,55.37
220101002,166.0,236.0,418,16.0,39.71,56.46
220101004,236.0,551.0,811,24.0,29.1,67.94
220101005,116.0,254.0,381,11.0,30.45,66.67
220101007,110.0,295.0,414,9.0,26.57,71.26
220101008,424.0,913.0,1371,34.0,30.93,66.59
220101010,170.0,371.0,551,10.0,30.85,67.33
220101011,299.0,717.0,1047,31.0,28.56,68.48
220101014,155.0,138.0,298,5.0,52.01,46.31
220101015,190.0,357.0,561,14.0,33.87,63.64
220101016,121.0,268.0,403,14.0,30.02,66.5
220101017,132.0,167.0,302,3.0,43.71,55.3
220101018,294.0,456.0,774,24.0,37.98,58.91
220101020,163.0,300.0,469,6.0,34.75,63.97
220101021,130.0,157.0,295,8.0,44.07,53.22
220101022,201.0,250.0,456,5.0,44.08,54.82
220102001,431.0,774.0,1246,41.0,34.59,62.12
220102002,368.0,959.0,1360,33.0,27.06,70.51
220102003,483.0,1045.0,1573,45.0,30.71,66.43
220102005,303.0,759.0,1092,30.0,27.75,69.51
220102006,359.0,715.0,1095,21.0,32.79,65.3
220102007,75.0,209.0,288,4.0,26.04,72.57
220102008,549.0,1096.0,1692,47.0,32.45,64.78
220102009,305.0,555.0,879,19.0,34.7,63.14
220102010,149.0,226.0,388,13.0,38.4,58.25
220102011,179.0,223.0,412,10.0,43.45,54.13
220102012,344.0,425.0,811,42.0,42.42,52.4
220102013,135.0,314.0,461,12.0,29.28,68.11
220102014,426.0,1031.0,1497,40.0,28.46,68.87
220102015,181.0,223.0,423,19.0,42.79,52.72
220102016,221.0,362.0,598,15.0,36.96,60.54
220102018,209.0,447.0,672,16.0,31.1,66.52
220102019,230.0,424.0,679,25.0,33.87,62.44
220102020,264.0,432.0,711,15.0,37.13,60.76
220102023,244.0,373.0,625,8.0,39.04,59.68
220102024,180.0,225.0,414,9.0,43.48,54.35
220102026,368.0,438.0,830,24.0,44.34,52.77
220102027,161.0,328.0,506,17.0,31.82,64.82
220102028,176.0,185.0,372,11.0,47.31,49.73
220102030,223.0,276.0,516,17.0,43.22,53.49
220102032,266.0,313.0,594,15.0,44.78,52.69
220102037,272.0,340.0,631,19.0,43.11,53.88
220102038,211.0,243.0,469,15.0,44.99,51.81
220102039,167.0,245.0,430,18.0,38.84,56.98
220103001,222.0,242.0,469,5.0,47.33,51.6
220103003,167.0,95.0,274,12.0,60.95,34.67
220103004,240.0,277.0,524,7.0,45.8,52.86
220103005,129.0,148.0,282,5.0,45.74,52.48
220103006,163.0,164.0,336,9.0,48.51,48.81
220103007,94.0,116.0,215,5.0,43.72,53.95
220103008,156.0,174.0,336,6.0,46.43,51.79
220103009,360.0,171.0,541,10.0,66.54,31.61
220103017,163.0,249.0,424,12.0,38.44,58.73
220103020,276.0,307.0,613,30.0,45.02,50.08
220103023,352.0,317.0,689,20.0,51.09,46.01
220104001,151.0,209.0,370,10.0,40.81,56.49
220104002,139.0,142.0,284,3.0,48.94,50.0
220104003,242.0,165.0,409,2.0,59.17,40.34
220104006,203.0,194.0,402,5.0,50.5,48.26
220104011,168.0,100.0,278,10.0,60.43,35.97
220104012,72.0,89.0,163,2.0,44.17,54.6
220104013,240.0,163.0,409,6.0,58.68,39.85
220104015,149.0,95.0,250,6.0,59.6,38.0
220104017,188.0,79.0,270,3.0,69.63,29.26
230101001,238.0,644.0,901,19.0,26.42,71.48
230101002,206.0,607.0,819,6.0,25.15,74.11
230101012,78.0,77.0,155,0.0,50.32,49.68
230102001,146.0,349.0,515,20.0,28.35,67.77
230102002,189.0,173.0,370,8.0,51.08,46.76
230102003,130.0,139.0,272,3.0,47.79,51.1
230102004,110.0,114.0,229,5.0,48.03,49.78
230102005,81.0,107.0,189,1.0,42.86,56.61
230102006,532.0,211.0,747,4.0,71.22,28.25
230102008,142.0,227.0,383,14.0,37.08,59.27
230102009,113.0,183.0,306,10.0,36.93,59.8
230102011,86.0,10.0,97,1.0,88.66,10.31
230102012,68.0,29.0,97,0.0,70.1,29.9
230102013,56.0,34.0,98,8.0,57.14,34.69
230102014,121.0,47.0,168,0.0,72.02,27.98
230102015,37.0,22.0,61,2.0,60.66,36.07
230103001,438.0,850.0,1325,37.0,33.06,64.15
230103002,230.0,372.0,617,15.0,37.28,60.29
230103003,270.0,319.0,606,17.0,44.55,52.64
230103005,127.0,41.0,170,2.0,74.71,24.12
230103007,53.0,47.0,104,4.0,50.96,45.19
230103013,150.0,217.0,373,6.0,40.21,58.18
230103014,60.0,85.0,153,8.0,39.22,55.56
230103016,189.0,342.0,551,20.0,34.3,62.07
230103017,174.0,174.0,356,8.0,48.88,48.88
230103019,88.0,41.0,133,4.0,66.17,30.83
230103020,251.0,248.0,512,13.0,49.02,48.44
230103021,176.0,63.0,244,5.0,72.13,25.82
230103023,80.0,24.0,106,2.0,75.47,22.64
230103027,125.0,187.0,317,5.0,39.43,58.99
230103029,88.0,57.0,145,0.0,60.69,39.31
230104001,293.0,863.0,1183,27.0,24.77,72.95
230104002,100.0,231.0,341,10.0,29.33,67.74
230104004,125.0,380.0,515,10.0,24.27,73.79
230104005,198.0,492.0,714,24.0,27.73,68.91
230104007,203.0,244.0,461,14.0,44.03,52.93
230104008,139.0,92.0,243,12.0,57.2,37.86
230104009,95.0,66.0,164,3.0,57.93,40.24
230104010,117.0,164.0,287,6.0,40.77,57.14
230104011,212.0,315.0,541,14.0,39.19,58.23
230104012,86.0,65.0,152,1.0,56.58,42.76
230104013,105.0,409.0,523,9.0,20.08,78.2
230104015,132.0,39.0,176,5.0,75.0,22.16
230104019,128.0,215.0,353,10.0,36.26,60.91
230104021,195.0,363.0,567,9.0,34.39,64.02
230104024,65.0,36.0,103,2.0,63.11,34.95
230104026,65.0,49.0,114,0.0,57.02,42.98
230105001,168.0,383.0,565,14.0,29.73,67.79
230105002,351.0,874.0,1249,24.0,28.1,69.98
230105003,276.0,536.0,844,32.0,32.7,63.51
230105004,210.0,557.0,790,23.0,26.58,70.51
230105005,303.0,828.0,1163,32.0,26.05,71.2
230105006,232.0,329.0,588,27.0,39.46,55.95
230105012,171.0,254.0,435,10.0,39.31,58.39
230105015,190.0,113.0,310,7.0,61.29,36.45
230105016,162.0,108.0,277,7.0,58.48,38.99
230106001,272.0,806.0,1106,28.0,24.59,72.88
230106002,279.0,709.0,1010,22.0,27.62,70.2
230106004,139.0,311.0,462,12.0,30.09,67.32
230106006,227.0,572.0,821,22.0,27.65,69.67
230106007,108.0,286.0,402,8.0,26.87,71.14
230106009,80.0,219.0,301,2.0,26.58,72.76
230106010,100.0,141.0,247,6.0,40.49,57.09
230106011,61.0,45.0,109,3.0,55.96,41.28
230106013,205.0,196.0,414,13.0,49.52,47.34
230107001,157.0,347.0,511,7.0,30.72,67.91
230107003,375.0,1004.0,1422,43.0,26.37,70.6
230107005,270.0,18.0,291,3.0,92.78,6.19
230107006,158.0,298.0,466,10.0,33.91,63.95
230107008,97.0,287.0,395,11.0,24.56,72.66
230107009,319.0,332.0,669,18.0,47.68,49.63
230107011,119.0,125.0,254,10.0,46.85,49.21
230107012,132.0,122.0,263,9.0,50.19,46.39
230107013,102.0,103.0,212,7.0,48.11,48.58
230108001,129.0,290.0,428,9.0,30.14,67.76
230108002,163.0,287.0,464,14.0,35.13,61.85
230108006,230.0,14.0,250,6.0,92.0,5.6
230108007,102.0,213.0,322,7.0,31.68,66.15
230108008,277.0,300.0,604,27.0,45.86,49.67
230108009,215.0,428.0,657,14.0,32.72,65.14
230108010,147.0,204.0,363,12.0,40.5,56.2
230108012,56.0,35.0,91,0.0,61.54,38.46
230108013,58.0,78.0,140,4.0,41.43,55.71
230108014,51.0,72.0,129,6.0,39.53,55.81
230108015,77.0,37.0,116,2.0,66.38,31.9
230108018,188.0,25.0,219,6.0,85.84,11.42
230201001,968.0,196.0,1166,2.0,83.02,16.81
230201002,125.0,64.0,189,0.0,66.14,33.86
230201004,215.0,8.0,223,0.0,96.41,3.59
230202001,313.0,96.0,414,5.0,75.6,23.19
230202002,282.0,57.0,342,3.0,82.46,16.67
230202003,254.0,25.0,302,23.0,84.11,8.28
230202006,138.0,40.0,178,0.0,77.53,22.47
230301001,460.0,202.0,662,0.0,69.49,30.51
230301003,258.0,115.0,373,0.0,69.17,30.83
230302002,138.0,55.0,197,4.0,70.05,27.92
230304001,619.0,78.0,704,7.0,87.93,11.08
230304006,470.0,69.0,539,0.0,87.2,12.8
230304007,76.0,67.0,143,0.0,53.15,46.85
230306004,74.0,93.0,168,1.0,44.05,55.36
230306005,77.0,51.0,130,2.0,59.23,39.23
230401001,450.0,501.0,997,46.0,45.14,50.25
230401002,132.0,115.0,254,7.0,51.97,45.28
230401004,91.0,116.0,208,1.0,43.75,55.77
230401005,54.0,42.0,102,6.0,52.94,41.18
230401006,117.0,180.0,303,6.0,38.61,59.41
230401007,136.0,106.0,245,3.0,55.51,43.27
230401008,74.0,41.0,124,9.0,59.68,33.06
230402004,233.0,167.0,420,20.0,55.48,39.76
230402005,52.0,9.0,61,0.0,85.25,14.75
230402007,43.0,47.0,96,6.0,44.79,48.96
230403004,360.0,239.0,628,29.0,57.32,38.06
230403005,66.0,20.0,88,2.0,75.0,22.73
230403007,91.0,20.0,113,2.0,80.53,17.7
230404001,384.0,472.0,881,25.0,43.59,53.58
230404002,159.0,261.0,443,23.0,35.89,58.92
230404004,584.0,707.0,1332,41.0,43.84,53.08
230404005,470.0,662.0,1169,37.0,40.21,56.63
230404010,402.0,518.0,963,43.0,41.74,53.79
230404012,135.0,80.0,227,12.0,59.47,35.24
230404014,61.0,54.0,120,5.0,50.83,45.0
230404015,220.0,40.0,263,3.0,83.65,15.21
230404016,42.0,19.0,63,2.0,66.67,30.16
240101002,748.0,1375.0,2197,74.0,34.05,62.59
240101003,350.0,726.0,1102,26.0,31.76,65.88
240101005,505.0,1640.0,2192,47.0,23.04,74.82
240101006,278.0,590.0,910,42.0,30.55,64.84
240101007,134.0,744.0,897,19.0,14.94,82.94
240101009,425.0,1197.0,1679,57.0,25.31,71.29
240101010,529.0,1165.0,1753,59.0,30.18,66.46
240101011,557.0,1436.0,2050,57.0,27.17,70.05
240101012,285.0,2175.0,2501,41.0,11.4,86.97
240101013,302.0,693.0,1029,34.0,29.35,67.35
240101014,185.0,417.0,623,21.0,29.7,66.93
240101015,515.0,990.0,1540,35.0,33.44,64.29
240101016,162.0,322.0,497,13.0,32.6,64.79
240101017,143.0,409.0,564,12.0,25.35,72.52
240101019,309.0,394.0,720,17.0,42.92,54.72
240101020,206.0,260.0,483,17.0,42.65,53.83
240101021,294.0,269.0,584,21.0,50.34,46.06
240101022,490.0,392.0,905,23.0,54.14,43.31
240102001,469.0,763.0,1283,51.0,36.55,59.47
240102003,451.0,729.0,1226,46.0,36.79,59.46
240102005,518.0,1224.0,1781,39.0,29.08,68.73
240102006,634.0,641.0,1322,47.0,47.96,48.49
240102007,263.0,151.0,439,25.0,59.91,34.4
240102009,102.0,156.0,269,11.0,37.92,57.99
240102010,180.0,324.0,530,26.0,33.96,61.13
240102011,616.0,826.0,1494,52.0,41.23,55.29
240102012,208.0,311.0,546,27.0,38.1,56.96
240102013,161.0,251.0,444,32.0,36.26,56.53
240102014,330.0,448.0,826,48.0,39.95,54.24
240102015,348.0,202.0,566,16.0,61.48,35.69
240102016,49.0,69.0,123,5.0,39.84,56.1
240102017,183.0,322.0,530,25.0,34.53,60.75
240102018,170.0,228.0,423,25.0,40.19,53.9
240102019,138.0,117.0,269,14.0,51.3,43.49
240102020,290.0,365.0,677,22.0,42.84,53.91
240102024,60.0,65.0,136,11.0,44.12,47.79
240102025,389.0,376.0,786,21.0,49.49,47.84
240102026,50.0,54.0,115,11.0,43.48,46.96
240102027,57.0,114.0,179,8.0,31.84,63.69
240102028,335.0,292.0,640,13.0,52.34,45.62
240102031,262.0,236.0,520,22.0,50.38,45.38
240102033,74.0,126.0,207,7.0,35.75,60.87
240102036,34.0,45.0,89,10.0,38.2,50.56
240102037,124.0,18.0,143,1.0,86.71,12.59
240102038,51.0,39.0,94,4.0,54.26,41.49
240102039,198.0,85.0,289,6.0,68.51,29.41
240102040,40.0,75.0,123,8.0,32.52,60.98
240102041,50.0,21.0,73,2.0,68.49,28.77
240102042,153.0,111.0,274,10.0,55.84,40.51
240102043,171.0,246.0,441,24.0,38.78,55.78
240102047,296.0,119.0,427,12.0,69.32,27.87
240102049,105.0,156.0,271,10.0,38.75,57.56
240102054,140.0,53.0,198,5.0,70.71,26.77
240103002,191.0,207.0,414,16.0,46.14,50.0
240103004,378.0,545.0,960,37.0,39.38,56.77
240103005,281.0,207.0,511,23.0,54.99,40.51
240103006,309.0,290.0,623,24.0,49.6,46.55
240103008,215.0,99.0,324,10.0,66.36,30.56
240104001,785.0,1417.0,2284,82.0,34.37,62.04
240104003,177.0,374.0,567,16.0,31.22,65.96
240104004,660.0,940.0,1656,56.0,39.86,56.76
240104005,489.0,866.0,1406,51.0,34.78,61.59
240104006,332.0,912.0,1286,42.0,25.82,70.92
240104007,739.0,1539.0,2345,67.0,31.51,65.63
240104008,238.0,352.0,613,23.0,38.83,57.42
240104009,563.0,1114.0,1726,49.0,32.62,64.54
240104010,883.0,1508.0,2471,80.0,35.73,61.03
240104011,235.0,586.0,838,17.0,28.04,69.93
240104012,175.0,398.0,584,11.0,29.97,68.15
240104013,948.0,1832.0,2864,84.0,33.1,63.97
240104014,139.0,211.0,363,13.0,38.29,58.13
240104015,127.0,758.0,904,19.0,14.05,83.85
240104016,85.0,373.0,465,7.0,18.28,80.22
240104017,90.0,384.0,481,7.0,18.71,79.83
240104018,859.0,937.0,1874,78.0,45.84,50.0
240104020,572.0,735.0,1347,40.0,42.46,54.57
240104021,620.0,880.0,1554,54.0,39.9,56.63
240104023,420.0,604.0,1058,34.0,39.7,57.09
240104025,833.0,677.0,1563,53.0,53.29,43.31
240104026,189.0,192.0,403,22.0,46.9,47.64
240104027,281.0,299.0,610,30.0,46.07,49.02
240104028,258.0,251.0,530,21.0,48.68,47.36
240104029,227.0,182.0,432,23.0,52.55,42.13
240104030,314.0,651.0,996,31.0,31.53,65.36
240104032,332.0,550.0,918,36.0,36.17,59.91
240104033,149.0,208.0,371,14.0,40.16,56.06
240104034,267.0,327.0,626,32.0,42.65,52.24
240104035,137.0,185.0,331,9.0,41.39,55.89
240104036,197.0,421.0,637,19.0,30.93,66.09
240104038,189.0,249.0,448,10.0,42.19,55.58
240104039,135.0,198.0,338,5.0,39.94,58.58
240104040,196.0,167.0,371,8.0,52.83,45.01
240104041,374.0,412.0,812,26.0,46.06,50.74
240104044,172.0,111.0,288,5.0,59.72,38.54
240104048,205.0,220.0,440,15.0,46.59,50.0
240104049,101.0,41.0,146,4.0,69.18,28.08
240104050,166.0,110.0,287,11.0,57.84,38.33
240105004,744.0,1895.0,2727,88.0,27.28,69.49
240105006,352.0,627.0,1013,34.0,34.75,61.9
240105007,310.0,500.0,847,37.0,36.6,59.03
240105010,157.0,277.0,446,12.0,35.2,62.11
240105011,484.0,1085.0,1631,62.0,29.68,66.52
240105013,220.0,389.0,631,22.0,34.87,61.65
240105016,211.0,396.0,626,19.0,33.71,63.26
240106009,336.0,811.0,1176,29.0,28.57,68.96
240107001,559.0,1033.0,1632,40.0,34.25,63.3
240107002,107.0,411.0,535,17.0,20.0,76.82
240107003,570.0,801.0,1407,36.0,40.51,56.93
240107005,609.0,525.0,1152,18.0,52.86,45.57
240107006,446.0,1093.0,1579,40.0,28.25,69.22
240107007,778.0,1747.0,2586,61.0,30.09,67.56
240107008,181.0,323.0,520,16.0,34.81,62.12
240107009,556.0,924.0,1517,37.0,36.65,60.91
240107011,866.0,1391.0,2316,59.0,37.39,60.06
240107012,534.0,1037.0,1618,47.0,33.0,64.09
240107013,412.0,597.0,1031,22.0,39.96,57.9
240107014,534.0,1014.0,1586,38.0,33.67,63.93
240107016,178.0,303.0,498,17.0,35.74,60.84
240107017,181.0,378.0,569,10.0,31.81,66.43
240107018,200.0,313.0,525,12.0,38.1,59.62
240107019,159.0,239.0,406,8.0,39.16,58.87
240108001,517.0,973.0,1536,46.0,33.66,63.35
240108002,480.0,1239.0,1762,43.0,27.24,70.32
240108004,400.0,836.0,1277,41.0,31.32,65.47
240108006,114.0,232.0,353,7.0,32.29,65.72
240108007,330.0,541.0,896,25.0,36.83,60.38
240108008,346.0,540.0,913,27.0,37.9,59.15
240108009,157.0,263.0,448,28.0,35.04,58.71
240108010,132.0,146.0,289,11.0,45.67,50.52
240108011,124.0,249.0,385,12.0,32.21,64.68
240108014,128.0,108.0,246,10.0,52.03,43.9
240110001,685.0,1591.0,2328,52.0,29.42,68.34
240110002,92.0,224.0,320,4.0,28.75,70.0
240110003,1379.0,1832.0,3294,83.0,41.86,55.62
240110005,346.0,788.0,1157,23.0,29.9,68.11
240110006,663.0,1868.0,2596,65.0,25.54,71.96
240110007,232.0,286.0,537,19.0,43.2,53.26
240110008,180.0,503.0,702,19.0,25.64,71.65
240110009,315.0,542.0,887,30.0,35.51,61.1
240110010,434.0,866.0,1325,25.0,32.75,65.36
240110011,545.0,522.0,1106,39.0,49.28,47.2
240110015,443.0,726.0,1217,48.0,36.4,59.65
240110016,356.0,633.0,1010,21.0,35.25,62.67
240110017,717.0,531.0,1288,40.0,55.67,41.23
240110019,123.0,73.0,205,9.0,60.0,35.61
240111002,213.0,242.0,474,19.0,44.94,51.05
240111003,558.0,1157.0,1770,55.0,31.53,65.37
240111004,444.0,1153.0,1649,52.0,26.93,69.92
240111005,501.0,924.0,1484,59.0,33.76,62.26
240111007,462.0,942.0,1456,52.0,31.73,64.7
240111010,905.0,1401.0,2390,84.0,37.87,58.62
240111011,376.0,818.0,1216,22.0,30.92,67.27
240111015,572.0,1141.0,1760,47.0,32.5,64.83
240111016,660.0,968.0,1679,51.0,39.31,57.65
240111017,522.0,870.0,1439,47.0,36.28,60.46
240111018,207.0,317.0,536,12.0,38.62,59.14
240111020,204.0,365.0,579,10.0,35.23,63.04
240111022,73.0,125.0,207,9.0,35.27,60.39
240111023,172.0,248.0,428,8.0,40.19,57.94
240111024,111.0,227.0,349,11.0,31.81,65.04
240111025,123.0,205.0,336,8.0,36.61,61.01
240111026,405.0,405.0,829,19.0,48.85,48.85
240111027,109.0,127.0,242,6.0,45.04,52.48
240111028,30.0,47.0,80,3.0,37.5,58.75
240111029,123.0,152.0,284,9.0,43.31,53.52
